reaction_index,reaction_smiles,tabulated_constant,temperature_celsius,solvent,temperature,solvent_part,reactant_smiles,product_smiles,n_reactants,n_products
0,[C:1]([CH2:2][c:4]1[n:5][cH:6][cH:7][n:8][cH:9]1)(=[O:3])[c:10]1[cH:11][cH:12][cH:13][n:14][cH:15]1>>[C:1](=[CH:2]\[c:4]1[n:5][cH:6][cH:7][n:8][cH:9]1)(\[OH:3])[c:10]1[cH:11][cH:12][cH:13][n:14][cH:15]1,-0.02,25,water,298,1.0,[C:1]([CH2:2][c:4]1[n:5][cH:6][cH:7][n:8][cH:9]1)(=[O:3])[c:10]1[cH:11][cH:12][cH:13][n:14][cH:15]1,[C:1](=[CH:2]\[c:4]1[n:5][cH:6][cH:7][n:8][cH:9]1)(\[OH:3])[c:10]1[cH:11][cH:12][cH:13][n:14][cH:15]1,1,1
1,[C:1]([CH2:2][c:4]1[n:5][cH:6][cH:7][n:8][cH:9]1)(=[O:3])[c:10]1[cH:11][cH:12][n:13][cH:14][cH:15]1>>[C:1](=[CH:2]/[c:4]1[n:5][cH:6][cH:7][n:8][cH:9]1)(\[OH:3])[c:10]1[cH:11][cH:12][n:13][cH:14][cH:15]1,-0.52,25,water,298,1.0,[C:1]([CH2:2][c:4]1[n:5][cH:6][cH:7][n:8][cH:9]1)(=[O:3])[c:10]1[cH:11][cH:12][n:13][cH:14][cH:15]1,[C:1](=[CH:2]/[c:4]1[n:5][cH:6][cH:7][n:8][cH:9]1)(\[OH:3])[c:10]1[cH:11][cH:12][n:13][cH:14][cH:15]1,1,1
2,[C:1]1(=[O:6])[CH2:2][CH2:3][CH2:4][CH2:5]1>>[C:1]1([OH:6])=[CH:2][CH2:3][CH2:4][CH2:5]1,-4.9,25,water,298,1.0,[C:1]1(=[O:6])[CH2:2][CH2:3][CH2:4][CH2:5]1,[C:1]1([OH:6])=[CH:2][CH2:3][CH2:4][CH2:5]1,1,1
3,[C:1]1(=[O:7])[CH2:2][CH2:3][CH2:4][CH2:5][CH2:6]1>>[C:1]1([OH:7])=[CH:2][CH2:3][CH2:4][CH2:5][CH2:6]1,-5.4,25,water,298,1.0,[C:1]1(=[O:7])[CH2:2][CH2:3][CH2:4][CH2:5][CH2:6]1,[C:1]1([OH:7])=[CH:2][CH2:3][CH2:4][CH2:5][CH2:6]1,1,1
4,[C:1]([CH2:2][C:5]([CH3:6])=[O:7])(=[O:3])[CH3:4]>>[C:1](/[CH:2]=[C:5](\[CH3:6])[OH:7])(=[O:3])[CH3:4],0.46,25,methanol,298,1.0,[C:1]([CH2:2][C:5]([CH3:6])=[O:7])(=[O:3])[CH3:4],[C:1](/[CH:2]=[C:5](\[CH3:6])[OH:7])(=[O:3])[CH3:4],1,1
5,[C:1]([CH2:2][C:5]([CH3:6])=[O:7])(=[O:3])[CH3:4]>>[C:1](/[CH:2]=[C:5](\[CH3:6])[OH:7])(=[O:3])[CH3:4],0.53,30,methanol,303,1.0,[C:1]([CH2:2][C:5]([CH3:6])=[O:7])(=[O:3])[CH3:4],[C:1](/[CH:2]=[C:5](\[CH3:6])[OH:7])(=[O:3])[CH3:4],1,1
6,[C:1]([CH2:2][C:5]([O:6][CH2:8][CH3:9])=[O:7])(=[O:3])[CH3:4]>>[C:1](=[CH:2]/[C:5]([O:6][CH2:8][CH3:9])=[O:7])(\[OH:3])[CH3:4],-1.16,20,methanol,293,1.0,[C:1]([CH2:2][C:5]([O:6][CH2:8][CH3:9])=[O:7])(=[O:3])[CH3:4],[C:1](=[CH:2]/[C:5]([O:6][CH2:8][CH3:9])=[O:7])(\[OH:3])[CH3:4],1,1
7,[C:1]([CH2:2][C:5]([O:6][CH2:8][CH3:9])=[O:7])(=[O:3])[CH3:4]>>[C:1](=[CH:2]/[C:5]([O:6][CH2:8][CH3:9])=[O:7])(\[OH:3])[CH3:4],-1.18,30,methanol,303,1.0,[C:1]([CH2:2][C:5]([O:6][CH2:8][CH3:9])=[O:7])(=[O:3])[CH3:4],[C:1](=[CH:2]/[C:5]([O:6][CH2:8][CH3:9])=[O:7])(\[OH:3])[CH3:4],1,1
8,[C:1]([CH2:2][C:5]([O:6][CH2:8][CH3:9])=[O:7])(=[O:3])[CH3:4]>>[C:1](=[CH:2]/[C:5]([O:6][CH2:8][CH3:9])=[O:7])(\[OH:3])[CH3:4],-1.2,40,methanol,313,1.0,[C:1]([CH2:2][C:5]([O:6][CH2:8][CH3:9])=[O:7])(=[O:3])[CH3:4],[C:1](=[CH:2]/[C:5]([O:6][CH2:8][CH3:9])=[O:7])(\[OH:3])[CH3:4],1,1
9,[C:1]([CH2:2][C:5](=[O:6])[NH:7][c:8]1[cH:9][cH:10][cH:11][cH:12][cH:13]1)(=[O:3])[CH3:4]>>[C:1](=[CH:2]/[C:5](=[O:6])[NH:7][c:8]1[cH:9][cH:10][cH:11][cH:12][cH:13]1)(\[OH:3])[CH3:4],-0.95,20,methanol,293,1.0,[C:1]([CH2:2][C:5](=[O:6])[NH:7][c:8]1[cH:9][cH:10][cH:11][cH:12][cH:13]1)(=[O:3])[CH3:4],[C:1](=[CH:2]/[C:5](=[O:6])[NH:7][c:8]1[cH:9][cH:10][cH:11][cH:12][cH:13]1)(\[OH:3])[CH3:4],1,1
10,[C:1]([CH2:2][C:5](=[O:6])[NH:7][c:8]1[c:9]([CH3:14])[cH:10][cH:11][cH:12][cH:13]1)(=[O:3])[CH3:4]>>[C:1](=[CH:2]/[C:5](=[O:6])[NH:7][c:8]1[c:9]([CH3:14])[cH:10][cH:11][cH:12][cH:13]1)(\[OH:3])[CH3:4],0.18,30,methanol,303,1.0,[C:1]([CH2:2][C:5](=[O:6])[NH:7][c:8]1[c:9]([CH3:14])[cH:10][cH:11][cH:12][cH:13]1)(=[O:3])[CH3:4],[C:1](=[CH:2]/[C:5](=[O:6])[NH:7][c:8]1[c:9]([CH3:14])[cH:10][cH:11][cH:12][cH:13]1)(\[OH:3])[CH3:4],1,1
11,[C:1]([CH2:2][C:5](=[O:6])[NH:7][c:8]1[c:9]([Cl:14])[cH:10][cH:11][cH:12][cH:13]1)(=[O:3])[CH3:4]>>[C:1](=[CH:2]/[C:5](=[O:6])[NH:7][c:8]1[c:9]([Cl:14])[cH:10][cH:11][cH:12][cH:13]1)(\[OH:3])[CH3:4],0.33,30,methanol,303,1.0,[C:1]([CH2:2][C:5](=[O:6])[NH:7][c:8]1[c:9]([Cl:14])[cH:10][cH:11][cH:12][cH:13]1)(=[O:3])[CH3:4],[C:1](=[CH:2]/[C:5](=[O:6])[NH:7][c:8]1[c:9]([Cl:14])[cH:10][cH:11][cH:12][cH:13]1)(\[OH:3])[CH3:4],1,1
12,[C:1]([CH2:2][C:5](=[O:6])[NH:7][c:8]1[c:9]([O:14][CH3:15])[cH:10][cH:11][cH:12][cH:13]1)(=[O:3])[CH3:4]>>[C:1](=[CH:2]/[C:5](=[O:6])[NH:7][c:8]1[c:9]([O:14][CH3:15])[cH:10][cH:11][cH:12][cH:13]1)(\[OH:3])[CH3:4],0.37,30,methanol,303,1.0,[C:1]([CH2:2][C:5](=[O:6])[NH:7][c:8]1[c:9]([O:14][CH3:15])[cH:10][cH:11][cH:12][cH:13]1)(=[O:3])[CH3:4],[C:1](=[CH:2]/[C:5](=[O:6])[NH:7][c:8]1[c:9]([O:14][CH3:15])[cH:10][cH:11][cH:12][cH:13]1)(\[OH:3])[CH3:4],1,1
13,[C:1]([CH2:2][C:5](=[O:6])[NH:7][c:8]1[c:9]([CH3:14])[cH:10][c:11]([CH3:15])[cH:12][cH:13]1)(=[O:3])[CH3:4]>>[C:1](=[CH:2]/[C:5](=[O:6])[NH:7][c:8]1[c:9]([CH3:14])[cH:10][c:11]([CH3:15])[cH:12][cH:13]1)(\[OH:3])[CH3:4],0.18,30,methanol,303,1.0,[C:1]([CH2:2][C:5](=[O:6])[NH:7][c:8]1[c:9]([CH3:14])[cH:10][c:11]([CH3:15])[cH:12][cH:13]1)(=[O:3])[CH3:4],[C:1](=[CH:2]/[C:5](=[O:6])[NH:7][c:8]1[c:9]([CH3:14])[cH:10][c:11]([CH3:15])[cH:12][cH:13]1)(\[OH:3])[CH3:4],1,1
14,[C:1]([CH2:2][C:5](=[O:6])[NH:7][c:8]1[cH:9][cH:10][cH:11][cH:12][cH:13]1)(=[O:3])[c:4]1[cH:14][cH:15][cH:16][cH:17][cH:18]1>>[C:1](=[CH:2]/[C:5](=[O:6])[NH:7][c:8]1[cH:9][cH:10][cH:11][cH:12][cH:13]1)(\[OH:3])[c:4]1[cH:14][cH:15][cH:16][cH:17][cH:18]1,-0.59,25,methanol,298,1.0,[C:1]([CH2:2][C:5](=[O:6])[NH:7][c:8]1[cH:9][cH:10][cH:11][cH:12][cH:13]1)(=[O:3])[c:4]1[cH:14][cH:15][cH:16][cH:17][cH:18]1,[C:1](=[CH:2]/[C:5](=[O:6])[NH:7][c:8]1[cH:9][cH:10][cH:11][cH:12][cH:13]1)(\[OH:3])[c:4]1[cH:14][cH:15][cH:16][cH:17][cH:18]1,1,1
15,[C:1]([CH2:2][C:5](=[O:6])[NH:7][c:8]1[cH:9][c:10]([CH3:19])[cH:11][cH:12][cH:13]1)(=[O:3])[c:4]1[cH:14][cH:15][cH:16][cH:17][cH:18]1>>[C:1](=[CH:2]/[C:5](=[O:6])[NH:7][c:8]1[cH:9][c:10]([CH3:19])[cH:11][cH:12][cH:13]1)(\[OH:3])[c:4]1[cH:14][cH:15][cH:16][cH:17][cH:18]1,-0.61,25,methanol,298,1.0,[C:1]([CH2:2][C:5](=[O:6])[NH:7][c:8]1[cH:9][c:10]([CH3:19])[cH:11][cH:12][cH:13]1)(=[O:3])[c:4]1[cH:14][cH:15][cH:16][cH:17][cH:18]1,[C:1](=[CH:2]/[C:5](=[O:6])[NH:7][c:8]1[cH:9][c:10]([CH3:19])[cH:11][cH:12][cH:13]1)(\[OH:3])[c:4]1[cH:14][cH:15][cH:16][cH:17][cH:18]1,1,1
16,[C:1]([CH2:2][C:5](=[O:6])[NH:7][c:8]1[cH:9][cH:10][c:11]([CH3:19])[cH:12][cH:13]1)(=[O:3])[c:4]1[cH:14][cH:15][cH:16][cH:17][cH:18]1>>[C:1](=[CH:2]/[C:5](=[O:6])[NH:7][c:8]1[cH:9][cH:10][c:11]([CH3:19])[cH:12][cH:13]1)(\[OH:3])[c:4]1[cH:14][cH:15][cH:16][cH:17][cH:18]1,-0.72,25,methanol,298,1.0,[C:1]([CH2:2][C:5](=[O:6])[NH:7][c:8]1[cH:9][cH:10][c:11]([CH3:19])[cH:12][cH:13]1)(=[O:3])[c:4]1[cH:14][cH:15][cH:16][cH:17][cH:18]1,[C:1](=[CH:2]/[C:5](=[O:6])[NH:7][c:8]1[cH:9][cH:10][c:11]([CH3:19])[cH:12][cH:13]1)(\[OH:3])[c:4]1[cH:14][cH:15][cH:16][cH:17][cH:18]1,1,1
17,[C:1]([CH2:2][C:5](=[O:6])[NH:7][c:8]1[cH:9][c:10]([Cl:19])[cH:11][cH:12][cH:13]1)(=[O:3])[c:4]1[cH:14][cH:15][cH:16][cH:17][cH:18]1>>[C:1](=[CH:2]/[C:5](=[O:6])[NH:7][c:8]1[cH:9][c:10]([Cl:19])[cH:11][cH:12][cH:13]1)(\[OH:3])[c:4]1[cH:14][cH:15][cH:16][cH:17][cH:18]1,-0.39,25,methanol,298,1.0,[C:1]([CH2:2][C:5](=[O:6])[NH:7][c:8]1[cH:9][c:10]([Cl:19])[cH:11][cH:12][cH:13]1)(=[O:3])[c:4]1[cH:14][cH:15][cH:16][cH:17][cH:18]1,[C:1](=[CH:2]/[C:5](=[O:6])[NH:7][c:8]1[cH:9][c:10]([Cl:19])[cH:11][cH:12][cH:13]1)(\[OH:3])[c:4]1[cH:14][cH:15][cH:16][cH:17][cH:18]1,1,1
18,[C:1]([CH2:2][C:5](=[O:6])[NH:7][c:8]1[cH:9][cH:10][c:11]([Cl:19])[cH:12][cH:13]1)(=[O:3])[c:4]1[cH:14][cH:15][cH:16][cH:17][cH:18]1>>[C:1](=[CH:2]/[C:5](=[O:6])[NH:7][c:8]1[cH:9][cH:10][c:11]([Cl:19])[cH:12][cH:13]1)(\[OH:3])[c:4]1[cH:14][cH:15][cH:16][cH:17][cH:18]1,-0.51,25,methanol,298,1.0,[C:1]([CH2:2][C:5](=[O:6])[NH:7][c:8]1[cH:9][cH:10][c:11]([Cl:19])[cH:12][cH:13]1)(=[O:3])[c:4]1[cH:14][cH:15][cH:16][cH:17][cH:18]1,[C:1](=[CH:2]/[C:5](=[O:6])[NH:7][c:8]1[cH:9][cH:10][c:11]([Cl:19])[cH:12][cH:13]1)(\[OH:3])[c:4]1[cH:14][cH:15][cH:16][cH:17][cH:18]1,1,1
19,[C:1]([CH2:2][C:5](=[O:6])[NH:7][c:8]1[cH:9][c:10]([Br:19])[cH:11][cH:12][cH:13]1)(=[O:3])[c:4]1[cH:14][cH:15][cH:16][cH:17][cH:18]1>>[C:1](=[CH:2]/[C:5](=[O:6])[NH:7][c:8]1[cH:9][c:10]([Br:19])[cH:11][cH:12][cH:13]1)(\[OH:3])[c:4]1[cH:14][cH:15][cH:16][cH:17][cH:18]1,-0.37,25,methanol,298,1.0,[C:1]([CH2:2][C:5](=[O:6])[NH:7][c:8]1[cH:9][c:10]([Br:19])[cH:11][cH:12][cH:13]1)(=[O:3])[c:4]1[cH:14][cH:15][cH:16][cH:17][cH:18]1,[C:1](=[CH:2]/[C:5](=[O:6])[NH:7][c:8]1[cH:9][c:10]([Br:19])[cH:11][cH:12][cH:13]1)(\[OH:3])[c:4]1[cH:14][cH:15][cH:16][cH:17][cH:18]1,1,1
20,[C:1]([CH2:2][C:5](=[O:6])[NH:7][c:8]1[cH:9][cH:10][c:11]([Br:19])[cH:12][cH:13]1)(=[O:3])[c:4]1[cH:14][cH:15][cH:16][cH:17][cH:18]1>>[C:1](=[CH:2]/[C:5](=[O:6])[NH:7][c:8]1[cH:9][cH:10][c:11]([Br:19])[cH:12][cH:13]1)(\[OH:3])[c:4]1[cH:14][cH:15][cH:16][cH:17][cH:18]1,-0.55,25,methanol,298,1.0,[C:1]([CH2:2][C:5](=[O:6])[NH:7][c:8]1[cH:9][cH:10][c:11]([Br:19])[cH:12][cH:13]1)(=[O:3])[c:4]1[cH:14][cH:15][cH:16][cH:17][cH:18]1,[C:1](=[CH:2]/[C:5](=[O:6])[NH:7][c:8]1[cH:9][cH:10][c:11]([Br:19])[cH:12][cH:13]1)(\[OH:3])[c:4]1[cH:14][cH:15][cH:16][cH:17][cH:18]1,1,1
21,[C:1]([CH2:2][C:5](=[O:6])[NH:7][c:8]1[cH:9][cH:10][c:11]([O:19][CH3:20])[cH:12][cH:13]1)(=[O:3])[c:4]1[cH:14][cH:15][cH:16][cH:17][cH:18]1>>[C:1](=[CH:2]/[C:5](=[O:6])[NH:7][c:8]1[cH:9][cH:10][c:11]([O:19][CH3:20])[cH:12][cH:13]1)(\[OH:3])[c:4]1[cH:14][cH:15][cH:16][cH:17][cH:18]1,-0.9,25,methanol,298,1.0,[C:1]([CH2:2][C:5](=[O:6])[NH:7][c:8]1[cH:9][cH:10][c:11]([O:19][CH3:20])[cH:12][cH:13]1)(=[O:3])[c:4]1[cH:14][cH:15][cH:16][cH:17][cH:18]1,[C:1](=[CH:2]/[C:5](=[O:6])[NH:7][c:8]1[cH:9][cH:10][c:11]([O:19][CH3:20])[cH:12][cH:13]1)(\[OH:3])[c:4]1[cH:14][cH:15][cH:16][cH:17][cH:18]1,1,1
22,[C:1]([CH2:2][C:5](=[O:6])[NH:7][c:8]1[cH:9][c:10]([N+:19](=[O:20])[O-:21])[cH:11][cH:12][cH:13]1)(=[O:3])[c:4]1[cH:14][cH:15][cH:16][cH:17][cH:18]1>>[C:1](=[CH:2]/[C:5](=[O:6])[NH:7][c:8]1[cH:9][c:10]([N+:19](=[O:20])[O-:21])[cH:11][cH:12][cH:13]1)(\[OH:3])[c:4]1[cH:14][cH:15][cH:16][cH:17][cH:18]1,-0.34,25,methanol,298,1.0,[C:1]([CH2:2][C:5](=[O:6])[NH:7][c:8]1[cH:9][c:10]([N+:19](=[O:20])[O-:21])[cH:11][cH:12][cH:13]1)(=[O:3])[c:4]1[cH:14][cH:15][cH:16][cH:17][cH:18]1,[C:1](=[CH:2]/[C:5](=[O:6])[NH:7][c:8]1[cH:9][c:10]([N+:19](=[O:20])[O-:21])[cH:11][cH:12][cH:13]1)(\[OH:3])[c:4]1[cH:14][cH:15][cH:16][cH:17][cH:18]1,1,1
23,[C:1]([CH2:2][C:5](=[O:6])[NH:7][c:8]1[cH:9][c:10]([N+:19](=[O:20])[O-:21])[cH:11][cH:12][cH:13]1)(=[O:3])[c:4]1[cH:14][cH:15][cH:16][cH:17][cH:18]1>>[C:1](=[CH:2]/[C:5](=[O:6])[NH:7][c:8]1[cH:9][c:10]([N+:19](=[O:20])[O-:21])[cH:11][cH:12][cH:13]1)(\[OH:3])[c:4]1[cH:14][cH:15][cH:16][cH:17][cH:18]1,0.33,30,methanol,303,1.0,[C:1]([CH2:2][C:5](=[O:6])[NH:7][c:8]1[cH:9][c:10]([N+:19](=[O:20])[O-:21])[cH:11][cH:12][cH:13]1)(=[O:3])[c:4]1[cH:14][cH:15][cH:16][cH:17][cH:18]1,[C:1](=[CH:2]/[C:5](=[O:6])[NH:7][c:8]1[cH:9][c:10]([N+:19](=[O:20])[O-:21])[cH:11][cH:12][cH:13]1)(\[OH:3])[c:4]1[cH:14][cH:15][cH:16][cH:17][cH:18]1,1,1
24,[C:1]([CH2:2][C:5](=[O:6])[NH:7][c:8]1[cH:9][cH:10][c:11]([N+:19](=[O:20])[O-:21])[cH:12][cH:13]1)(=[O:3])[c:4]1[cH:14][cH:15][cH:16][cH:17][cH:18]1>>[C:1](=[CH:2]/[C:5](=[O:6])[NH:7][c:8]1[cH:9][cH:10][c:11]([N+:19](=[O:20])[O-:21])[cH:12][cH:13]1)(\[OH:3])[c:4]1[cH:14][cH:15][cH:16][cH:17][cH:18]1,-0.29,25,methanol,298,1.0,[C:1]([CH2:2][C:5](=[O:6])[NH:7][c:8]1[cH:9][cH:10][c:11]([N+:19](=[O:20])[O-:21])[cH:12][cH:13]1)(=[O:3])[c:4]1[cH:14][cH:15][cH:16][cH:17][cH:18]1,[C:1](=[CH:2]/[C:5](=[O:6])[NH:7][c:8]1[cH:9][cH:10][c:11]([N+:19](=[O:20])[O-:21])[cH:12][cH:13]1)(\[OH:3])[c:4]1[cH:14][cH:15][cH:16][cH:17][cH:18]1,1,1
25,[C:1]([CH2:2][C:5](=[O:6])[NH:7][c:8]1[cH:9][cH:10][cH:11][cH:12][cH:13]1)(=[O:3])[c:4]1[cH:14][c:15]([CH3:19])[cH:16][cH:17][cH:18]1>>[C:1](=[CH:2]/[C:5](=[O:6])[NH:7][c:8]1[cH:9][cH:10][cH:11][cH:12][cH:13]1)(\[OH:3])[c:4]1[cH:14][c:15]([CH3:19])[cH:16][cH:17][cH:18]1,-0.68,25,methanol,298,1.0,[C:1]([CH2:2][C:5](=[O:6])[NH:7][c:8]1[cH:9][cH:10][cH:11][cH:12][cH:13]1)(=[O:3])[c:4]1[cH:14][c:15]([CH3:19])[cH:16][cH:17][cH:18]1,[C:1](=[CH:2]/[C:5](=[O:6])[NH:7][c:8]1[cH:9][cH:10][cH:11][cH:12][cH:13]1)(\[OH:3])[c:4]1[cH:14][c:15]([CH3:19])[cH:16][cH:17][cH:18]1,1,1
26,[C:1]([CH2:2][C:5](=[O:6])[NH:7][c:8]1[cH:9][cH:10][cH:11][cH:12][cH:13]1)(=[O:3])[c:4]1[cH:14][cH:15][c:16]([CH3:19])[cH:17][cH:18]1>>[C:1](=[CH:2]/[C:5](=[O:6])[NH:7][c:8]1[cH:9][cH:10][cH:11][cH:12][cH:13]1)(\[OH:3])[c:4]1[cH:14][cH:15][c:16]([CH3:19])[cH:17][cH:18]1,-0.88,25,methanol,298,1.0,[C:1]([CH2:2][C:5](=[O:6])[NH:7][c:8]1[cH:9][cH:10][cH:11][cH:12][cH:13]1)(=[O:3])[c:4]1[cH:14][cH:15][c:16]([CH3:19])[cH:17][cH:18]1,[C:1](=[CH:2]/[C:5](=[O:6])[NH:7][c:8]1[cH:9][cH:10][cH:11][cH:12][cH:13]1)(\[OH:3])[c:4]1[cH:14][cH:15][c:16]([CH3:19])[cH:17][cH:18]1,1,1
27,[C:1]([CH2:2][C:5](=[O:6])[NH:7][c:8]1[cH:9][cH:10][cH:11][cH:12][cH:13]1)(=[O:3])[c:4]1[cH:14][c:15]([Cl:19])[cH:16][cH:17][cH:18]1>>[C:1](=[CH:2]/[C:5](=[O:6])[NH:7][c:8]1[cH:9][cH:10][cH:11][cH:12][cH:13]1)(\[OH:3])[c:4]1[cH:14][c:15]([Cl:19])[cH:16][cH:17][cH:18]1,-0.3,25,methanol,298,1.0,[C:1]([CH2:2][C:5](=[O:6])[NH:7][c:8]1[cH:9][cH:10][cH:11][cH:12][cH:13]1)(=[O:3])[c:4]1[cH:14][c:15]([Cl:19])[cH:16][cH:17][cH:18]1,[C:1](=[CH:2]/[C:5](=[O:6])[NH:7][c:8]1[cH:9][cH:10][cH:11][cH:12][cH:13]1)(\[OH:3])[c:4]1[cH:14][c:15]([Cl:19])[cH:16][cH:17][cH:18]1,1,1
28,[C:1]([CH2:2][C:5](=[O:6])[NH:7][c:8]1[cH:9][cH:10][cH:11][cH:12][cH:13]1)(=[O:3])[c:4]1[cH:14][cH:15][c:16]([Cl:19])[cH:17][cH:18]1>>[C:1](=[CH:2]/[C:5](=[O:6])[NH:7][c:8]1[cH:9][cH:10][cH:11][cH:12][cH:13]1)(\[OH:3])[c:4]1[cH:14][cH:15][c:16]([Cl:19])[cH:17][cH:18]1,-0.45,25,methanol,298,1.0,[C:1]([CH2:2][C:5](=[O:6])[NH:7][c:8]1[cH:9][cH:10][cH:11][cH:12][cH:13]1)(=[O:3])[c:4]1[cH:14][cH:15][c:16]([Cl:19])[cH:17][cH:18]1,[C:1](=[CH:2]/[C:5](=[O:6])[NH:7][c:8]1[cH:9][cH:10][cH:11][cH:12][cH:13]1)(\[OH:3])[c:4]1[cH:14][cH:15][c:16]([Cl:19])[cH:17][cH:18]1,1,1
29,[C:1]([CH2:2][C:5](=[O:6])[NH:7][c:8]1[cH:9][cH:10][cH:11][cH:12][cH:13]1)(=[O:3])[c:4]1[cH:14][c:15]([Br:19])[cH:16][cH:17][cH:18]1>>[C:1](=[CH:2]/[C:5](=[O:6])[NH:7][c:8]1[cH:9][cH:10][cH:11][cH:12][cH:13]1)(\[OH:3])[c:4]1[cH:14][c:15]([Br:19])[cH:16][cH:17][cH:18]1,-0.27,25,methanol,298,1.0,[C:1]([CH2:2][C:5](=[O:6])[NH:7][c:8]1[cH:9][cH:10][cH:11][cH:12][cH:13]1)(=[O:3])[c:4]1[cH:14][c:15]([Br:19])[cH:16][cH:17][cH:18]1,[C:1](=[CH:2]/[C:5](=[O:6])[NH:7][c:8]1[cH:9][cH:10][cH:11][cH:12][cH:13]1)(\[OH:3])[c:4]1[cH:14][c:15]([Br:19])[cH:16][cH:17][cH:18]1,1,1
30,[C:1]([CH2:2][C:5](=[O:6])[NH:7][c:8]1[cH:9][cH:10][cH:11][cH:12][cH:13]1)(=[O:3])[c:4]1[cH:14][cH:15][c:16]([Br:19])[cH:17][cH:18]1>>[C:1](=[CH:2]/[C:5](=[O:6])[NH:7][c:8]1[cH:9][cH:10][cH:11][cH:12][cH:13]1)(\[OH:3])[c:4]1[cH:14][cH:15][c:16]([Br:19])[cH:17][cH:18]1,-0.49,25,methanol,298,1.0,[C:1]([CH2:2][C:5](=[O:6])[NH:7][c:8]1[cH:9][cH:10][cH:11][cH:12][cH:13]1)(=[O:3])[c:4]1[cH:14][cH:15][c:16]([Br:19])[cH:17][cH:18]1,[C:1](=[CH:2]/[C:5](=[O:6])[NH:7][c:8]1[cH:9][cH:10][cH:11][cH:12][cH:13]1)(\[OH:3])[c:4]1[cH:14][cH:15][c:16]([Br:19])[cH:17][cH:18]1,1,1
31,[C:1]([CH2:2][C:5](=[O:6])[NH:7][c:8]1[cH:9][cH:10][cH:11][cH:12][cH:13]1)(=[O:3])[c:4]1[cH:14][c:15]([O:19][CH3:20])[cH:16][cH:17][cH:18]1>>[C:1](=[CH:2]/[C:5](=[O:6])[NH:7][c:8]1[cH:9][cH:10][cH:11][cH:12][cH:13]1)(\[OH:3])[c:4]1[cH:14][c:15]([O:19][CH3:20])[cH:16][cH:17][cH:18]1,-0.65,25,methanol,298,1.0,[C:1]([CH2:2][C:5](=[O:6])[NH:7][c:8]1[cH:9][cH:10][cH:11][cH:12][cH:13]1)(=[O:3])[c:4]1[cH:14][c:15]([O:19][CH3:20])[cH:16][cH:17][cH:18]1,[C:1](=[CH:2]/[C:5](=[O:6])[NH:7][c:8]1[cH:9][cH:10][cH:11][cH:12][cH:13]1)(\[OH:3])[c:4]1[cH:14][c:15]([O:19][CH3:20])[cH:16][cH:17][cH:18]1,1,1
32,[C:1]([CH2:2][C:5](=[O:6])[NH:7][c:8]1[cH:9][cH:10][cH:11][cH:12][cH:13]1)(=[O:3])[c:4]1[cH:14][cH:15][c:16]([O:19][CH3:20])[cH:17][cH:18]1>>[C:1](=[CH:2]/[C:5](=[O:6])[NH:7][c:8]1[cH:9][cH:10][cH:11][cH:12][cH:13]1)(\[OH:3])[c:4]1[cH:14][cH:15][c:16]([O:19][CH3:20])[cH:17][cH:18]1,-1.28,25,methanol,298,1.0,[C:1]([CH2:2][C:5](=[O:6])[NH:7][c:8]1[cH:9][cH:10][cH:11][cH:12][cH:13]1)(=[O:3])[c:4]1[cH:14][cH:15][c:16]([O:19][CH3:20])[cH:17][cH:18]1,[C:1](=[CH:2]/[C:5](=[O:6])[NH:7][c:8]1[cH:9][cH:10][cH:11][cH:12][cH:13]1)(\[OH:3])[c:4]1[cH:14][cH:15][c:16]([O:19][CH3:20])[cH:17][cH:18]1,1,1
33,[C:1]([CH2:2][C:5](=[O:6])[NH:7][c:8]1[cH:9][cH:10][cH:11][cH:12][cH:13]1)(=[O:3])[c:4]1[cH:14][cH:15][c:16]([C:19]#[N:20])[cH:17][cH:18]1>>[C:1](=[CH:2]/[C:5](=[O:6])[NH:7][c:8]1[cH:9][cH:10][cH:11][cH:12][cH:13]1)(\[OH:3])[c:4]1[cH:14][cH:15][c:16]([C:19]#[N:20])[cH:17][cH:18]1,-0.06,25,methanol,298,1.0,[C:1]([CH2:2][C:5](=[O:6])[NH:7][c:8]1[cH:9][cH:10][cH:11][cH:12][cH:13]1)(=[O:3])[c:4]1[cH:14][cH:15][c:16]([C:19]#[N:20])[cH:17][cH:18]1,[C:1](=[CH:2]/[C:5](=[O:6])[NH:7][c:8]1[cH:9][cH:10][cH:11][cH:12][cH:13]1)(\[OH:3])[c:4]1[cH:14][cH:15][c:16]([C:19]#[N:20])[cH:17][cH:18]1,1,1
34,[C:1]([CH2:2][C:5](=[O:6])[NH:7][c:8]1[cH:9][cH:10][cH:11][cH:12][cH:13]1)(=[O:3])[c:4]1[cH:14][c:15]([N:19]=[O:20])[cH:16][cH:17][cH:18]1>>[C:1](=[CH:2]/[C:5](=[O:6])[NH:7][c:8]1[cH:9][cH:10][cH:11][cH:12][cH:13]1)(\[OH:3])[c:4]1[cH:14][c:15]([N:19]=[O:20])[cH:16][cH:17][cH:18]1,0.0,25,methanol,298,1.0,[C:1]([CH2:2][C:5](=[O:6])[NH:7][c:8]1[cH:9][cH:10][cH:11][cH:12][cH:13]1)(=[O:3])[c:4]1[cH:14][c:15]([N:19]=[O:20])[cH:16][cH:17][cH:18]1,[C:1](=[CH:2]/[C:5](=[O:6])[NH:7][c:8]1[cH:9][cH:10][cH:11][cH:12][cH:13]1)(\[OH:3])[c:4]1[cH:14][c:15]([N:19]=[O:20])[cH:16][cH:17][cH:18]1,1,1
35,[C:1]([CH2:2][C:5](=[O:6])[NH:7][c:8]1[cH:9][cH:10][cH:11][cH:12][cH:13]1)(=[O:3])[c:4]1[cH:14][cH:15][c:16]([N+:19](=[O:20])[O-:21])[cH:17][cH:18]1>>[C:1](=[CH:2]/[C:5](=[O:6])[NH:7][c:8]1[cH:9][cH:10][cH:11][cH:12][cH:13]1)(\[OH:3])[c:4]1[cH:14][cH:15][c:16]([N+:19](=[O:20])[O-:21])[cH:17][cH:18]1,0.07,25,methanol,298,1.0,[C:1]([CH2:2][C:5](=[O:6])[NH:7][c:8]1[cH:9][cH:10][cH:11][cH:12][cH:13]1)(=[O:3])[c:4]1[cH:14][cH:15][c:16]([N+:19](=[O:20])[O-:21])[cH:17][cH:18]1,[C:1](=[CH:2]/[C:5](=[O:6])[NH:7][c:8]1[cH:9][cH:10][cH:11][cH:12][cH:13]1)(\[OH:3])[c:4]1[cH:14][cH:15][c:16]([N+:19](=[O:20])[O-:21])[cH:17][cH:18]1,1,1
36,[C:1]([CH2:2][C:5](=[O:6])[NH:7][c:8]1[cH:9][cH:10][c:11]([CH3:20])[cH:12][cH:13]1)(=[O:3])[c:4]1[cH:14][cH:15][c:16]([Cl:19])[cH:17][cH:18]1>>[C:1](=[CH:2]/[C:5](=[O:6])[NH:7][c:8]1[cH:9][cH:10][c:11]([CH3:20])[cH:12][cH:13]1)(\[OH:3])[c:4]1[cH:14][cH:15][c:16]([Cl:19])[cH:17][cH:18]1,-0.57,25,methanol,298,1.0,[C:1]([CH2:2][C:5](=[O:6])[NH:7][c:8]1[cH:9][cH:10][c:11]([CH3:20])[cH:12][cH:13]1)(=[O:3])[c:4]1[cH:14][cH:15][c:16]([Cl:19])[cH:17][cH:18]1,[C:1](=[CH:2]/[C:5](=[O:6])[NH:7][c:8]1[cH:9][cH:10][c:11]([CH3:20])[cH:12][cH:13]1)(\[OH:3])[c:4]1[cH:14][cH:15][c:16]([Cl:19])[cH:17][cH:18]1,1,1
37,[C:1]([CH2:2][C:5](=[O:6])[NH:7][c:8]1[cH:9][c:10]([N+:20](=[O:21])[O-:22])[cH:11][cH:12][cH:13]1)(=[O:3])[c:4]1[cH:14][cH:15][c:16]([Cl:19])[cH:17][cH:18]1>>[C:1](=[CH:2]/[C:5](=[O:6])[NH:7][c:8]1[cH:9][c:10]([N+:20](=[O:21])[O-:22])[cH:11][cH:12][cH:13]1)(\[OH:3])[c:4]1[cH:14][cH:15][c:16]([Cl:19])[cH:17][cH:18]1,-0.26,25,methanol,298,1.0,[C:1]([CH2:2][C:5](=[O:6])[NH:7][c:8]1[cH:9][c:10]([N+:20](=[O:21])[O-:22])[cH:11][cH:12][cH:13]1)(=[O:3])[c:4]1[cH:14][cH:15][c:16]([Cl:19])[cH:17][cH:18]1,[C:1](=[CH:2]/[C:5](=[O:6])[NH:7][c:8]1[cH:9][c:10]([N+:20](=[O:21])[O-:22])[cH:11][cH:12][cH:13]1)(\[OH:3])[c:4]1[cH:14][cH:15][c:16]([Cl:19])[cH:17][cH:18]1,1,1
38,[C:1]([CH2:2][C:5](=[O:6])[NH:7][c:8]1[cH:9][cH:10][c:11]([CH3:20])[cH:12][cH:13]1)(=[O:3])[c:4]1[cH:14][cH:15][c:16]([O:19][CH3:21])[cH:17][cH:18]1>>[C:1](=[CH:2]/[C:5](=[O:6])[NH:7][c:8]1[cH:9][cH:10][c:11]([CH3:20])[cH:12][cH:13]1)(\[OH:3])[c:4]1[cH:14][cH:15][c:16]([O:19][CH3:21])[cH:17][cH:18]1,-1.3,25,methanol,298,1.0,[C:1]([CH2:2][C:5](=[O:6])[NH:7][c:8]1[cH:9][cH:10][c:11]([CH3:20])[cH:12][cH:13]1)(=[O:3])[c:4]1[cH:14][cH:15][c:16]([O:19][CH3:21])[cH:17][cH:18]1,[C:1](=[CH:2]/[C:5](=[O:6])[NH:7][c:8]1[cH:9][cH:10][c:11]([CH3:20])[cH:12][cH:13]1)(\[OH:3])[c:4]1[cH:14][cH:15][c:16]([O:19][CH3:21])[cH:17][cH:18]1,1,1
39,[C:1]([CH2:2][C:5](=[O:6])[NH:7][c:8]1[cH:9][cH:10][c:11]([Br:20])[cH:12][cH:13]1)(=[O:3])[c:4]1[cH:14][cH:15][c:16]([O:19][CH3:21])[cH:17][cH:18]1>>[C:1](=[CH:2]/[C:5](=[O:6])[NH:7][c:8]1[cH:9][cH:10][c:11]([Br:20])[cH:12][cH:13]1)(\[OH:3])[c:4]1[cH:14][cH:15][c:16]([O:19][CH3:21])[cH:17][cH:18]1,-1.09,25,methanol,298,1.0,[C:1]([CH2:2][C:5](=[O:6])[NH:7][c:8]1[cH:9][cH:10][c:11]([Br:20])[cH:12][cH:13]1)(=[O:3])[c:4]1[cH:14][cH:15][c:16]([O:19][CH3:21])[cH:17][cH:18]1,[C:1](=[CH:2]/[C:5](=[O:6])[NH:7][c:8]1[cH:9][cH:10][c:11]([Br:20])[cH:12][cH:13]1)(\[OH:3])[c:4]1[cH:14][cH:15][c:16]([O:19][CH3:21])[cH:17][cH:18]1,1,1
40,[C:1]([CH2:2][C:5](=[O:6])[NH:7][c:8]1[cH:9][c:10]([N+:21](=[O:22])[O-:23])[cH:11][cH:12][cH:13]1)(=[O:3])[c:4]1[cH:14][cH:15][c:16]([O:19][CH3:20])[cH:17][cH:18]1>>[C:1](=[CH:2]/[C:5](=[O:6])[NH:7][c:8]1[cH:9][c:10]([N+:21](=[O:22])[O-:23])[cH:11][cH:12][cH:13]1)(\[OH:3])[c:4]1[cH:14][cH:15][c:16]([O:19][CH3:20])[cH:17][cH:18]1,-0.97,25,methanol,298,1.0,[C:1]([CH2:2][C:5](=[O:6])[NH:7][c:8]1[cH:9][c:10]([N+:21](=[O:22])[O-:23])[cH:11][cH:12][cH:13]1)(=[O:3])[c:4]1[cH:14][cH:15][c:16]([O:19][CH3:20])[cH:17][cH:18]1,[C:1](=[CH:2]/[C:5](=[O:6])[NH:7][c:8]1[cH:9][c:10]([N+:21](=[O:22])[O-:23])[cH:11][cH:12][cH:13]1)(\[OH:3])[c:4]1[cH:14][cH:15][c:16]([O:19][CH3:20])[cH:17][cH:18]1,1,1
41,[C:1]([CH2:2][C:5](=[O:6])[NH:7][c:8]1[cH:9][cH:10][c:11]([CH3:19])[cH:12][cH:13]1)(=[O:3])[c:4]1[cH:14][cH:15][c:16]([N+:20](=[O:21])[O-:22])[cH:17][cH:18]1>>[C:1](=[CH:2]/[C:5](=[O:6])[NH:7][c:8]1[cH:9][cH:10][c:11]([CH3:19])[cH:12][cH:13]1)(\[OH:3])[c:4]1[cH:14][cH:15][c:16]([N+:20](=[O:21])[O-:22])[cH:17][cH:18]1,-0.02,25,methanol,298,1.0,[C:1]([CH2:2][C:5](=[O:6])[NH:7][c:8]1[cH:9][cH:10][c:11]([CH3:19])[cH:12][cH:13]1)(=[O:3])[c:4]1[cH:14][cH:15][c:16]([N+:20](=[O:21])[O-:22])[cH:17][cH:18]1,[C:1](=[CH:2]/[C:5](=[O:6])[NH:7][c:8]1[cH:9][cH:10][c:11]([CH3:19])[cH:12][cH:13]1)(\[OH:3])[c:4]1[cH:14][cH:15][c:16]([N+:20](=[O:21])[O-:22])[cH:17][cH:18]1,1,1
42,[C:1]([CH2:2][C:5](=[O:6])[NH:7][c:8]1[cH:9][cH:10][c:11]([Br:19])[cH:12][cH:13]1)(=[O:3])[c:4]1[cH:14][cH:15][c:16]([N+:20](=[O:21])[O-:22])[cH:17][cH:18]1>>[C:1](=[CH:2]/[C:5](=[O:6])[NH:7][c:8]1[cH:9][cH:10][c:11]([Br:19])[cH:12][cH:13]1)(\[OH:3])[c:4]1[cH:14][cH:15][c:16]([N+:20](=[O:21])[O-:22])[cH:17][cH:18]1,0.2,25,methanol,298,1.0,[C:1]([CH2:2][C:5](=[O:6])[NH:7][c:8]1[cH:9][cH:10][c:11]([Br:19])[cH:12][cH:13]1)(=[O:3])[c:4]1[cH:14][cH:15][c:16]([N+:20](=[O:21])[O-:22])[cH:17][cH:18]1,[C:1](=[CH:2]/[C:5](=[O:6])[NH:7][c:8]1[cH:9][cH:10][c:11]([Br:19])[cH:12][cH:13]1)(\[OH:3])[c:4]1[cH:14][cH:15][c:16]([N+:20](=[O:21])[O-:22])[cH:17][cH:18]1,1,1
43,[C:1]([CH:2]([C:4](=[O:5])[NH:7][c:8]1[cH:9][cH:10][cH:11][cH:12][cH:13]1)[CH3:6])(=[O:3])[CH3:14]>>[C:1](=[C:2](/[C:4](=[O:5])[NH:7][c:8]1[cH:9][cH:10][cH:11][cH:12][cH:13]1)[CH3:6])(\[OH:3])[CH3:14],-1.35,20,methanol,293,1.0,[C:1]([CH:2]([C:4](=[O:5])[NH:7][c:8]1[cH:9][cH:10][cH:11][cH:12][cH:13]1)[CH3:6])(=[O:3])[CH3:14],[C:1](=[C:2](/[C:4](=[O:5])[NH:7][c:8]1[cH:9][cH:10][cH:11][cH:12][cH:13]1)[CH3:6])(\[OH:3])[CH3:14],1,1
44,[C:1]([CH:2]([C:4](=[O:5])[NH:7][c:8]1[cH:9][cH:10][cH:11][cH:12][cH:13]1)[Cl:6])(=[O:3])[CH3:14]>>[C:1](=[C:2](/[C:4](=[O:5])[NH:7][c:8]1[cH:9][cH:10][cH:11][cH:12][cH:13]1)[Cl:6])(\[OH:3])[CH3:14],-1.03,20,methanol,293,1.0,[C:1]([CH:2]([C:4](=[O:5])[NH:7][c:8]1[cH:9][cH:10][cH:11][cH:12][cH:13]1)[Cl:6])(=[O:3])[CH3:14],[C:1](=[C:2](/[C:4](=[O:5])[NH:7][c:8]1[cH:9][cH:10][cH:11][cH:12][cH:13]1)[Cl:6])(\[OH:3])[CH3:14],1,1
45,[C:1]([CH:2]([C:4](=[O:5])[NH:7][c:8]1[cH:9][cH:10][cH:11][cH:12][cH:13]1)[Br:6])(=[O:3])[CH3:14]>>[C:1](=[C:2](/[C:4](=[O:5])[NH:7][c:8]1[cH:9][cH:10][cH:11][cH:12][cH:13]1)[Br:6])(\[OH:3])[CH3:14],-0.28,20,methanol,293,1.0,[C:1]([CH:2]([C:4](=[O:5])[NH:7][c:8]1[cH:9][cH:10][cH:11][cH:12][cH:13]1)[Br:6])(=[O:3])[CH3:14],[C:1](=[C:2](/[C:4](=[O:5])[NH:7][c:8]1[cH:9][cH:10][cH:11][cH:12][cH:13]1)[Br:6])(\[OH:3])[CH3:14],1,1
46,[C:1]([CH:2]([C:4](=[O:5])[NH:7][c:8]1[cH:9][cH:10][cH:11][cH:12][cH:13]1)[C:6](=[O:15])[CH3:16])(=[O:3])[CH3:14]>>[C:1](/[C:2]([C:4](=[O:5])[NH:7][c:8]1[cH:9][cH:10][cH:11][cH:12][cH:13]1)=[C:6](\[OH:15])[CH3:16])(=[O:3])[CH3:14],-0.08,20,methanol,293,1.0,[C:1]([CH:2]([C:4](=[O:5])[NH:7][c:8]1[cH:9][cH:10][cH:11][cH:12][cH:13]1)[C:6](=[O:15])[CH3:16])(=[O:3])[CH3:14],[C:1](/[C:2]([C:4](=[O:5])[NH:7][c:8]1[cH:9][cH:10][cH:11][cH:12][cH:13]1)=[C:6](\[OH:15])[CH3:16])(=[O:3])[CH3:14],1,1
47,[C:1]([CH:2]([C:4](=[O:5])[NH:7][c:8]1[cH:9][cH:10][cH:11][cH:12][cH:13]1)[C:6]#[N:15])(=[O:3])[CH3:14]>>[C:1](=[C:2](/[C:4](=[O:5])[NH:7][c:8]1[cH:9][cH:10][cH:11][cH:12][cH:13]1)[C:6]#[N:15])(\[OH:3])[CH3:14],0.69,20,methanol,293,1.0,[C:1]([CH:2]([C:4](=[O:5])[NH:7][c:8]1[cH:9][cH:10][cH:11][cH:12][cH:13]1)[C:6]#[N:15])(=[O:3])[CH3:14],[C:1](=[C:2](/[C:4](=[O:5])[NH:7][c:8]1[cH:9][cH:10][cH:11][cH:12][cH:13]1)[C:6]#[N:15])(\[OH:3])[CH3:14],1,1
48,[C:1]([CH:2]([C:4](=[O:5])[NH:7][c:8]1[cH:9][cH:10][cH:11][cH:12][cH:13]1)[c:6]1[cH:15][cH:16][cH:17][cH:18][cH:19]1)(=[O:3])[CH3:14]>>[C:1](=[C:2](/[C:4](=[O:5])[NH:7][c:8]1[cH:9][cH:10][cH:11][cH:12][cH:13]1)[c:6]1[cH:15][cH:16][cH:17][cH:18][cH:19]1)(\[OH:3])[CH3:14],-1.12,20,methanol,293,1.0,[C:1]([CH:2]([C:4](=[O:5])[NH:7][c:8]1[cH:9][cH:10][cH:11][cH:12][cH:13]1)[c:6]1[cH:15][cH:16][cH:17][cH:18][cH:19]1)(=[O:3])[CH3:14],[C:1](=[C:2](/[C:4](=[O:5])[NH:7][c:8]1[cH:9][cH:10][cH:11][cH:12][cH:13]1)[c:6]1[cH:15][cH:16][cH:17][cH:18][cH:19]1)(\[OH:3])[CH3:14],1,1
49,[O:1]1[CH:2]([CH3:18])[CH:3]([C:9]([O:14][CH2:16][CH3:17])=[O:15])[C:4](=[O:7])[CH:5]([C:8](=[O:10])[O:11][CH2:12][CH3:13])[CH:6]1[CH3:19]>>[O:1]1[CH:2]([CH3:18])[C:3]([C:9]([O:14][CH2:16][CH3:17])=[O:15])=[C:4]([OH:7])[CH:5]([C:8](=[O:10])[O:11][CH2:12][CH3:13])[CH:6]1[CH3:19],-1.0,20,methanol,293,1.0,[O:1]1[CH:2]([CH3:18])[CH:3]([C:9]([O:14][CH2:16][CH3:17])=[O:15])[C:4](=[O:7])[CH:5]([C:8](=[O:10])[O:11][CH2:12][CH3:13])[CH:6]1[CH3:19],[O:1]1[CH:2]([CH3:18])[C:3]([C:9]([O:14][CH2:16][CH3:17])=[O:15])=[C:4]([OH:7])[CH:5]([C:8](=[O:10])[O:11][CH2:12][CH3:13])[CH:6]1[CH3:19],1,1
50,[O:1]1[CH:2]([CH2:18][CH3:20])[CH:3]([C:9]([O:14][CH2:16][CH3:17])=[O:15])[C:4](=[O:7])[CH:5]([C:8](=[O:10])[O:11][CH2:12][CH3:13])[CH:6]1[CH2:19][CH3:21]>>[O:1]1[CH:2]([CH2:18][CH3:20])[C:3]([C:9]([O:14][CH2:16][CH3:17])=[O:15])=[C:4]([OH:7])[CH:5]([C:8](=[O:10])[O:11][CH2:12][CH3:13])[CH:6]1[CH2:19][CH3:21],-1.12,20,methanol,293,1.0,[O:1]1[CH:2]([CH2:18][CH3:20])[CH:3]([C:9]([O:14][CH2:16][CH3:17])=[O:15])[C:4](=[O:7])[CH:5]([C:8](=[O:10])[O:11][CH2:12][CH3:13])[CH:6]1[CH2:19][CH3:21],[O:1]1[CH:2]([CH2:18][CH3:20])[C:3]([C:9]([O:14][CH2:16][CH3:17])=[O:15])=[C:4]([OH:7])[CH:5]([C:8](=[O:10])[O:11][CH2:12][CH3:13])[CH:6]1[CH2:19][CH3:21],1,1
51,[O:1]1[CH:2]([CH2:18][CH2:20][CH3:21])[CH:3]([C:9]([O:14][CH2:16][CH3:17])=[O:15])[C:4](=[O:7])[CH:5]([C:8](=[O:10])[O:11][CH2:12][CH3:13])[CH:6]1[CH2:19][CH2:22][CH3:23]>>[O:1]1[CH:2]([CH2:18][CH2:20][CH3:21])[C:3]([C:9]([O:14][CH2:16][CH3:17])=[O:15])=[C:4]([OH:7])[CH:5]([C:8](=[O:10])[O:11][CH2:12][CH3:13])[CH:6]1[CH2:19][CH2:22][CH3:23],-1.19,20,methanol,293,1.0,[O:1]1[CH:2]([CH2:18][CH2:20][CH3:21])[CH:3]([C:9]([O:14][CH2:16][CH3:17])=[O:15])[C:4](=[O:7])[CH:5]([C:8](=[O:10])[O:11][CH2:12][CH3:13])[CH:6]1[CH2:19][CH2:22][CH3:23],[O:1]1[CH:2]([CH2:18][CH2:20][CH3:21])[C:3]([C:9]([O:14][CH2:16][CH3:17])=[O:15])=[C:4]([OH:7])[CH:5]([C:8](=[O:10])[O:11][CH2:12][CH3:13])[CH:6]1[CH2:19][CH2:22][CH3:23],1,1
52,[N:1]1([CH3:16])[CH2:2][CH:3]([C:9]([O:13][CH3:15])=[O:14])[C:4](=[O:7])[CH:5]([C:8](=[O:10])[O:11][CH3:12])[CH2:6]1>>[N:1]1([CH3:16])[CH2:2][C:3]([C:9]([O:13][CH3:15])=[O:14])=[C:4]([OH:7])[CH:5]([C:8](=[O:10])[O:11][CH3:12])[CH2:6]1,0.52,20,methanol,293,1.0,[N:1]1([CH3:16])[CH2:2][CH:3]([C:9]([O:13][CH3:15])=[O:14])[C:4](=[O:7])[CH:5]([C:8](=[O:10])[O:11][CH3:12])[CH2:6]1,[N:1]1([CH3:16])[CH2:2][C:3]([C:9]([O:13][CH3:15])=[O:14])=[C:4]([OH:7])[CH:5]([C:8](=[O:10])[O:11][CH3:12])[CH2:6]1,1,1
53,[C:1]([CH2:2][C:5]([O:6][CH2:8][CH3:9])=[O:7])([CH3:3])=[O:4]>>[C:1](=[CH:2]\[C:5]([O:6][CH2:8][CH3:9])=[O:7])(\[CH3:3])[OH:4],0.63,25,ethanol,298,1.0,[C:1]([CH2:2][C:5]([O:6][CH2:8][CH3:9])=[O:7])([CH3:3])=[O:4],[C:1](=[CH:2]\[C:5]([O:6][CH2:8][CH3:9])=[O:7])(\[CH3:3])[OH:4],1,1
54,[C:1]([CH2:2][C:5]([NH:6][c:8]1[cH:9][cH:10][cH:11][cH:12][cH:13]1)=[O:7])([CH3:3])=[O:4]>>[C:1](=[CH:2]\[C:5]([NH:6][c:8]1[cH:9][cH:10][cH:11][cH:12][cH:13]1)=[O:7])(\[CH3:3])[OH:4],-0.63,20,ethanol,293,1.0,[C:1]([CH2:2][C:5]([NH:6][c:8]1[cH:9][cH:10][cH:11][cH:12][cH:13]1)=[O:7])([CH3:3])=[O:4],[C:1](=[CH:2]\[C:5]([NH:6][c:8]1[cH:9][cH:10][cH:11][cH:12][cH:13]1)=[O:7])(\[CH3:3])[OH:4],1,1
55,[C:1]([CH2:2][C:5]([NH:6][c:8]1[c:9]([CH3:14])[cH:10][cH:11][cH:12][cH:13]1)=[O:7])([CH3:3])=[O:4]>>[C:1](=[CH:2]\[C:5]([NH:6][c:8]1[c:9]([CH3:14])[cH:10][cH:11][cH:12][cH:13]1)=[O:7])(\[CH3:3])[OH:4],0.22,30,ethanol,303,1.0,[C:1]([CH2:2][C:5]([NH:6][c:8]1[c:9]([CH3:14])[cH:10][cH:11][cH:12][cH:13]1)=[O:7])([CH3:3])=[O:4],[C:1](=[CH:2]\[C:5]([NH:6][c:8]1[c:9]([CH3:14])[cH:10][cH:11][cH:12][cH:13]1)=[O:7])(\[CH3:3])[OH:4],1,1
56,[C:1]([CH2:2][C:5]([NH:6][c:8]1[c:9]([Cl:14])[cH:10][cH:11][cH:12][cH:13]1)=[O:7])([CH3:3])=[O:4]>>[C:1](=[CH:2]\[C:5]([NH:6][c:8]1[c:9]([Cl:14])[cH:10][cH:11][cH:12][cH:13]1)=[O:7])(\[CH3:3])[OH:4],0.37,30,ethanol,303,1.0,[C:1]([CH2:2][C:5]([NH:6][c:8]1[c:9]([Cl:14])[cH:10][cH:11][cH:12][cH:13]1)=[O:7])([CH3:3])=[O:4],[C:1](=[CH:2]\[C:5]([NH:6][c:8]1[c:9]([Cl:14])[cH:10][cH:11][cH:12][cH:13]1)=[O:7])(\[CH3:3])[OH:4],1,1
57,[C:1]([CH2:2][C:5]([NH:6][c:8]1[c:9]([O:14][CH3:15])[cH:10][cH:11][cH:12][cH:13]1)=[O:7])([CH3:3])=[O:4]>>[C:1](=[CH:2]\[C:5]([NH:6][c:8]1[c:9]([O:14][CH3:15])[cH:10][cH:11][cH:12][cH:13]1)=[O:7])(\[CH3:3])[OH:4],0.44,30,ethanol,303,1.0,[C:1]([CH2:2][C:5]([NH:6][c:8]1[c:9]([O:14][CH3:15])[cH:10][cH:11][cH:12][cH:13]1)=[O:7])([CH3:3])=[O:4],[C:1](=[CH:2]\[C:5]([NH:6][c:8]1[c:9]([O:14][CH3:15])[cH:10][cH:11][cH:12][cH:13]1)=[O:7])(\[CH3:3])[OH:4],1,1
58,[C:1]([CH2:2][C:5]([NH:6][c:8]1[c:9]([CH3:14])[cH:10][c:11]([CH3:15])[cH:12][cH:13]1)=[O:7])([CH3:3])=[O:4]>>[C:1](=[CH:2]\[C:5]([NH:6][c:8]1[c:9]([CH3:14])[cH:10][c:11]([CH3:15])[cH:12][cH:13]1)=[O:7])(\[CH3:3])[OH:4],0.24,30,ethanol,303,1.0,[C:1]([CH2:2][C:5]([NH:6][c:8]1[c:9]([CH3:14])[cH:10][c:11]([CH3:15])[cH:12][cH:13]1)=[O:7])([CH3:3])=[O:4],[C:1](=[CH:2]\[C:5]([NH:6][c:8]1[c:9]([CH3:14])[cH:10][c:11]([CH3:15])[cH:12][cH:13]1)=[O:7])(\[CH3:3])[OH:4],1,1
59,[C:1]([CH2:2][C:5]([O:6][CH2:8][CH3:9])=[O:7])([c:3]1[cH:10][cH:11][cH:12][cH:13][cH:14]1)=[O:4]>>[C:1](=[CH:2]\[C:5]([O:6][CH2:8][CH3:9])=[O:7])(\[c:3]1[cH:10][cH:11][cH:12][cH:13][cH:14]1)[OH:4],-0.44,25,ethanol,298,1.0,[C:1]([CH2:2][C:5]([O:6][CH2:8][CH3:9])=[O:7])([c:3]1[cH:10][cH:11][cH:12][cH:13][cH:14]1)=[O:4],[C:1](=[CH:2]\[C:5]([O:6][CH2:8][CH3:9])=[O:7])(\[c:3]1[cH:10][cH:11][cH:12][cH:13][cH:14]1)[OH:4],1,1
60,[C:1]([CH2:2][C:5]([O:6][CH2:8][CH3:9])=[O:7])([c:3]1[cH:10][cH:11][c:12]([CH3:15])[cH:13][cH:14]1)=[O:4]>>[C:1](=[CH:2]\[C:5]([O:6][CH2:8][CH3:9])=[O:7])(\[c:3]1[cH:10][cH:11][c:12]([CH3:15])[cH:13][cH:14]1)[OH:4],-0.54,25,ethanol,298,1.0,[C:1]([CH2:2][C:5]([O:6][CH2:8][CH3:9])=[O:7])([c:3]1[cH:10][cH:11][c:12]([CH3:15])[cH:13][cH:14]1)=[O:4],[C:1](=[CH:2]\[C:5]([O:6][CH2:8][CH3:9])=[O:7])(\[c:3]1[cH:10][cH:11][c:12]([CH3:15])[cH:13][cH:14]1)[OH:4],1,1
61,[C:1]([CH2:2][C:5]([O:6][CH2:8][CH3:9])=[O:7])([c:3]1[cH:10][cH:11][c:12]([Cl:15])[cH:13][cH:14]1)=[O:4]>>[C:1](=[CH:2]\[C:5]([O:6][CH2:8][CH3:9])=[O:7])(\[c:3]1[cH:10][cH:11][c:12]([Cl:15])[cH:13][cH:14]1)[OH:4],-0.36,25,ethanol,298,1.0,[C:1]([CH2:2][C:5]([O:6][CH2:8][CH3:9])=[O:7])([c:3]1[cH:10][cH:11][c:12]([Cl:15])[cH:13][cH:14]1)=[O:4],[C:1](=[CH:2]\[C:5]([O:6][CH2:8][CH3:9])=[O:7])(\[c:3]1[cH:10][cH:11][c:12]([Cl:15])[cH:13][cH:14]1)[OH:4],1,1
62,[C:1]([CH2:2][C:5]([O:6][CH2:8][CH3:9])=[O:7])([c:3]1[cH:10][cH:11][c:12]([O:15][CH3:16])[cH:13][cH:14]1)=[O:4]>>[C:1](=[CH:2]\[C:5]([O:6][CH2:8][CH3:9])=[O:7])(\[c:3]1[cH:10][cH:11][c:12]([O:15][CH3:16])[cH:13][cH:14]1)[OH:4],-0.89,25,ethanol,298,1.0,[C:1]([CH2:2][C:5]([O:6][CH2:8][CH3:9])=[O:7])([c:3]1[cH:10][cH:11][c:12]([O:15][CH3:16])[cH:13][cH:14]1)=[O:4],[C:1](=[CH:2]\[C:5]([O:6][CH2:8][CH3:9])=[O:7])(\[c:3]1[cH:10][cH:11][c:12]([O:15][CH3:16])[cH:13][cH:14]1)[OH:4],1,1
63,[C:1]([CH2:2][C:5]([O:6][CH2:8][CH3:9])=[O:7])([c:3]1[cH:10][cH:11][c:12]([C:15]#[N:16])[cH:13][cH:14]1)=[O:4]>>[C:1](=[CH:2]\[C:5]([O:6][CH2:8][CH3:9])=[O:7])(\[c:3]1[cH:10][cH:11][c:12]([C:15]#[N:16])[cH:13][cH:14]1)[OH:4],0.07,25,ethanol,298,1.0,[C:1]([CH2:2][C:5]([O:6][CH2:8][CH3:9])=[O:7])([c:3]1[cH:10][cH:11][c:12]([C:15]#[N:16])[cH:13][cH:14]1)=[O:4],[C:1](=[CH:2]\[C:5]([O:6][CH2:8][CH3:9])=[O:7])(\[c:3]1[cH:10][cH:11][c:12]([C:15]#[N:16])[cH:13][cH:14]1)[OH:4],1,1
64,[C:1]([CH2:2][C:5]([O:6][CH2:8][CH3:9])=[O:7])([c:3]1[cH:10][cH:11][c:12]([N+:15](=[O:16])[O-:17])[cH:13][cH:14]1)=[O:4]>>[C:1](=[CH:2]\[C:5]([O:6][CH2:8][CH3:9])=[O:7])(\[c:3]1[cH:10][cH:11][c:12]([N+:15](=[O:16])[O-:17])[cH:13][cH:14]1)[OH:4],0.16,25,ethanol,298,1.0,[C:1]([CH2:2][C:5]([O:6][CH2:8][CH3:9])=[O:7])([c:3]1[cH:10][cH:11][c:12]([N+:15](=[O:16])[O-:17])[cH:13][cH:14]1)=[O:4],[C:1](=[CH:2]\[C:5]([O:6][CH2:8][CH3:9])=[O:7])(\[c:3]1[cH:10][cH:11][c:12]([N+:15](=[O:16])[O-:17])[cH:13][cH:14]1)[OH:4],1,1
65,[C:1]([CH2:2][C:5](=[O:6])[NH:12][c:13]1[cH:14][c:15]([N+:19](=[O:20])[O-:21])[cH:16][cH:17][cH:18]1)([c:3]1[cH:7][cH:8][cH:9][cH:10][cH:11]1)=[O:4]>>[C:1](=[CH:2]\[C:5](=[O:6])[NH:12][c:13]1[cH:14][c:15]([N+:19](=[O:20])[O-:21])[cH:16][cH:17][cH:18]1)(\[c:3]1[cH:7][cH:8][cH:9][cH:10][cH:11]1)[OH:4],0.46,30,ethanol,303,1.0,[C:1]([CH2:2][C:5](=[O:6])[NH:12][c:13]1[cH:14][c:15]([N+:19](=[O:20])[O-:21])[cH:16][cH:17][cH:18]1)([c:3]1[cH:7][cH:8][cH:9][cH:10][cH:11]1)=[O:4],[C:1](=[CH:2]\[C:5](=[O:6])[NH:12][c:13]1[cH:14][c:15]([N+:19](=[O:20])[O-:21])[cH:16][cH:17][cH:18]1)(\[c:3]1[cH:7][cH:8][cH:9][cH:10][cH:11]1)[OH:4],1,1
66,[C:1]([CH:2]([CH3:4])[C:5]([NH:6][c:8]1[cH:10][cH:11][cH:12][cH:13][cH:14]1)=[O:7])(=[O:3])[CH3:9]>>[C:1](=[C:2](\[CH3:4])[C:5]([NH:6][c:8]1[cH:10][cH:11][cH:12][cH:13][cH:14]1)=[O:7])(\[OH:3])[CH3:9],-1.8,20,ethanol,293,1.0,[C:1]([CH:2]([CH3:4])[C:5]([NH:6][c:8]1[cH:10][cH:11][cH:12][cH:13][cH:14]1)=[O:7])(=[O:3])[CH3:9],[C:1](=[C:2](\[CH3:4])[C:5]([NH:6][c:8]1[cH:10][cH:11][cH:12][cH:13][cH:14]1)=[O:7])(\[OH:3])[CH3:9],1,1
67,[C:1]([CH:2]([Cl:4])[C:5]([NH:6][c:8]1[cH:10][cH:11][cH:12][cH:13][cH:14]1)=[O:7])(=[O:3])[CH3:9]>>[C:1](=[C:2](\[Cl:4])[C:5]([NH:6][c:8]1[cH:10][cH:11][cH:12][cH:13][cH:14]1)=[O:7])(\[OH:3])[CH3:9],-0.68,20,ethanol,293,1.0,[C:1]([CH:2]([Cl:4])[C:5]([NH:6][c:8]1[cH:10][cH:11][cH:12][cH:13][cH:14]1)=[O:7])(=[O:3])[CH3:9],[C:1](=[C:2](\[Cl:4])[C:5]([NH:6][c:8]1[cH:10][cH:11][cH:12][cH:13][cH:14]1)=[O:7])(\[OH:3])[CH3:9],1,1
68,[C:1]([CH:2]([Br:4])[C:5]([NH:6][c:8]1[cH:10][cH:11][cH:12][cH:13][cH:14]1)=[O:7])(=[O:3])[CH3:9]>>[C:1](=[C:2](\[Br:4])[C:5]([NH:6][c:8]1[cH:10][cH:11][cH:12][cH:13][cH:14]1)=[O:7])(\[OH:3])[CH3:9],0.06,20,ethanol,293,1.0,[C:1]([CH:2]([Br:4])[C:5]([NH:6][c:8]1[cH:10][cH:11][cH:12][cH:13][cH:14]1)=[O:7])(=[O:3])[CH3:9],[C:1](=[C:2](\[Br:4])[C:5]([NH:6][c:8]1[cH:10][cH:11][cH:12][cH:13][cH:14]1)=[O:7])(\[OH:3])[CH3:9],1,1
69,[C:1]([CH:2]([C:4](=[O:15])[CH3:16])[C:5]([NH:6][c:8]1[cH:10][cH:11][cH:12][cH:13][cH:14]1)=[O:7])(=[O:3])[CH3:9]>>[C:1](/[C:2](=[C:4](\[OH:15])[CH3:16])[C:5]([NH:6][c:8]1[cH:10][cH:11][cH:12][cH:13][cH:14]1)=[O:7])(=[O:3])[CH3:9],-0.12,20,ethanol,293,1.0,[C:1]([CH:2]([C:4](=[O:15])[CH3:16])[C:5]([NH:6][c:8]1[cH:10][cH:11][cH:12][cH:13][cH:14]1)=[O:7])(=[O:3])[CH3:9],[C:1](/[C:2](=[C:4](\[OH:15])[CH3:16])[C:5]([NH:6][c:8]1[cH:10][cH:11][cH:12][cH:13][cH:14]1)=[O:7])(=[O:3])[CH3:9],1,1
70,[C:1]([CH:2]([C:4]#[N:15])[C:5]([NH:6][c:8]1[cH:10][cH:11][cH:12][cH:13][cH:14]1)=[O:7])(=[O:3])[CH3:9]>>[C:1](=[C:2](\[C:4]#[N:15])[C:5]([NH:6][c:8]1[cH:10][cH:11][cH:12][cH:13][cH:14]1)=[O:7])(\[OH:3])[CH3:9],0.46,20,ethanol,293,1.0,[C:1]([CH:2]([C:4]#[N:15])[C:5]([NH:6][c:8]1[cH:10][cH:11][cH:12][cH:13][cH:14]1)=[O:7])(=[O:3])[CH3:9],[C:1](=[C:2](\[C:4]#[N:15])[C:5]([NH:6][c:8]1[cH:10][cH:11][cH:12][cH:13][cH:14]1)=[O:7])(\[OH:3])[CH3:9],1,1
71,[C:1]([CH:2]([c:4]1[cH:15][cH:16][cH:17][cH:18][cH:19]1)[C:5]([NH:6][c:8]1[cH:10][cH:11][cH:12][cH:13][cH:14]1)=[O:7])(=[O:3])[CH3:9]>>[C:1](=[C:2](\[c:4]1[cH:15][cH:16][cH:17][cH:18][cH:19]1)[C:5]([NH:6][c:8]1[cH:10][cH:11][cH:12][cH:13][cH:14]1)=[O:7])(\[OH:3])[CH3:9],-0.73,20,ethanol,293,1.0,[C:1]([CH:2]([c:4]1[cH:15][cH:16][cH:17][cH:18][cH:19]1)[C:5]([NH:6][c:8]1[cH:10][cH:11][cH:12][cH:13][cH:14]1)=[O:7])(=[O:3])[CH3:9],[C:1](=[C:2](\[c:4]1[cH:15][cH:16][cH:17][cH:18][cH:19]1)[C:5]([NH:6][c:8]1[cH:10][cH:11][cH:12][cH:13][cH:14]1)=[O:7])(\[OH:3])[CH3:9],1,1
72,[C:1]([CH2:2][C:4]([NH:5][c:7]1[cH:9][cH:10][cH:11][cH:12][cH:13]1)=[O:6])(=[O:3])[CH3:8]>>[C:1](=[CH:2]/[C:4]([NH:5][c:7]1[cH:9][cH:10][cH:11][cH:12][cH:13]1)=[O:6])(\[OH:3])[CH3:8],-0.97,20,"ethane-1,2-diol",293,1.0,[C:1]([CH2:2][C:4]([NH:5][c:7]1[cH:9][cH:10][cH:11][cH:12][cH:13]1)=[O:6])(=[O:3])[CH3:8],[C:1](=[CH:2]/[C:4]([NH:5][c:7]1[cH:9][cH:10][cH:11][cH:12][cH:13]1)=[O:6])(\[OH:3])[CH3:8],1,1
73,[C:1]([CH:2]([CH3:4])[C:5]([NH:6][c:8]1[cH:10][cH:11][cH:12][cH:13][cH:14]1)=[O:7])(=[O:3])[CH3:9]>>[C:1](=[C:2](\[CH3:4])[C:5]([NH:6][c:8]1[cH:10][cH:11][cH:12][cH:13][cH:14]1)=[O:7])(\[OH:3])[CH3:9],-1.6,20,"ethane-1,2-diol",293,1.0,[C:1]([CH:2]([CH3:4])[C:5]([NH:6][c:8]1[cH:10][cH:11][cH:12][cH:13][cH:14]1)=[O:7])(=[O:3])[CH3:9],[C:1](=[C:2](\[CH3:4])[C:5]([NH:6][c:8]1[cH:10][cH:11][cH:12][cH:13][cH:14]1)=[O:7])(\[OH:3])[CH3:9],1,1
74,[C:1]([CH:2]([Cl:4])[C:5]([NH:6][c:8]1[cH:10][cH:11][cH:12][cH:13][cH:14]1)=[O:7])(=[O:3])[CH3:9]>>[C:1](=[C:2](\[Cl:4])[C:5]([NH:6][c:8]1[cH:10][cH:11][cH:12][cH:13][cH:14]1)=[O:7])(\[OH:3])[CH3:9],-0.49,20,"ethane-1,2-diol",293,1.0,[C:1]([CH:2]([Cl:4])[C:5]([NH:6][c:8]1[cH:10][cH:11][cH:12][cH:13][cH:14]1)=[O:7])(=[O:3])[CH3:9],[C:1](=[C:2](\[Cl:4])[C:5]([NH:6][c:8]1[cH:10][cH:11][cH:12][cH:13][cH:14]1)=[O:7])(\[OH:3])[CH3:9],1,1
75,[C:1]([CH:2]([C:4]([CH3:15])=[O:16])[C:5]([NH:6][c:8]1[cH:10][cH:11][cH:12][cH:13][cH:14]1)=[O:7])(=[O:3])[CH3:9]>>[C:1](/[C:2](=[C:4](/[CH3:15])[OH:16])[C:5]([NH:6][c:8]1[cH:10][cH:11][cH:12][cH:13][cH:14]1)=[O:7])(=[O:3])[CH3:9],-0.13,20,"ethane-1,2-diol",293,1.0,[C:1]([CH:2]([C:4]([CH3:15])=[O:16])[C:5]([NH:6][c:8]1[cH:10][cH:11][cH:12][cH:13][cH:14]1)=[O:7])(=[O:3])[CH3:9],[C:1](/[C:2](=[C:4](/[CH3:15])[OH:16])[C:5]([NH:6][c:8]1[cH:10][cH:11][cH:12][cH:13][cH:14]1)=[O:7])(=[O:3])[CH3:9],1,1
76,[C:1]([CH:2]([C:4]#[N:15])[C:5]([NH:6][c:8]1[cH:10][cH:11][cH:12][cH:13][cH:14]1)=[O:7])(=[O:3])[CH3:9]>>[C:1](=[C:2](\[C:4]#[N:15])[C:5]([NH:6][c:8]1[cH:10][cH:11][cH:12][cH:13][cH:14]1)=[O:7])(\[OH:3])[CH3:9],0.68,20,"ethane-1,2-diol",293,1.0,[C:1]([CH:2]([C:4]#[N:15])[C:5]([NH:6][c:8]1[cH:10][cH:11][cH:12][cH:13][cH:14]1)=[O:7])(=[O:3])[CH3:9],[C:1](=[C:2](\[C:4]#[N:15])[C:5]([NH:6][c:8]1[cH:10][cH:11][cH:12][cH:13][cH:14]1)=[O:7])(\[OH:3])[CH3:9],1,1
77,[C:1]([CH:2]([c:4]1[cH:15][cH:16][cH:17][cH:18][cH:19]1)[C:5]([NH:6][c:8]1[cH:10][cH:11][cH:12][cH:13][cH:14]1)=[O:7])(=[O:3])[CH3:9]>>[C:1](=[C:2](\[c:4]1[cH:15][cH:16][cH:17][cH:18][cH:19]1)[C:5]([NH:6][c:8]1[cH:10][cH:11][cH:12][cH:13][cH:14]1)=[O:7])(\[OH:3])[CH3:9],-0.91,20,"ethane-1,2-diol",293,1.0,[C:1]([CH:2]([c:4]1[cH:15][cH:16][cH:17][cH:18][cH:19]1)[C:5]([NH:6][c:8]1[cH:10][cH:11][cH:12][cH:13][cH:14]1)=[O:7])(=[O:3])[CH3:9],[C:1](=[C:2](\[c:4]1[cH:15][cH:16][cH:17][cH:18][cH:19]1)[C:5]([NH:6][c:8]1[cH:10][cH:11][cH:12][cH:13][cH:14]1)=[O:7])(\[OH:3])[CH3:9],1,1
78,[C:1]([CH2:2][CH:4]=[O:5])(=[O:3])[CH3:6]>>[C:1](=[CH:2]/[CH:4]=[O:5])(\[OH:3])[CH3:6],0.69,26,propan-2-one,299,1.0,[C:1]([CH2:2][CH:4]=[O:5])(=[O:3])[CH3:6],[C:1](=[CH:2]/[CH:4]=[O:5])(\[OH:3])[CH3:6],1,1
79,[C:1]([CH2:2][CH:4]=[O:5])(=[O:3])[CH2:6][CH:7]([CH3:8])[CH3:9]>>[C:1](=[CH:2]/[CH:4]=[O:5])(\[OH:3])[CH2:6][CH:7]([CH3:8])[CH3:9],0.83,26,propan-2-one,299,1.0,[C:1]([CH2:2][CH:4]=[O:5])(=[O:3])[CH2:6][CH:7]([CH3:8])[CH3:9],[C:1](=[CH:2]/[CH:4]=[O:5])(\[OH:3])[CH2:6][CH:7]([CH3:8])[CH3:9],1,1
80,[C:1]([CH2:2][CH:4]=[O:5])(=[O:3])[C:6]([CH3:7])([CH3:8])[CH3:9]>>[C:1](=[CH:2]/[CH:4]=[O:5])(\[OH:3])[C:6]([CH3:7])([CH3:8])[CH3:9],0.91,26,propan-2-one,299,1.0,[C:1]([CH2:2][CH:4]=[O:5])(=[O:3])[C:6]([CH3:7])([CH3:8])[CH3:9],[C:1](=[CH:2]/[CH:4]=[O:5])(\[OH:3])[C:6]([CH3:7])([CH3:8])[CH3:9],1,1
81,[C:1]([CH2:2][C:4](=[O:5])[CH3:7])(=[O:3])[CH3:6]>>[C:1](/[CH:2]=[C:4](/[OH:5])[CH3:7])(=[O:3])[CH3:6],0.48,38,propan-2-one,311,1.0,[C:1]([CH2:2][C:4](=[O:5])[CH3:7])(=[O:3])[CH3:6],[C:1](/[CH:2]=[C:4](/[OH:5])[CH3:7])(=[O:3])[CH3:6],1,1
82,[C:1]([CH:2]([CH3:4])[CH:5]=[O:6])(=[O:3])[c:7]1[cH:8][cH:9][cH:10][cH:11][cH:12]1>>[C:1](=[C:2](\[CH3:4])[CH:5]=[O:6])(\[OH:3])[c:7]1[cH:8][cH:9][cH:10][cH:11][cH:12]1,0.31,26,propan-2-one,299,1.0,[C:1]([CH:2]([CH3:4])[CH:5]=[O:6])(=[O:3])[c:7]1[cH:8][cH:9][cH:10][cH:11][cH:12]1,[C:1](=[C:2](\[CH3:4])[CH:5]=[O:6])(\[OH:3])[c:7]1[cH:8][cH:9][cH:10][cH:11][cH:12]1,1,1
83,[C:1]([CH2:2][C:4](=[O:5])[NH:7][c:8]1[cH:9][cH:10][cH:11][cH:12][cH:13]1)(=[O:3])[CH3:6]>>[C:1](=[CH:2]/[C:4](=[O:5])[NH:7][c:8]1[cH:9][cH:10][cH:11][cH:12][cH:13]1)(\[OH:3])[CH3:6],-0.7,20,acetonitrile,293,1.0,[C:1]([CH2:2][C:4](=[O:5])[NH:7][c:8]1[cH:9][cH:10][cH:11][cH:12][cH:13]1)(=[O:3])[CH3:6],[C:1](=[CH:2]/[C:4](=[O:5])[NH:7][c:8]1[cH:9][cH:10][cH:11][cH:12][cH:13]1)(\[OH:3])[CH3:6],1,1
84,[C:1]([CH2:2][C:4](=[O:5])[CH:7]([CH3:10])[CH3:11])(=[O:3])[CH:6]([CH3:8])[CH3:9]>>[C:1](/[CH:2]=[C:4](/[OH:5])[CH:7]([CH3:10])[CH3:11])(=[O:3])[CH:6]([CH3:8])[CH3:9],0.26,25,acetonitrile,298,1.0,[C:1]([CH2:2][C:4](=[O:5])[CH:7]([CH3:10])[CH3:11])(=[O:3])[CH:6]([CH3:8])[CH3:9],[C:1](/[CH:2]=[C:4](/[OH:5])[CH:7]([CH3:10])[CH3:11])(=[O:3])[CH:6]([CH3:8])[CH3:9],1,1
85,[C:1]([CH2:2][C:4](=[O:5])[C:7]([CH3:11])([CH3:12])[CH3:13])(=[O:3])[C:6]([CH3:8])([CH3:9])[CH3:10]>>[C:1](/[CH:2]=[C:4](/[OH:5])[C:7]([CH3:11])([CH3:12])[CH3:13])(=[O:3])[C:6]([CH3:8])([CH3:9])[CH3:10],0.79,25,acetonitrile,298,1.0,[C:1]([CH2:2][C:4](=[O:5])[C:7]([CH3:11])([CH3:12])[CH3:13])(=[O:3])[C:6]([CH3:8])([CH3:9])[CH3:10],[C:1](/[CH:2]=[C:4](/[OH:5])[C:7]([CH3:11])([CH3:12])[CH3:13])(=[O:3])[C:6]([CH3:8])([CH3:9])[CH3:10],1,1
86,[C:1]([CH:2]([CH3:4])[C:5](=[O:6])[NH:8][c:9]1[cH:10][cH:11][cH:12][cH:13][cH:14]1)(=[O:3])[CH3:7]>>[C:1](=[C:2](\[CH3:4])[C:5](=[O:6])[NH:8][c:9]1[cH:10][cH:11][cH:12][cH:13][cH:14]1)(\[OH:3])[CH3:7],-1.36,20,acetonitrile,293,1.0,[C:1]([CH:2]([CH3:4])[C:5](=[O:6])[NH:8][c:9]1[cH:10][cH:11][cH:12][cH:13][cH:14]1)(=[O:3])[CH3:7],[C:1](=[C:2](\[CH3:4])[C:5](=[O:6])[NH:8][c:9]1[cH:10][cH:11][cH:12][cH:13][cH:14]1)(\[OH:3])[CH3:7],1,1
87,[C:1]([CH:2]([Cl:4])[C:5](=[O:6])[NH:8][c:9]1[cH:10][cH:11][cH:12][cH:13][cH:14]1)(=[O:3])[CH3:7]>>[C:1](=[C:2](\[Cl:4])[C:5](=[O:6])[NH:8][c:9]1[cH:10][cH:11][cH:12][cH:13][cH:14]1)(\[OH:3])[CH3:7],-0.75,20,acetonitrile,293,1.0,[C:1]([CH:2]([Cl:4])[C:5](=[O:6])[NH:8][c:9]1[cH:10][cH:11][cH:12][cH:13][cH:14]1)(=[O:3])[CH3:7],[C:1](=[C:2](\[Cl:4])[C:5](=[O:6])[NH:8][c:9]1[cH:10][cH:11][cH:12][cH:13][cH:14]1)(\[OH:3])[CH3:7],1,1
88,[C:1]([CH:2]([Br:4])[C:5](=[O:6])[NH:8][c:9]1[cH:10][cH:11][cH:12][cH:13][cH:14]1)(=[O:3])[CH3:7]>>[C:1](=[C:2](\[Br:4])[C:5](=[O:6])[NH:8][c:9]1[cH:10][cH:11][cH:12][cH:13][cH:14]1)(\[OH:3])[CH3:7],-0.15,20,acetonitrile,293,1.0,[C:1]([CH:2]([Br:4])[C:5](=[O:6])[NH:8][c:9]1[cH:10][cH:11][cH:12][cH:13][cH:14]1)(=[O:3])[CH3:7],[C:1](=[C:2](\[Br:4])[C:5](=[O:6])[NH:8][c:9]1[cH:10][cH:11][cH:12][cH:13][cH:14]1)(\[OH:3])[CH3:7],1,1
89,[C:1]([CH:2]([O:4][CH3:15])[C:5](=[O:6])[NH:8][c:9]1[cH:10][cH:11][cH:12][cH:13][cH:14]1)(=[O:3])[CH3:7]>>[C:1](=[C:2](\[O:4][CH3:15])[C:5](=[O:6])[NH:8][c:9]1[cH:10][cH:11][cH:12][cH:13][cH:14]1)(\[OH:3])[CH3:7],0.25,20,acetonitrile,293,1.0,[C:1]([CH:2]([O:4][CH3:15])[C:5](=[O:6])[NH:8][c:9]1[cH:10][cH:11][cH:12][cH:13][cH:14]1)(=[O:3])[CH3:7],[C:1](=[C:2](\[O:4][CH3:15])[C:5](=[O:6])[NH:8][c:9]1[cH:10][cH:11][cH:12][cH:13][cH:14]1)(\[OH:3])[CH3:7],1,1
90,[C:1]([CH:2]([C:4]#[N:15])[C:5](=[O:6])[NH:8][c:9]1[cH:10][cH:11][cH:12][cH:13][cH:14]1)(=[O:3])[CH3:7]>>[C:1](=[C:2](\[C:4]#[N:15])[C:5](=[O:6])[NH:8][c:9]1[cH:10][cH:11][cH:12][cH:13][cH:14]1)(\[OH:3])[CH3:7],1.48,20,acetonitrile,293,1.0,[C:1]([CH:2]([C:4]#[N:15])[C:5](=[O:6])[NH:8][c:9]1[cH:10][cH:11][cH:12][cH:13][cH:14]1)(=[O:3])[CH3:7],[C:1](=[C:2](\[C:4]#[N:15])[C:5](=[O:6])[NH:8][c:9]1[cH:10][cH:11][cH:12][cH:13][cH:14]1)(\[OH:3])[CH3:7],1,1
91,[C:1]([CH:2]([c:4]1[cH:15][cH:16][cH:17][cH:18][cH:19]1)[C:5](=[O:6])[NH:8][c:9]1[cH:10][cH:11][cH:12][cH:13][cH:14]1)(=[O:3])[CH3:7]>>[C:1](=[C:2](\[c:4]1[cH:15][cH:16][cH:17][cH:18][cH:19]1)[C:5](=[O:6])[NH:8][c:9]1[cH:10][cH:11][cH:12][cH:13][cH:14]1)(\[OH:3])[CH3:7],-0.68,20,acetonitrile,293,1.0,[C:1]([CH:2]([c:4]1[cH:15][cH:16][cH:17][cH:18][cH:19]1)[C:5](=[O:6])[NH:8][c:9]1[cH:10][cH:11][cH:12][cH:13][cH:14]1)(=[O:3])[CH3:7],[C:1](=[C:2](\[c:4]1[cH:15][cH:16][cH:17][cH:18][cH:19]1)[C:5](=[O:6])[NH:8][c:9]1[cH:10][cH:11][cH:12][cH:13][cH:14]1)(\[OH:3])[CH3:7],1,1
92,[C:1]([CH:2]([C:4](=[O:19])[O:20][CH2:21][CH3:22])[C:5](=[O:6])[c:13]1[cH:14][cH:15][cH:16][cH:17][cH:18]1)(=[O:3])[c:7]1[cH:8][cH:9][cH:10][cH:11][cH:12]1>>[C:1](/[C:2]([C:4](=[O:19])[O:20][CH2:21][CH3:22])=[C:5](/[OH:6])[c:13]1[cH:14][cH:15][cH:16][cH:17][cH:18]1)(=[O:3])[c:7]1[cH:8][cH:9][cH:10][cH:11][cH:12]1,-0.85,33,acetonitrile,306,1.0,[C:1]([CH:2]([C:4](=[O:19])[O:20][CH2:21][CH3:22])[C:5](=[O:6])[c:13]1[cH:14][cH:15][cH:16][cH:17][cH:18]1)(=[O:3])[c:7]1[cH:8][cH:9][cH:10][cH:11][cH:12]1,[C:1](/[C:2]([C:4](=[O:19])[O:20][CH2:21][CH3:22])=[C:5](/[OH:6])[c:13]1[cH:14][cH:15][cH:16][cH:17][cH:18]1)(=[O:3])[c:7]1[cH:8][cH:9][cH:10][cH:11][cH:12]1,1,1
93,[C:1]([CH2:2][C:4](=[O:5])[NH:7][c:8]1[cH:9][cH:10][cH:11][cH:12][cH:13]1)(=[O:3])[CH3:6]>>[C:1](=[CH:2]/[C:4](=[O:5])[NH:7][c:8]1[cH:9][cH:10][cH:11][cH:12][cH:13]1)(\[OH:3])[CH3:6],-0.25,20,ethoxyethane,293,1.0,[C:1]([CH2:2][C:4](=[O:5])[NH:7][c:8]1[cH:9][cH:10][cH:11][cH:12][cH:13]1)(=[O:3])[CH3:6],[C:1](=[CH:2]/[C:4](=[O:5])[NH:7][c:8]1[cH:9][cH:10][cH:11][cH:12][cH:13]1)(\[OH:3])[CH3:6],1,1
94,[C:1]([CH:2]([CH3:4])[C:5](=[O:6])[NH:8][c:9]1[cH:10][cH:11][cH:12][cH:13][cH:14]1)(=[O:3])[CH3:7]>>[C:1](=[C:2](\[CH3:4])[C:5](=[O:6])[NH:8][c:9]1[cH:10][cH:11][cH:12][cH:13][cH:14]1)(\[OH:3])[CH3:7],-1.51,20,ethoxyethane,293,1.0,[C:1]([CH:2]([CH3:4])[C:5](=[O:6])[NH:8][c:9]1[cH:10][cH:11][cH:12][cH:13][cH:14]1)(=[O:3])[CH3:7],[C:1](=[C:2](\[CH3:4])[C:5](=[O:6])[NH:8][c:9]1[cH:10][cH:11][cH:12][cH:13][cH:14]1)(\[OH:3])[CH3:7],1,1
95,[C:1]([CH:2]([Br:4])[C:5](=[O:6])[NH:8][c:9]1[cH:10][cH:11][cH:12][cH:13][cH:14]1)(=[O:3])[CH3:7]>>[C:1](=[C:2](\[Br:4])[C:5](=[O:6])[NH:8][c:9]1[cH:10][cH:11][cH:12][cH:13][cH:14]1)(\[OH:3])[CH3:7],0.47,20,ethoxyethane,293,1.0,[C:1]([CH:2]([Br:4])[C:5](=[O:6])[NH:8][c:9]1[cH:10][cH:11][cH:12][cH:13][cH:14]1)(=[O:3])[CH3:7],[C:1](=[C:2](\[Br:4])[C:5](=[O:6])[NH:8][c:9]1[cH:10][cH:11][cH:12][cH:13][cH:14]1)(\[OH:3])[CH3:7],1,1
96,[C:1]([CH:2]([C:4](=[O:15])[CH3:16])[C:5](=[O:6])[NH:8][c:9]1[cH:10][cH:11][cH:12][cH:13][cH:14]1)(=[O:3])[CH3:7]>>[C:1](/[C:2](=[C:4](\[OH:15])[CH3:16])[C:5](=[O:6])[NH:8][c:9]1[cH:10][cH:11][cH:12][cH:13][cH:14]1)(=[O:3])[CH3:7],0.8,20,ethoxyethane,293,1.0,[C:1]([CH:2]([C:4](=[O:15])[CH3:16])[C:5](=[O:6])[NH:8][c:9]1[cH:10][cH:11][cH:12][cH:13][cH:14]1)(=[O:3])[CH3:7],[C:1](/[C:2](=[C:4](\[OH:15])[CH3:16])[C:5](=[O:6])[NH:8][c:9]1[cH:10][cH:11][cH:12][cH:13][cH:14]1)(=[O:3])[CH3:7],1,1
97,[C:1]([CH:2]([c:4]1[cH:15][cH:16][cH:17][cH:18][cH:19]1)[C:5](=[O:6])[NH:8][c:9]1[cH:10][cH:11][cH:12][cH:13][cH:14]1)(=[O:3])[CH3:7]>>[C:1](=[C:2](\[c:4]1[cH:15][cH:16][cH:17][cH:18][cH:19]1)[C:5](=[O:6])[NH:8][c:9]1[cH:10][cH:11][cH:12][cH:13][cH:14]1)(\[OH:3])[CH3:7],-0.7,20,ethoxyethane,293,1.0,[C:1]([CH:2]([c:4]1[cH:15][cH:16][cH:17][cH:18][cH:19]1)[C:5](=[O:6])[NH:8][c:9]1[cH:10][cH:11][cH:12][cH:13][cH:14]1)(=[O:3])[CH3:7],[C:1](=[C:2](\[c:4]1[cH:15][cH:16][cH:17][cH:18][cH:19]1)[C:5](=[O:6])[NH:8][c:9]1[cH:10][cH:11][cH:12][cH:13][cH:14]1)(\[OH:3])[CH3:7],1,1
98,[C:1]([CH2:2][C:4](=[O:5])[CH3:7])(=[O:3])[CH3:6]>>[C:1](/[CH:2]=[C:4](/[OH:5])[CH3:7])(=[O:3])[CH3:6],0.67,25,"1,4-dioxane",298,1.0,[C:1]([CH2:2][C:4](=[O:5])[CH3:7])(=[O:3])[CH3:6],[C:1](/[CH:2]=[C:4](/[OH:5])[CH3:7])(=[O:3])[CH3:6],1,1
99,[C:1]([CH2:2][C:4](=[O:5])[NH:7][c:8]1[cH:9][cH:10][cH:11][cH:12][cH:13]1)(=[O:3])[CH3:6]>>[C:1](=[CH:2]/[C:4](=[O:5])[NH:7][c:8]1[cH:9][cH:10][cH:11][cH:12][cH:13]1)(\[OH:3])[CH3:6],-0.5,20,"1,4-dioxane",293,1.0,[C:1]([CH2:2][C:4](=[O:5])[NH:7][c:8]1[cH:9][cH:10][cH:11][cH:12][cH:13]1)(=[O:3])[CH3:6],[C:1](=[CH:2]/[C:4](=[O:5])[NH:7][c:8]1[cH:9][cH:10][cH:11][cH:12][cH:13]1)(\[OH:3])[CH3:6],1,1
100,[C:1]([CH2:2][C:4](=[O:5])[NH:7][c:8]1[c:9]([CH3:14])[cH:10][cH:11][cH:12][cH:13]1)(=[O:3])[CH3:6]>>[C:1](=[CH:2]/[C:4](=[O:5])[NH:7][c:8]1[c:9]([CH3:14])[cH:10][cH:11][cH:12][cH:13]1)(\[OH:3])[CH3:6],0.59,30,"1,4-dioxane",303,1.0,[C:1]([CH2:2][C:4](=[O:5])[NH:7][c:8]1[c:9]([CH3:14])[cH:10][cH:11][cH:12][cH:13]1)(=[O:3])[CH3:6],[C:1](=[CH:2]/[C:4](=[O:5])[NH:7][c:8]1[c:9]([CH3:14])[cH:10][cH:11][cH:12][cH:13]1)(\[OH:3])[CH3:6],1,1
101,[C:1]([CH2:2][C:4](=[O:5])[NH:7][c:8]1[c:9]([Cl:14])[cH:10][cH:11][cH:12][cH:13]1)(=[O:3])[CH3:6]>>[C:1](=[CH:2]/[C:4](=[O:5])[NH:7][c:8]1[c:9]([Cl:14])[cH:10][cH:11][cH:12][cH:13]1)(\[OH:3])[CH3:6],0.69,30,"1,4-dioxane",303,1.0,[C:1]([CH2:2][C:4](=[O:5])[NH:7][c:8]1[c:9]([Cl:14])[cH:10][cH:11][cH:12][cH:13]1)(=[O:3])[CH3:6],[C:1](=[CH:2]/[C:4](=[O:5])[NH:7][c:8]1[c:9]([Cl:14])[cH:10][cH:11][cH:12][cH:13]1)(\[OH:3])[CH3:6],1,1
102,[C:1]([CH2:2][C:4](=[O:5])[NH:7][c:8]1[c:9]([O:14][CH3:15])[cH:10][cH:11][cH:12][cH:13]1)(=[O:3])[CH3:6]>>[C:1](=[CH:2]/[C:4](=[O:5])[NH:7][c:8]1[c:9]([O:14][CH3:15])[cH:10][cH:11][cH:12][cH:13]1)(\[OH:3])[CH3:6],0.69,30,"1,4-dioxane",303,1.0,[C:1]([CH2:2][C:4](=[O:5])[NH:7][c:8]1[c:9]([O:14][CH3:15])[cH:10][cH:11][cH:12][cH:13]1)(=[O:3])[CH3:6],[C:1](=[CH:2]/[C:4](=[O:5])[NH:7][c:8]1[c:9]([O:14][CH3:15])[cH:10][cH:11][cH:12][cH:13]1)(\[OH:3])[CH3:6],1,1
103,[C:1]([CH2:2][C:4](=[O:5])[NH:7][c:8]1[c:9]([CH3:14])[cH:10][c:11]([CH3:15])[cH:12][cH:13]1)(=[O:3])[CH3:6]>>[C:1](=[CH:2]/[C:4](=[O:5])[NH:7][c:8]1[c:9]([CH3:14])[cH:10][c:11]([CH3:15])[cH:12][cH:13]1)(\[OH:3])[CH3:6],0.65,30,"1,4-dioxane",303,1.0,[C:1]([CH2:2][C:4](=[O:5])[NH:7][c:8]1[c:9]([CH3:14])[cH:10][c:11]([CH3:15])[cH:12][cH:13]1)(=[O:3])[CH3:6],[C:1](=[CH:2]/[C:4](=[O:5])[NH:7][c:8]1[c:9]([CH3:14])[cH:10][c:11]([CH3:15])[cH:12][cH:13]1)(\[OH:3])[CH3:6],1,1
104,[C:1]([CH2:2][C:4](=[O:5])[NH:7][c:8]1[cH:9][c:10]([N+:19](=[O:20])[O-:21])[cH:11][cH:12][cH:13]1)(=[O:3])[c:6]1[cH:14][cH:15][cH:16][cH:17][cH:18]1>>[C:1](=[CH:2]/[C:4](=[O:5])[NH:7][c:8]1[cH:9][c:10]([N+:19](=[O:20])[O-:21])[cH:11][cH:12][cH:13]1)(\[OH:3])[c:6]1[cH:14][cH:15][cH:16][cH:17][cH:18]1,0.61,30,"1,4-dioxane",303,1.0,[C:1]([CH2:2][C:4](=[O:5])[NH:7][c:8]1[cH:9][c:10]([N+:19](=[O:20])[O-:21])[cH:11][cH:12][cH:13]1)(=[O:3])[c:6]1[cH:14][cH:15][cH:16][cH:17][cH:18]1,[C:1](=[CH:2]/[C:4](=[O:5])[NH:7][c:8]1[cH:9][c:10]([N+:19](=[O:20])[O-:21])[cH:11][cH:12][cH:13]1)(\[OH:3])[c:6]1[cH:14][cH:15][cH:16][cH:17][cH:18]1,1,1
105,[C:1]([CH:2]([CH3:4])[C:5](=[O:6])[NH:8][c:9]1[cH:10][cH:11][cH:12][cH:13][cH:14]1)(=[O:3])[CH3:7]>>[C:1](=[C:2](\[CH3:4])[C:5](=[O:6])[NH:8][c:9]1[cH:10][cH:11][cH:12][cH:13][cH:14]1)(\[OH:3])[CH3:7],-1.6,20,"1,4-dioxane",293,1.0,[C:1]([CH:2]([CH3:4])[C:5](=[O:6])[NH:8][c:9]1[cH:10][cH:11][cH:12][cH:13][cH:14]1)(=[O:3])[CH3:7],[C:1](=[C:2](\[CH3:4])[C:5](=[O:6])[NH:8][c:9]1[cH:10][cH:11][cH:12][cH:13][cH:14]1)(\[OH:3])[CH3:7],1,1
106,[C:1]([CH:2]([Cl:4])[C:5](=[O:6])[NH:8][c:9]1[cH:10][cH:11][cH:12][cH:13][cH:14]1)(=[O:3])[CH3:7]>>[C:1](=[C:2](\[Cl:4])[C:5](=[O:6])[NH:8][c:9]1[cH:10][cH:11][cH:12][cH:13][cH:14]1)(\[OH:3])[CH3:7],-0.29,20,"1,4-dioxane",293,1.0,[C:1]([CH:2]([Cl:4])[C:5](=[O:6])[NH:8][c:9]1[cH:10][cH:11][cH:12][cH:13][cH:14]1)(=[O:3])[CH3:7],[C:1](=[C:2](\[Cl:4])[C:5](=[O:6])[NH:8][c:9]1[cH:10][cH:11][cH:12][cH:13][cH:14]1)(\[OH:3])[CH3:7],1,1
107,[C:1]([CH:2]([Br:4])[C:5](=[O:6])[NH:8][c:9]1[cH:10][cH:11][cH:12][cH:13][cH:14]1)(=[O:3])[CH3:7]>>[C:1](=[C:2](\[Br:4])[C:5](=[O:6])[NH:8][c:9]1[cH:10][cH:11][cH:12][cH:13][cH:14]1)(\[OH:3])[CH3:7],0.14,20,"1,4-dioxane",293,1.0,[C:1]([CH:2]([Br:4])[C:5](=[O:6])[NH:8][c:9]1[cH:10][cH:11][cH:12][cH:13][cH:14]1)(=[O:3])[CH3:7],[C:1](=[C:2](\[Br:4])[C:5](=[O:6])[NH:8][c:9]1[cH:10][cH:11][cH:12][cH:13][cH:14]1)(\[OH:3])[CH3:7],1,1
108,[C:1]([CH:2]([C:4](=[O:15])[CH3:16])[C:5](=[O:6])[NH:8][c:9]1[cH:10][cH:11][cH:12][cH:13][cH:14]1)(=[O:3])[CH3:7]>>[C:1](/[C:2](=[C:4](\[OH:15])[CH3:16])[C:5](=[O:6])[NH:8][c:9]1[cH:10][cH:11][cH:12][cH:13][cH:14]1)(=[O:3])[CH3:7],0.26,20,"1,4-dioxane",293,1.0,[C:1]([CH:2]([C:4](=[O:15])[CH3:16])[C:5](=[O:6])[NH:8][c:9]1[cH:10][cH:11][cH:12][cH:13][cH:14]1)(=[O:3])[CH3:7],[C:1](/[C:2](=[C:4](\[OH:15])[CH3:16])[C:5](=[O:6])[NH:8][c:9]1[cH:10][cH:11][cH:12][cH:13][cH:14]1)(=[O:3])[CH3:7],1,1
109,[C:1]([CH:2]([C:4]#[N:15])[C:5](=[O:6])[NH:8][c:9]1[cH:10][cH:11][cH:12][cH:13][cH:14]1)(=[O:3])[CH3:7]>>[C:1](=[C:2](\[C:4]#[N:15])[C:5](=[O:6])[NH:8][c:9]1[cH:10][cH:11][cH:12][cH:13][cH:14]1)(\[OH:3])[CH3:7],2.3,20,"1,4-dioxane",293,1.0,[C:1]([CH:2]([C:4]#[N:15])[C:5](=[O:6])[NH:8][c:9]1[cH:10][cH:11][cH:12][cH:13][cH:14]1)(=[O:3])[CH3:7],[C:1](=[C:2](\[C:4]#[N:15])[C:5](=[O:6])[NH:8][c:9]1[cH:10][cH:11][cH:12][cH:13][cH:14]1)(\[OH:3])[CH3:7],1,1
110,[C:1]([CH:2]([c:4]1[cH:15][cH:16][cH:17][cH:18][cH:19]1)[C:5](=[O:6])[NH:8][c:9]1[cH:10][cH:11][cH:12][cH:13][cH:14]1)(=[O:3])[CH3:7]>>[C:1](=[C:2](\[c:4]1[cH:15][cH:16][cH:17][cH:18][cH:19]1)[C:5](=[O:6])[NH:8][c:9]1[cH:10][cH:11][cH:12][cH:13][cH:14]1)(\[OH:3])[CH3:7],0.05,20,"1,4-dioxane",293,1.0,[C:1]([CH:2]([c:4]1[cH:15][cH:16][cH:17][cH:18][cH:19]1)[C:5](=[O:6])[NH:8][c:9]1[cH:10][cH:11][cH:12][cH:13][cH:14]1)(=[O:3])[CH3:7],[C:1](=[C:2](\[c:4]1[cH:15][cH:16][cH:17][cH:18][cH:19]1)[C:5](=[O:6])[NH:8][c:9]1[cH:10][cH:11][cH:12][cH:13][cH:14]1)(\[OH:3])[CH3:7],1,1
111,[C:1]([CH2:2][C:4](=[O:5])[CH3:7])(=[O:3])[CH3:6]>>[C:1](/[CH:2]=[C:4](/[OH:5])[CH3:7])(=[O:3])[CH3:6],0.18,38,methanesulfinylmethane,311,1.0,[C:1]([CH2:2][C:4](=[O:5])[CH3:7])(=[O:3])[CH3:6],[C:1](/[CH:2]=[C:4](/[OH:5])[CH3:7])(=[O:3])[CH3:6],1,1
112,[C:1]([CH2:2][c:4]1[n:6][cH:7][cH:8][cH:9][cH:10]1)(=[O:3])[CH3:5]>>[C:1](=[CH:2]/[c:4]1[n:6][cH:7][cH:8][cH:9][cH:10]1)(\[OH:3])[CH3:5],-0.77,33,methanesulfinylmethane,306,1.0,[C:1]([CH2:2][c:4]1[n:6][cH:7][cH:8][cH:9][cH:10]1)(=[O:3])[CH3:5],[C:1](=[CH:2]/[c:4]1[n:6][cH:7][cH:8][cH:9][cH:10]1)(\[OH:3])[CH3:5],1,1
113,[C:1]([CH2:2][c:4]1[n:6][cH:7][cH:8][cH:9][cH:10]1)(=[O:3])[CH2:5][CH3:11]>>[C:1](=[CH:2]/[c:4]1[n:6][cH:7][cH:8][cH:9][cH:10]1)(\[OH:3])[CH2:5][CH3:11],-0.88,33,methanesulfinylmethane,306,1.0,[C:1]([CH2:2][c:4]1[n:6][cH:7][cH:8][cH:9][cH:10]1)(=[O:3])[CH2:5][CH3:11],[C:1](=[CH:2]/[c:4]1[n:6][cH:7][cH:8][cH:9][cH:10]1)(\[OH:3])[CH2:5][CH3:11],1,1
114,[C:1]([CH2:2][c:4]1[n:6][cH:7][cH:8][cH:9][cH:10]1)(=[O:3])[CH2:5][CH2:11][CH3:12]>>[C:1](=[CH:2]/[c:4]1[n:6][cH:7][cH:8][cH:9][cH:10]1)(\[OH:3])[CH2:5][CH2:11][CH3:12],-0.72,33,methanesulfinylmethane,306,1.0,[C:1]([CH2:2][c:4]1[n:6][cH:7][cH:8][cH:9][cH:10]1)(=[O:3])[CH2:5][CH2:11][CH3:12],[C:1](=[CH:2]/[c:4]1[n:6][cH:7][cH:8][cH:9][cH:10]1)(\[OH:3])[CH2:5][CH2:11][CH3:12],1,1
115,[C:1]([CH2:2][c:4]1[n:6][cH:7][cH:8][cH:9][cH:10]1)(=[O:3])[CH:5]([CH3:11])[CH3:12]>>[C:1](=[CH:2]/[c:4]1[n:6][cH:7][cH:8][cH:9][cH:10]1)(\[OH:3])[CH:5]([CH3:11])[CH3:12],-0.79,33,methanesulfinylmethane,306,1.0,[C:1]([CH2:2][c:4]1[n:6][cH:7][cH:8][cH:9][cH:10]1)(=[O:3])[CH:5]([CH3:11])[CH3:12],[C:1](=[CH:2]/[c:4]1[n:6][cH:7][cH:8][cH:9][cH:10]1)(\[OH:3])[CH:5]([CH3:11])[CH3:12],1,1
116,[C:1]([CH2:2][c:4]1[n:6][cH:7][cH:8][cH:9][cH:10]1)(=[O:3])[CH2:5][CH2:11][CH2:12][CH3:13]>>[C:1](=[CH:2]/[c:4]1[n:6][cH:7][cH:8][cH:9][cH:10]1)(\[OH:3])[CH2:5][CH2:11][CH2:12][CH3:13],-0.7,33,methanesulfinylmethane,306,1.0,[C:1]([CH2:2][c:4]1[n:6][cH:7][cH:8][cH:9][cH:10]1)(=[O:3])[CH2:5][CH2:11][CH2:12][CH3:13],[C:1](=[CH:2]/[c:4]1[n:6][cH:7][cH:8][cH:9][cH:10]1)(\[OH:3])[CH2:5][CH2:11][CH2:12][CH3:13],1,1
117,[C:1]([CH2:2][c:4]1[n:6][cH:7][cH:8][cH:9][cH:10]1)(=[O:3])[CH2:5][CH:11]([CH3:12])[CH3:13]>>[C:1](=[CH:2]/[c:4]1[n:6][cH:7][cH:8][cH:9][cH:10]1)(\[OH:3])[CH2:5][CH:11]([CH3:12])[CH3:13],-0.55,33,methanesulfinylmethane,306,1.0,[C:1]([CH2:2][c:4]1[n:6][cH:7][cH:8][cH:9][cH:10]1)(=[O:3])[CH2:5][CH:11]([CH3:12])[CH3:13],[C:1](=[CH:2]/[c:4]1[n:6][cH:7][cH:8][cH:9][cH:10]1)(\[OH:3])[CH2:5][CH:11]([CH3:12])[CH3:13],1,1
118,[C:1]([CH2:2][c:4]1[n:6][cH:7][cH:8][cH:9][cH:10]1)(=[O:3])[CH:5]([CH2:11][CH3:13])[CH3:12]>>[C:1](=[CH:2]/[c:4]1[n:6][cH:7][cH:8][cH:9][cH:10]1)(\[OH:3])[CH:5]([CH2:11][CH3:13])[CH3:12],-0.39,33,methanesulfinylmethane,306,1.0,[C:1]([CH2:2][c:4]1[n:6][cH:7][cH:8][cH:9][cH:10]1)(=[O:3])[CH:5]([CH2:11][CH3:13])[CH3:12],[C:1](=[CH:2]/[c:4]1[n:6][cH:7][cH:8][cH:9][cH:10]1)(\[OH:3])[CH:5]([CH2:11][CH3:13])[CH3:12],1,1
119,[C:1]([CH2:2][c:4]1[n:6][cH:7][cH:8][cH:9][cH:10]1)(=[O:3])[C:5]([CH3:11])([CH3:12])[CH3:13]>>[C:1](=[CH:2]/[c:4]1[n:6][cH:7][cH:8][cH:9][cH:10]1)(\[OH:3])[C:5]([CH3:11])([CH3:12])[CH3:13],-0.4,33,methanesulfinylmethane,306,1.0,[C:1]([CH2:2][c:4]1[n:6][cH:7][cH:8][cH:9][cH:10]1)(=[O:3])[C:5]([CH3:11])([CH3:12])[CH3:13],[C:1](=[CH:2]/[c:4]1[n:6][cH:7][cH:8][cH:9][cH:10]1)(\[OH:3])[C:5]([CH3:11])([CH3:12])[CH3:13],1,1
120,[C:1]([CH2:2][c:4]1[n:6][cH:7][cH:8][cH:9][cH:10]1)(=[O:3])[CH2:5][CH2:11][CH2:12][CH2:13][CH3:14]>>[C:1](=[CH:2]/[c:4]1[n:6][cH:7][cH:8][cH:9][cH:10]1)(\[OH:3])[CH2:5][CH2:11][CH2:12][CH2:13][CH3:14],-0.68,33,methanesulfinylmethane,306,1.0,[C:1]([CH2:2][c:4]1[n:6][cH:7][cH:8][cH:9][cH:10]1)(=[O:3])[CH2:5][CH2:11][CH2:12][CH2:13][CH3:14],[C:1](=[CH:2]/[c:4]1[n:6][cH:7][cH:8][cH:9][cH:10]1)(\[OH:3])[CH2:5][CH2:11][CH2:12][CH2:13][CH3:14],1,1
121,[C:1]([CH2:2][C:5](=[O:6])[CH3:7])(=[O:3])[CH3:4]>>[C:1](/[CH:2]=[C:5](/[OH:6])[CH3:7])(=[O:3])[CH3:4],1.06,25,cyclohexane,298,1.0,[C:1]([CH2:2][C:5](=[O:6])[CH3:7])(=[O:3])[CH3:4],[C:1](/[CH:2]=[C:5](/[OH:6])[CH3:7])(=[O:3])[CH3:4],1,1
122,[C:1]([CH2:2][C:5](=[O:6])[CH3:7])(=[O:3])[CH3:4]>>[C:1](/[CH:2]=[C:5](/[OH:6])[CH3:7])(=[O:3])[CH3:4],1.28,38,cyclohexane,311,1.0,[C:1]([CH2:2][C:5](=[O:6])[CH3:7])(=[O:3])[CH3:4],[C:1](/[CH:2]=[C:5](/[OH:6])[CH3:7])(=[O:3])[CH3:4],1,1
123,[C:1]([CH:2]([C:4](=[O:19])[O:20][CH2:21][CH3:22])[C:6]([c:7]1[cH:14][cH:15][cH:16][cH:17][cH:18]1)=[O:8])(=[O:3])[c:5]1[cH:9][cH:10][cH:11][cH:12][cH:13]1>>[C:1](/[C:2]([C:4](=[O:19])[O:20][CH2:21][CH3:22])=[C:6](\[c:7]1[cH:14][cH:15][cH:16][cH:17][cH:18]1)[OH:8])(=[O:3])[c:5]1[cH:9][cH:10][cH:11][cH:12][cH:13]1,0.6,26,cyclohexane,299,1.0,[C:1]([CH:2]([C:4](=[O:19])[O:20][CH2:21][CH3:22])[C:6]([c:7]1[cH:14][cH:15][cH:16][cH:17][cH:18]1)=[O:8])(=[O:3])[c:5]1[cH:9][cH:10][cH:11][cH:12][cH:13]1,[C:1](/[C:2]([C:4](=[O:19])[O:20][CH2:21][CH3:22])=[C:6](\[c:7]1[cH:14][cH:15][cH:16][cH:17][cH:18]1)[OH:8])(=[O:3])[c:5]1[cH:9][cH:10][cH:11][cH:12][cH:13]1,1,1
124,[O:1]1[CH:2]([CH3:8])[CH:3]([C:10](=[O:12])[O:13][CH2:14][CH3:15])[C:4](=[O:7])[CH:5]([C:11]([O:16][CH2:18][CH3:19])=[O:17])[CH:6]1[CH3:9]>>[O:1]1[CH:2]([CH3:8])[C:3]([C:10](=[O:12])[O:13][CH2:14][CH3:15])=[C:4]([OH:7])[CH:5]([C:11]([O:16][CH2:18][CH3:19])=[O:17])[CH:6]1[CH3:9],-0.05,20,cyclohexane,293,1.0,[O:1]1[CH:2]([CH3:8])[CH:3]([C:10](=[O:12])[O:13][CH2:14][CH3:15])[C:4](=[O:7])[CH:5]([C:11]([O:16][CH2:18][CH3:19])=[O:17])[CH:6]1[CH3:9],[O:1]1[CH:2]([CH3:8])[C:3]([C:10](=[O:12])[O:13][CH2:14][CH3:15])=[C:4]([OH:7])[CH:5]([C:11]([O:16][CH2:18][CH3:19])=[O:17])[CH:6]1[CH3:9],1,1
125,[O:1]1[CH:2]([CH2:8][CH3:20])[CH:3]([C:10](=[O:12])[O:13][CH2:14][CH3:15])[C:4](=[O:7])[CH:5]([C:11]([O:16][CH2:18][CH3:19])=[O:17])[CH:6]1[CH2:9][CH3:21]>>[O:1]1[CH:2]([CH2:8][CH3:20])[C:3]([C:10](=[O:12])[O:13][CH2:14][CH3:15])=[C:4]([OH:7])[CH:5]([C:11]([O:16][CH2:18][CH3:19])=[O:17])[CH:6]1[CH2:9][CH3:21],-0.1,20,cyclohexane,293,1.0,[O:1]1[CH:2]([CH2:8][CH3:20])[CH:3]([C:10](=[O:12])[O:13][CH2:14][CH3:15])[C:4](=[O:7])[CH:5]([C:11]([O:16][CH2:18][CH3:19])=[O:17])[CH:6]1[CH2:9][CH3:21],[O:1]1[CH:2]([CH2:8][CH3:20])[C:3]([C:10](=[O:12])[O:13][CH2:14][CH3:15])=[C:4]([OH:7])[CH:5]([C:11]([O:16][CH2:18][CH3:19])=[O:17])[CH:6]1[CH2:9][CH3:21],1,1
126,[O:1]1[CH:2]([CH2:8][CH2:18][CH3:19])[CH:3]([C:10](=[O:12])[O:13][CH3:14])[C:4](=[O:7])[CH:5]([C:11]([O:15][CH3:17])=[O:16])[CH:6]1[CH2:9][CH2:20][CH3:21]>>[O:1]1[CH:2]([CH2:8][CH2:18][CH3:19])[C:3]([C:10](=[O:12])[O:13][CH3:14])=[C:4]([OH:7])[CH:5]([C:11]([O:15][CH3:17])=[O:16])[CH:6]1[CH2:9][CH2:20][CH3:21],-0.19,20,cyclohexane,293,1.0,[O:1]1[CH:2]([CH2:8][CH2:18][CH3:19])[CH:3]([C:10](=[O:12])[O:13][CH3:14])[C:4](=[O:7])[CH:5]([C:11]([O:15][CH3:17])=[O:16])[CH:6]1[CH2:9][CH2:20][CH3:21],[O:1]1[CH:2]([CH2:8][CH2:18][CH3:19])[C:3]([C:10](=[O:12])[O:13][CH3:14])=[C:4]([OH:7])[CH:5]([C:11]([O:15][CH3:17])=[O:16])[CH:6]1[CH2:9][CH2:20][CH3:21],1,1
127,[O:1]1[CH:2]([CH2:8][CH2:20][CH3:21])[CH:3]([C:10](=[O:12])[O:13][CH2:14][CH3:15])[C:4](=[O:7])[CH:5]([C:11]([O:16][CH2:18][CH3:19])=[O:17])[CH:6]1[CH2:9][CH2:22][CH3:23]>>[O:1]1[CH:2]([CH2:8][CH2:20][CH3:21])[C:3]([C:10](=[O:12])[O:13][CH2:14][CH3:15])=[C:4]([OH:7])[CH:5]([C:11]([O:16][CH2:18][CH3:19])=[O:17])[CH:6]1[CH2:9][CH2:22][CH3:23],-0.21,20,cyclohexane,293,1.0,[O:1]1[CH:2]([CH2:8][CH2:20][CH3:21])[CH:3]([C:10](=[O:12])[O:13][CH2:14][CH3:15])[C:4](=[O:7])[CH:5]([C:11]([O:16][CH2:18][CH3:19])=[O:17])[CH:6]1[CH2:9][CH2:22][CH3:23],[O:1]1[CH:2]([CH2:8][CH2:20][CH3:21])[C:3]([C:10](=[O:12])[O:13][CH2:14][CH3:15])=[C:4]([OH:7])[CH:5]([C:11]([O:16][CH2:18][CH3:19])=[O:17])[CH:6]1[CH2:9][CH2:22][CH3:23],1,1
128,[NH:1]1[CH:2]([CH3:8])[CH:3]([C:10](=[O:12])[O:13][CH2:14][CH3:15])[C:4](=[O:7])[CH:5]([C:11]([O:16][CH2:18][CH3:19])=[O:17])[CH:6]1[CH3:9]>>[NH:1]1[CH:2]([CH3:8])[C:3]([C:10](=[O:12])[O:13][CH2:14][CH3:15])=[C:4]([OH:7])[CH:5]([C:11]([O:16][CH2:18][CH3:19])=[O:17])[CH:6]1[CH3:9],-0.43,20,cyclohexane,293,1.0,[NH:1]1[CH:2]([CH3:8])[CH:3]([C:10](=[O:12])[O:13][CH2:14][CH3:15])[C:4](=[O:7])[CH:5]([C:11]([O:16][CH2:18][CH3:19])=[O:17])[CH:6]1[CH3:9],[NH:1]1[CH:2]([CH3:8])[C:3]([C:10](=[O:12])[O:13][CH2:14][CH3:15])=[C:4]([OH:7])[CH:5]([C:11]([O:16][CH2:18][CH3:19])=[O:17])[CH:6]1[CH3:9],1,1
129,[NH:1]1[CH:2]([CH2:8][CH2:18][CH3:19])[CH:3]([C:10](=[O:12])[O:13][CH3:14])[C:4](=[O:7])[CH:5]([C:11]([O:15][CH3:17])=[O:16])[CH:6]1[CH2:9][CH2:20][CH3:21]>>[NH:1]1[CH:2]([CH2:8][CH2:18][CH3:19])[C:3]([C:10](=[O:12])[O:13][CH3:14])=[C:4]([OH:7])[CH:5]([C:11]([O:15][CH3:17])=[O:16])[CH:6]1[CH2:9][CH2:20][CH3:21],-0.49,20,cyclohexane,293,1.0,[NH:1]1[CH:2]([CH2:8][CH2:18][CH3:19])[CH:3]([C:10](=[O:12])[O:13][CH3:14])[C:4](=[O:7])[CH:5]([C:11]([O:15][CH3:17])=[O:16])[CH:6]1[CH2:9][CH2:20][CH3:21],[NH:1]1[CH:2]([CH2:8][CH2:18][CH3:19])[C:3]([C:10](=[O:12])[O:13][CH3:14])=[C:4]([OH:7])[CH:5]([C:11]([O:15][CH3:17])=[O:16])[CH:6]1[CH2:9][CH2:20][CH3:21],1,1
130,[NH:1]1[CH:2]([CH:8]([CH3:18])[CH3:19])[CH:3]([C:10](=[O:12])[O:13][CH3:14])[C:4](=[O:7])[CH:5]([C:11]([O:15][CH3:17])=[O:16])[CH:6]1[CH:9]([CH3:20])[CH3:21]>>[NH:1]1[CH:2]([CH:8]([CH3:18])[CH3:19])[C:3]([C:10](=[O:12])[O:13][CH3:14])=[C:4]([OH:7])[CH:5]([C:11]([O:15][CH3:17])=[O:16])[CH:6]1[CH:9]([CH3:20])[CH3:21],-0.64,20,cyclohexane,293,1.0,[NH:1]1[CH:2]([CH:8]([CH3:18])[CH3:19])[CH:3]([C:10](=[O:12])[O:13][CH3:14])[C:4](=[O:7])[CH:5]([C:11]([O:15][CH3:17])=[O:16])[CH:6]1[CH:9]([CH3:20])[CH3:21],[NH:1]1[CH:2]([CH:8]([CH3:18])[CH3:19])[C:3]([C:10](=[O:12])[O:13][CH3:14])=[C:4]([OH:7])[CH:5]([C:11]([O:15][CH3:17])=[O:16])[CH:6]1[CH:9]([CH3:20])[CH3:21],1,1
131,[C:1]([CH:2]([CH:5]1[CH2:6][CH2:8][C:7]1=[O:14])[CH:9]1[CH2:10][CH2:12][C:11]1=[O:13])(=[O:3])[CH3:4]>>[C:1](=[C:2](\[CH:5]1[CH2:6][CH2:8][C:7]1=[O:14])[CH:9]1[CH2:10][CH2:12][C:11]1=[O:13])(\[OH:3])[CH3:4],-0.37,27,benzene,300,1.0,[C:1]([CH:2]([CH:5]1[CH2:6][CH2:8][C:7]1=[O:14])[CH:9]1[CH2:10][CH2:12][C:11]1=[O:13])(=[O:3])[CH3:4],[C:1](=[C:2](\[CH:5]1[CH2:6][CH2:8][C:7]1=[O:14])[CH:9]1[CH2:10][CH2:12][C:11]1=[O:13])(\[OH:3])[CH3:4],1,1
132,[C:1]([CH2:2][C:4](=[O:5])[NH:7][c:8]1[cH:9][cH:10][cH:11][cH:12][cH:13]1)(=[O:3])[CH3:6]>>[C:1](=[CH:2]/[C:4](=[O:5])[NH:7][c:8]1[cH:9][cH:10][cH:11][cH:12][cH:13]1)(\[OH:3])[CH3:6],-0.59,20,benzene,293,1.0,[C:1]([CH2:2][C:4](=[O:5])[NH:7][c:8]1[cH:9][cH:10][cH:11][cH:12][cH:13]1)(=[O:3])[CH3:6],[C:1](=[CH:2]/[C:4](=[O:5])[NH:7][c:8]1[cH:9][cH:10][cH:11][cH:12][cH:13]1)(\[OH:3])[CH3:6],1,1
133,[C:1]([CH:2]([CH3:4])[C:5](=[O:6])[NH:8][c:9]1[cH:10][cH:11][cH:12][cH:13][cH:14]1)(=[O:3])[CH3:7]>>[C:1](=[C:2](\[CH3:4])[C:5](=[O:6])[NH:8][c:9]1[cH:10][cH:11][cH:12][cH:13][cH:14]1)(\[OH:3])[CH3:7],-1.32,20,benzene,293,1.0,[C:1]([CH:2]([CH3:4])[C:5](=[O:6])[NH:8][c:9]1[cH:10][cH:11][cH:12][cH:13][cH:14]1)(=[O:3])[CH3:7],[C:1](=[C:2](\[CH3:4])[C:5](=[O:6])[NH:8][c:9]1[cH:10][cH:11][cH:12][cH:13][cH:14]1)(\[OH:3])[CH3:7],1,1
134,[C:1]([CH:2]([Cl:4])[C:5](=[O:6])[NH:8][c:9]1[cH:10][cH:11][cH:12][cH:13][cH:14]1)(=[O:3])[CH3:7]>>[C:1](=[C:2](\[Cl:4])[C:5](=[O:6])[NH:8][c:9]1[cH:10][cH:11][cH:12][cH:13][cH:14]1)(\[OH:3])[CH3:7],0.55,20,benzene,293,1.0,[C:1]([CH:2]([Cl:4])[C:5](=[O:6])[NH:8][c:9]1[cH:10][cH:11][cH:12][cH:13][cH:14]1)(=[O:3])[CH3:7],[C:1](=[C:2](\[Cl:4])[C:5](=[O:6])[NH:8][c:9]1[cH:10][cH:11][cH:12][cH:13][cH:14]1)(\[OH:3])[CH3:7],1,1
135,[C:1]([CH:2]([Br:4])[C:5](=[O:6])[NH:8][c:9]1[cH:10][cH:11][cH:12][cH:13][cH:14]1)(=[O:3])[CH3:7]>>[C:1](=[C:2](\[Br:4])[C:5](=[O:6])[NH:8][c:9]1[cH:10][cH:11][cH:12][cH:13][cH:14]1)(\[OH:3])[CH3:7],-0.11,20,benzene,293,1.0,[C:1]([CH:2]([Br:4])[C:5](=[O:6])[NH:8][c:9]1[cH:10][cH:11][cH:12][cH:13][cH:14]1)(=[O:3])[CH3:7],[C:1](=[C:2](\[Br:4])[C:5](=[O:6])[NH:8][c:9]1[cH:10][cH:11][cH:12][cH:13][cH:14]1)(\[OH:3])[CH3:7],1,1
136,[C:1]([CH:2]([c:4]1[cH:15][cH:16][cH:17][cH:18][cH:19]1)[C:5](=[O:6])[NH:8][c:9]1[cH:10][cH:11][cH:12][cH:13][cH:14]1)(=[O:3])[CH3:7]>>[C:1](=[C:2](\[c:4]1[cH:15][cH:16][cH:17][cH:18][cH:19]1)[C:5](=[O:6])[NH:8][c:9]1[cH:10][cH:11][cH:12][cH:13][cH:14]1)(\[OH:3])[CH3:7],-0.71,20,benzene,293,1.0,[C:1]([CH:2]([c:4]1[cH:15][cH:16][cH:17][cH:18][cH:19]1)[C:5](=[O:6])[NH:8][c:9]1[cH:10][cH:11][cH:12][cH:13][cH:14]1)(=[O:3])[CH3:7],[C:1](=[C:2](\[c:4]1[cH:15][cH:16][cH:17][cH:18][cH:19]1)[C:5](=[O:6])[NH:8][c:9]1[cH:10][cH:11][cH:12][cH:13][cH:14]1)(\[OH:3])[CH3:7],1,1
137,[C:1]([CH2:2][c:4]1[n:6][cH:7][cH:8][cH:9][cH:10]1)(=[O:3])[CH3:5]>>[C:1](=[CH:2]/[c:4]1[n:6][cH:7][cH:8][cH:9][cH:10]1)(\[OH:3])[CH3:5],-0.82,33,trichloromethane,306,1.0,[C:1]([CH2:2][c:4]1[n:6][cH:7][cH:8][cH:9][cH:10]1)(=[O:3])[CH3:5],[C:1](=[CH:2]/[c:4]1[n:6][cH:7][cH:8][cH:9][cH:10]1)(\[OH:3])[CH3:5],1,1
138,[C:1]([CH2:2][c:4]1[n:6][cH:7][cH:8][cH:9][cH:10]1)(=[O:3])[CH2:5][CH3:11]>>[C:1](=[CH:2]/[c:4]1[n:6][cH:7][cH:8][cH:9][cH:10]1)(\[OH:3])[CH2:5][CH3:11],-1.15,33,trichloromethane,306,1.0,[C:1]([CH2:2][c:4]1[n:6][cH:7][cH:8][cH:9][cH:10]1)(=[O:3])[CH2:5][CH3:11],[C:1](=[CH:2]/[c:4]1[n:6][cH:7][cH:8][cH:9][cH:10]1)(\[OH:3])[CH2:5][CH3:11],1,1
139,[C:1]([CH2:2][c:4]1[n:6][cH:7][cH:8][cH:9][cH:10]1)(=[O:3])[CH2:5][CH2:11][CH3:12]>>[C:1](=[CH:2]/[c:4]1[n:6][cH:7][cH:8][cH:9][cH:10]1)(\[OH:3])[CH2:5][CH2:11][CH3:12],-0.74,33,trichloromethane,306,1.0,[C:1]([CH2:2][c:4]1[n:6][cH:7][cH:8][cH:9][cH:10]1)(=[O:3])[CH2:5][CH2:11][CH3:12],[C:1](=[CH:2]/[c:4]1[n:6][cH:7][cH:8][cH:9][cH:10]1)(\[OH:3])[CH2:5][CH2:11][CH3:12],1,1
140,[C:1]([CH2:2][c:4]1[n:6][cH:7][cH:8][cH:9][cH:10]1)(=[O:3])[CH:5]([CH3:11])[CH3:12]>>[C:1](=[CH:2]/[c:4]1[n:6][cH:7][cH:8][cH:9][cH:10]1)(\[OH:3])[CH:5]([CH3:11])[CH3:12],-0.6,33,trichloromethane,306,1.0,[C:1]([CH2:2][c:4]1[n:6][cH:7][cH:8][cH:9][cH:10]1)(=[O:3])[CH:5]([CH3:11])[CH3:12],[C:1](=[CH:2]/[c:4]1[n:6][cH:7][cH:8][cH:9][cH:10]1)(\[OH:3])[CH:5]([CH3:11])[CH3:12],1,1
141,[C:1]([CH2:2][c:4]1[n:6][cH:7][cH:8][cH:9][cH:10]1)(=[O:3])[CH2:5][CH2:11][CH2:12][CH3:13]>>[C:1](=[CH:2]/[c:4]1[n:6][cH:7][cH:8][cH:9][cH:10]1)(\[OH:3])[CH2:5][CH2:11][CH2:12][CH3:13],-0.79,33,trichloromethane,306,1.0,[C:1]([CH2:2][c:4]1[n:6][cH:7][cH:8][cH:9][cH:10]1)(=[O:3])[CH2:5][CH2:11][CH2:12][CH3:13],[C:1](=[CH:2]/[c:4]1[n:6][cH:7][cH:8][cH:9][cH:10]1)(\[OH:3])[CH2:5][CH2:11][CH2:12][CH3:13],1,1
142,[C:1]([CH2:2][c:4]1[n:6][cH:7][cH:8][cH:9][cH:10]1)(=[O:3])[CH2:5][CH:11]([CH3:12])[CH3:13]>>[C:1](=[CH:2]/[c:4]1[n:6][cH:7][cH:8][cH:9][cH:10]1)(\[OH:3])[CH2:5][CH:11]([CH3:12])[CH3:13],-0.72,33,trichloromethane,306,1.0,[C:1]([CH2:2][c:4]1[n:6][cH:7][cH:8][cH:9][cH:10]1)(=[O:3])[CH2:5][CH:11]([CH3:12])[CH3:13],[C:1](=[CH:2]/[c:4]1[n:6][cH:7][cH:8][cH:9][cH:10]1)(\[OH:3])[CH2:5][CH:11]([CH3:12])[CH3:13],1,1
143,[C:1]([CH2:2][c:4]1[n:6][cH:7][cH:8][cH:9][cH:10]1)(=[O:3])[CH:5]([CH2:11][CH3:13])[CH3:12]>>[C:1](=[CH:2]/[c:4]1[n:6][cH:7][cH:8][cH:9][cH:10]1)(\[OH:3])[CH:5]([CH2:11][CH3:13])[CH3:12],-0.49,33,trichloromethane,306,1.0,[C:1]([CH2:2][c:4]1[n:6][cH:7][cH:8][cH:9][cH:10]1)(=[O:3])[CH:5]([CH2:11][CH3:13])[CH3:12],[C:1](=[CH:2]/[c:4]1[n:6][cH:7][cH:8][cH:9][cH:10]1)(\[OH:3])[CH:5]([CH2:11][CH3:13])[CH3:12],1,1
144,[C:1]([CH2:2][c:4]1[n:6][cH:7][cH:8][cH:9][cH:10]1)(=[O:3])[C:5]([CH3:11])([CH3:12])[CH3:13]>>[C:1](=[CH:2]/[c:4]1[n:6][cH:7][cH:8][cH:9][cH:10]1)(\[OH:3])[C:5]([CH3:11])([CH3:12])[CH3:13],-0.45,33,trichloromethane,306,1.0,[C:1]([CH2:2][c:4]1[n:6][cH:7][cH:8][cH:9][cH:10]1)(=[O:3])[C:5]([CH3:11])([CH3:12])[CH3:13],[C:1](=[CH:2]/[c:4]1[n:6][cH:7][cH:8][cH:9][cH:10]1)(\[OH:3])[C:5]([CH3:11])([CH3:12])[CH3:13],1,1
145,[C:1]([CH2:2][c:4]1[n:6][cH:7][cH:8][cH:9][cH:10]1)(=[O:3])[CH2:5][CH2:11][CH2:12][CH2:13][CH3:14]>>[C:1](=[CH:2]/[c:4]1[n:6][cH:7][cH:8][cH:9][cH:10]1)(\[OH:3])[CH2:5][CH2:11][CH2:12][CH2:13][CH3:14],-0.82,33,trichloromethane,306,1.0,[C:1]([CH2:2][c:4]1[n:6][cH:7][cH:8][cH:9][cH:10]1)(=[O:3])[CH2:5][CH2:11][CH2:12][CH2:13][CH3:14],[C:1](=[CH:2]/[c:4]1[n:6][cH:7][cH:8][cH:9][cH:10]1)(\[OH:3])[CH2:5][CH2:11][CH2:12][CH2:13][CH3:14],1,1
146,[C:1]([CH:2]([C:4](=[O:19])[O:20][CH2:21][CH3:22])[C:11]([c:12]1[cH:14][cH:15][cH:16][cH:17][cH:18]1)=[O:13])(=[O:3])[c:5]1[cH:6][cH:7][cH:8][cH:9][cH:10]1>>[C:1](/[C:2]([C:4](=[O:19])[O:20][CH2:21][CH3:22])=[C:11](\[c:12]1[cH:14][cH:15][cH:16][cH:17][cH:18]1)[OH:13])(=[O:3])[c:5]1[cH:6][cH:7][cH:8][cH:9][cH:10]1,0.0,33,trichloromethane,306,1.0,[C:1]([CH:2]([C:4](=[O:19])[O:20][CH2:21][CH3:22])[C:11]([c:12]1[cH:14][cH:15][cH:16][cH:17][cH:18]1)=[O:13])(=[O:3])[c:5]1[cH:6][cH:7][cH:8][cH:9][cH:10]1,[C:1](/[C:2]([C:4](=[O:19])[O:20][CH2:21][CH3:22])=[C:11](\[c:12]1[cH:14][cH:15][cH:16][cH:17][cH:18]1)[OH:13])(=[O:3])[c:5]1[cH:6][cH:7][cH:8][cH:9][cH:10]1,1,1
147,[C:1]([CH2:2][C:5]([CH3:6])=[O:7])(=[O:3])[CH3:4]>>[C:1](/[CH:2]=[C:5](\[CH3:6])[OH:7])(=[O:3])[CH3:4],1.2,38,tetrachloromethane,311,1.0,[C:1]([CH2:2][C:5]([CH3:6])=[O:7])(=[O:3])[CH3:4],[C:1](/[CH:2]=[C:5](\[CH3:6])[OH:7])(=[O:3])[CH3:4],1,1
148,[C:1]([CH2:2][c:5]1[n:6][cH:7][cH:8][cH:9][cH:10]1)(=[O:3])[CH3:4]>>[C:1](=[CH:2]/[c:5]1[n:6][cH:7][cH:8][cH:9][cH:10]1)(\[OH:3])[CH3:4],-0.57,33,tetrachloromethane,306,1.0,[C:1]([CH2:2][c:5]1[n:6][cH:7][cH:8][cH:9][cH:10]1)(=[O:3])[CH3:4],[C:1](=[CH:2]/[c:5]1[n:6][cH:7][cH:8][cH:9][cH:10]1)(\[OH:3])[CH3:4],1,1
149,[C:1]([CH2:2][c:5]1[n:6][cH:7][cH:8][cH:9][cH:10]1)(=[O:3])[CH2:4][CH3:11]>>[C:1](=[CH:2]/[c:5]1[n:6][cH:7][cH:8][cH:9][cH:10]1)(\[OH:3])[CH2:4][CH3:11],-0.62,33,tetrachloromethane,306,1.0,[C:1]([CH2:2][c:5]1[n:6][cH:7][cH:8][cH:9][cH:10]1)(=[O:3])[CH2:4][CH3:11],[C:1](=[CH:2]/[c:5]1[n:6][cH:7][cH:8][cH:9][cH:10]1)(\[OH:3])[CH2:4][CH3:11],1,1
150,[C:1]([CH2:2][c:5]1[n:6][cH:7][cH:8][cH:9][cH:10]1)(=[O:3])[CH2:4][CH2:11][CH3:12]>>[C:1](=[CH:2]/[c:5]1[n:6][cH:7][cH:8][cH:9][cH:10]1)(\[OH:3])[CH2:4][CH2:11][CH3:12],-0.51,33,tetrachloromethane,306,1.0,[C:1]([CH2:2][c:5]1[n:6][cH:7][cH:8][cH:9][cH:10]1)(=[O:3])[CH2:4][CH2:11][CH3:12],[C:1](=[CH:2]/[c:5]1[n:6][cH:7][cH:8][cH:9][cH:10]1)(\[OH:3])[CH2:4][CH2:11][CH3:12],1,1
151,[C:1]([CH2:2][c:5]1[n:6][cH:7][cH:8][cH:9][cH:10]1)(=[O:3])[CH:4]([CH3:11])[CH3:12]>>[C:1](=[CH:2]/[c:5]1[n:6][cH:7][cH:8][cH:9][cH:10]1)(\[OH:3])[CH:4]([CH3:11])[CH3:12],-0.33,33,tetrachloromethane,306,1.0,[C:1]([CH2:2][c:5]1[n:6][cH:7][cH:8][cH:9][cH:10]1)(=[O:3])[CH:4]([CH3:11])[CH3:12],[C:1](=[CH:2]/[c:5]1[n:6][cH:7][cH:8][cH:9][cH:10]1)(\[OH:3])[CH:4]([CH3:11])[CH3:12],1,1
152,[C:1]([CH2:2][c:5]1[n:6][cH:7][cH:8][cH:9][cH:10]1)(=[O:3])[CH2:4][CH2:11][CH2:12][CH3:13]>>[C:1](=[CH:2]/[c:5]1[n:6][cH:7][cH:8][cH:9][cH:10]1)(\[OH:3])[CH2:4][CH2:11][CH2:12][CH3:13],-0.37,33,tetrachloromethane,306,1.0,[C:1]([CH2:2][c:5]1[n:6][cH:7][cH:8][cH:9][cH:10]1)(=[O:3])[CH2:4][CH2:11][CH2:12][CH3:13],[C:1](=[CH:2]/[c:5]1[n:6][cH:7][cH:8][cH:9][cH:10]1)(\[OH:3])[CH2:4][CH2:11][CH2:12][CH3:13],1,1
153,[C:1]([CH2:2][c:5]1[n:6][cH:7][cH:8][cH:9][cH:10]1)(=[O:3])[CH2:4][CH:11]([CH3:12])[CH3:13]>>[C:1](=[CH:2]/[c:5]1[n:6][cH:7][cH:8][cH:9][cH:10]1)(\[OH:3])[CH2:4][CH:11]([CH3:12])[CH3:13],-0.31,33,tetrachloromethane,306,1.0,[C:1]([CH2:2][c:5]1[n:6][cH:7][cH:8][cH:9][cH:10]1)(=[O:3])[CH2:4][CH:11]([CH3:12])[CH3:13],[C:1](=[CH:2]/[c:5]1[n:6][cH:7][cH:8][cH:9][cH:10]1)(\[OH:3])[CH2:4][CH:11]([CH3:12])[CH3:13],1,1
154,[C:1]([CH2:2][c:5]1[n:6][cH:7][cH:8][cH:9][cH:10]1)(=[O:3])[CH:4]([CH3:11])[CH2:12][CH3:13]>>[C:1](=[CH:2]/[c:5]1[n:6][cH:7][cH:8][cH:9][cH:10]1)(\[OH:3])[CH:4]([CH3:11])[CH2:12][CH3:13],-0.28,33,tetrachloromethane,306,1.0,[C:1]([CH2:2][c:5]1[n:6][cH:7][cH:8][cH:9][cH:10]1)(=[O:3])[CH:4]([CH3:11])[CH2:12][CH3:13],[C:1](=[CH:2]/[c:5]1[n:6][cH:7][cH:8][cH:9][cH:10]1)(\[OH:3])[CH:4]([CH3:11])[CH2:12][CH3:13],1,1
155,[C:1]([CH2:2][c:5]1[n:6][cH:7][cH:8][cH:9][cH:10]1)(=[O:3])[C:4]([CH3:11])([CH3:12])[CH3:13]>>[C:1](=[CH:2]/[c:5]1[n:6][cH:7][cH:8][cH:9][cH:10]1)(\[OH:3])[C:4]([CH3:11])([CH3:12])[CH3:13],-0.15,33,tetrachloromethane,306,1.0,[C:1]([CH2:2][c:5]1[n:6][cH:7][cH:8][cH:9][cH:10]1)(=[O:3])[C:4]([CH3:11])([CH3:12])[CH3:13],[C:1](=[CH:2]/[c:5]1[n:6][cH:7][cH:8][cH:9][cH:10]1)(\[OH:3])[C:4]([CH3:11])([CH3:12])[CH3:13],1,1
156,[C:1]([CH2:2][c:5]1[n:6][cH:7][cH:8][cH:9][cH:10]1)(=[O:3])[CH2:4][CH2:11][CH2:12][CH2:13][CH3:14]>>[C:1](=[CH:2]/[c:5]1[n:6][cH:7][cH:8][cH:9][cH:10]1)(\[OH:3])[CH2:4][CH2:11][CH2:12][CH2:13][CH3:14],-0.58,33,tetrachloromethane,306,1.0,[C:1]([CH2:2][c:5]1[n:6][cH:7][cH:8][cH:9][cH:10]1)(=[O:3])[CH2:4][CH2:11][CH2:12][CH2:13][CH3:14],[C:1](=[CH:2]/[c:5]1[n:6][cH:7][cH:8][cH:9][cH:10]1)(\[OH:3])[CH2:4][CH2:11][CH2:12][CH2:13][CH3:14],1,1
157,[C:1]([CH2:2][C:5]([O:6][CH2:13][CH3:14])=[O:7])(=[O:3])[c:4]1[cH:8][cH:9][cH:10][cH:11][cH:12]1>>[C:1](=[CH:2]/[C:5]([O:6][CH2:13][CH3:14])=[O:7])(\[OH:3])[c:4]1[cH:8][cH:9][cH:10][cH:11][cH:12]1,0.14,25,tetrachloromethane,298,1.0,[C:1]([CH2:2][C:5]([O:6][CH2:13][CH3:14])=[O:7])(=[O:3])[c:4]1[cH:8][cH:9][cH:10][cH:11][cH:12]1,[C:1](=[CH:2]/[C:5]([O:6][CH2:13][CH3:14])=[O:7])(\[OH:3])[c:4]1[cH:8][cH:9][cH:10][cH:11][cH:12]1,1,1
158,[C:1]([CH2:2][C:5]([O:6][CH2:13][CH3:14])=[O:7])(=[O:3])[c:4]1[cH:8][cH:9][c:10]([CH3:15])[cH:11][cH:12]1>>[C:1](=[CH:2]/[C:5]([O:6][CH2:13][CH3:14])=[O:7])(\[OH:3])[c:4]1[cH:8][cH:9][c:10]([CH3:15])[cH:11][cH:12]1,0.04,25,tetrachloromethane,298,1.0,[C:1]([CH2:2][C:5]([O:6][CH2:13][CH3:14])=[O:7])(=[O:3])[c:4]1[cH:8][cH:9][c:10]([CH3:15])[cH:11][cH:12]1,[C:1](=[CH:2]/[C:5]([O:6][CH2:13][CH3:14])=[O:7])(\[OH:3])[c:4]1[cH:8][cH:9][c:10]([CH3:15])[cH:11][cH:12]1,1,1
159,[C:1]([CH2:2][C:5]([O:6][CH2:13][CH3:14])=[O:7])(=[O:3])[c:4]1[cH:8][cH:9][c:10]([Cl:15])[cH:11][cH:12]1>>[C:1](=[CH:2]/[C:5]([O:6][CH2:13][CH3:14])=[O:7])(\[OH:3])[c:4]1[cH:8][cH:9][c:10]([Cl:15])[cH:11][cH:12]1,0.25,25,tetrachloromethane,298,1.0,[C:1]([CH2:2][C:5]([O:6][CH2:13][CH3:14])=[O:7])(=[O:3])[c:4]1[cH:8][cH:9][c:10]([Cl:15])[cH:11][cH:12]1,[C:1](=[CH:2]/[C:5]([O:6][CH2:13][CH3:14])=[O:7])(\[OH:3])[c:4]1[cH:8][cH:9][c:10]([Cl:15])[cH:11][cH:12]1,1,1
160,[C:1]([CH2:2][C:5]([O:6][CH2:13][CH3:14])=[O:7])(=[O:3])[c:4]1[cH:8][cH:9][c:10]([O:15][CH3:16])[cH:11][cH:12]1>>[C:1](=[CH:2]/[C:5]([O:6][CH2:13][CH3:14])=[O:7])(\[OH:3])[c:4]1[cH:8][cH:9][c:10]([O:15][CH3:16])[cH:11][cH:12]1,-0.24,25,tetrachloromethane,298,1.0,[C:1]([CH2:2][C:5]([O:6][CH2:13][CH3:14])=[O:7])(=[O:3])[c:4]1[cH:8][cH:9][c:10]([O:15][CH3:16])[cH:11][cH:12]1,[C:1](=[CH:2]/[C:5]([O:6][CH2:13][CH3:14])=[O:7])(\[OH:3])[c:4]1[cH:8][cH:9][c:10]([O:15][CH3:16])[cH:11][cH:12]1,1,1
161,[C:1]([CH2:2][C:5]([O:6][CH2:13][CH3:14])=[O:7])(=[O:3])[c:4]1[cH:8][cH:9][c:10]([C:15]#[N:16])[cH:11][cH:12]1>>[C:1](=[CH:2]/[C:5]([O:6][CH2:13][CH3:14])=[O:7])(\[OH:3])[c:4]1[cH:8][cH:9][c:10]([C:15]#[N:16])[cH:11][cH:12]1,0.66,25,tetrachloromethane,298,1.0,[C:1]([CH2:2][C:5]([O:6][CH2:13][CH3:14])=[O:7])(=[O:3])[c:4]1[cH:8][cH:9][c:10]([C:15]#[N:16])[cH:11][cH:12]1,[C:1](=[CH:2]/[C:5]([O:6][CH2:13][CH3:14])=[O:7])(\[OH:3])[c:4]1[cH:8][cH:9][c:10]([C:15]#[N:16])[cH:11][cH:12]1,1,1
162,[C:1]([CH2:2][C:5]([O:6][CH2:13][CH3:14])=[O:7])(=[O:3])[c:4]1[cH:8][cH:9][c:10]([N+:15](=[O:16])[O-:17])[cH:11][cH:12]1>>[C:1](=[CH:2]/[C:5]([O:6][CH2:13][CH3:14])=[O:7])(\[OH:3])[c:4]1[cH:8][cH:9][c:10]([N+:15](=[O:16])[O-:17])[cH:11][cH:12]1,0.71,25,tetrachloromethane,298,1.0,[C:1]([CH2:2][C:5]([O:6][CH2:13][CH3:14])=[O:7])(=[O:3])[c:4]1[cH:8][cH:9][c:10]([N+:15](=[O:16])[O-:17])[cH:11][cH:12]1,[C:1](=[CH:2]/[C:5]([O:6][CH2:13][CH3:14])=[O:7])(\[OH:3])[c:4]1[cH:8][cH:9][c:10]([N+:15](=[O:16])[O-:17])[cH:11][cH:12]1,1,1
163,[C:1]([CH:2]([C:4](=[O:19])[O:20][CH2:21][CH3:22])[C:6](=[O:7])[c:13]1[cH:14][cH:15][cH:16][cH:17][cH:18]1)(=[O:3])[c:5]1[cH:8][cH:9][cH:10][cH:11][cH:12]1>>[C:1](/[C:2]([C:4](=[O:19])[O:20][CH2:21][CH3:22])=[C:6](/[OH:7])[c:13]1[cH:14][cH:15][cH:16][cH:17][cH:18]1)(=[O:3])[c:5]1[cH:8][cH:9][cH:10][cH:11][cH:12]1,0.48,33,tetrachloromethane,306,1.0,[C:1]([CH:2]([C:4](=[O:19])[O:20][CH2:21][CH3:22])[C:6](=[O:7])[c:13]1[cH:14][cH:15][cH:16][cH:17][cH:18]1)(=[O:3])[c:5]1[cH:8][cH:9][cH:10][cH:11][cH:12]1,[C:1](/[C:2]([C:4](=[O:19])[O:20][CH2:21][CH3:22])=[C:6](/[OH:7])[c:13]1[cH:14][cH:15][cH:16][cH:17][cH:18]1)(=[O:3])[c:5]1[cH:8][cH:9][cH:10][cH:11][cH:12]1,1,1
164,[C:1]([CH2:2][C:4]([NH:5][c:7]1[cH:9][cH:10][cH:11][cH:12][cH:13]1)=[O:6])(=[O:3])[CH3:8]>>[C:1](=[CH:2]/[C:4]([NH:5][c:7]1[cH:9][cH:10][cH:11][cH:12][cH:13]1)=[O:6])(\[OH:3])[CH3:8],-0.92,20,"1,2-dichloroethane",293,1.0,[C:1]([CH2:2][C:4]([NH:5][c:7]1[cH:9][cH:10][cH:11][cH:12][cH:13]1)=[O:6])(=[O:3])[CH3:8],[C:1](=[CH:2]/[C:4]([NH:5][c:7]1[cH:9][cH:10][cH:11][cH:12][cH:13]1)=[O:6])(\[OH:3])[CH3:8],1,1
165,[C:1]([CH:2]([CH3:4])[C:5]([NH:6][c:8]1[cH:10][cH:11][cH:12][cH:13][cH:14]1)=[O:7])(=[O:3])[CH3:9]>>[C:1](=[C:2](\[CH3:4])[C:5]([NH:6][c:8]1[cH:10][cH:11][cH:12][cH:13][cH:14]1)=[O:7])(\[OH:3])[CH3:9],-1.62,20,"1,2-dichloroethane",293,1.0,[C:1]([CH:2]([CH3:4])[C:5]([NH:6][c:8]1[cH:10][cH:11][cH:12][cH:13][cH:14]1)=[O:7])(=[O:3])[CH3:9],[C:1](=[C:2](\[CH3:4])[C:5]([NH:6][c:8]1[cH:10][cH:11][cH:12][cH:13][cH:14]1)=[O:7])(\[OH:3])[CH3:9],1,1
166,[C:1]([CH:2]([Cl:4])[C:5]([NH:6][c:8]1[cH:10][cH:11][cH:12][cH:13][cH:14]1)=[O:7])(=[O:3])[CH3:9]>>[C:1](=[C:2](\[Cl:4])[C:5]([NH:6][c:8]1[cH:10][cH:11][cH:12][cH:13][cH:14]1)=[O:7])(\[OH:3])[CH3:9],0.11,20,"1,2-dichloroethane",293,1.0,[C:1]([CH:2]([Cl:4])[C:5]([NH:6][c:8]1[cH:10][cH:11][cH:12][cH:13][cH:14]1)=[O:7])(=[O:3])[CH3:9],[C:1](=[C:2](\[Cl:4])[C:5]([NH:6][c:8]1[cH:10][cH:11][cH:12][cH:13][cH:14]1)=[O:7])(\[OH:3])[CH3:9],1,1
167,[C:1]([CH:2]([Br:4])[C:5]([NH:6][c:8]1[cH:10][cH:11][cH:12][cH:13][cH:14]1)=[O:7])(=[O:3])[CH3:9]>>[C:1](=[C:2](\[Br:4])[C:5]([NH:6][c:8]1[cH:10][cH:11][cH:12][cH:13][cH:14]1)=[O:7])(\[OH:3])[CH3:9],-0.12,20,"1,2-dichloroethane",293,1.0,[C:1]([CH:2]([Br:4])[C:5]([NH:6][c:8]1[cH:10][cH:11][cH:12][cH:13][cH:14]1)=[O:7])(=[O:3])[CH3:9],[C:1](=[C:2](\[Br:4])[C:5]([NH:6][c:8]1[cH:10][cH:11][cH:12][cH:13][cH:14]1)=[O:7])(\[OH:3])[CH3:9],1,1
168,[C:1]([CH:2]([C:4](=[O:15])[CH3:16])[C:5]([NH:6][c:8]1[cH:10][cH:11][cH:12][cH:13][cH:14]1)=[O:7])(=[O:3])[CH3:9]>>[C:1](/[C:2](=[C:4](\[OH:15])[CH3:16])[C:5]([NH:6][c:8]1[cH:10][cH:11][cH:12][cH:13][cH:14]1)=[O:7])(=[O:3])[CH3:9],0.99,20,"1,2-dichloroethane",293,1.0,[C:1]([CH:2]([C:4](=[O:15])[CH3:16])[C:5]([NH:6][c:8]1[cH:10][cH:11][cH:12][cH:13][cH:14]1)=[O:7])(=[O:3])[CH3:9],[C:1](/[C:2](=[C:4](\[OH:15])[CH3:16])[C:5]([NH:6][c:8]1[cH:10][cH:11][cH:12][cH:13][cH:14]1)=[O:7])(=[O:3])[CH3:9],1,1
169,[C:1]([CH:2]([C:4]#[N:15])[C:5]([NH:6][c:8]1[cH:10][cH:11][cH:12][cH:13][cH:14]1)=[O:7])(=[O:3])[CH3:9]>>[C:1](=[C:2](\[C:4]#[N:15])[C:5]([NH:6][c:8]1[cH:10][cH:11][cH:12][cH:13][cH:14]1)=[O:7])(\[OH:3])[CH3:9],1.35,20,"1,2-dichloroethane",293,1.0,[C:1]([CH:2]([C:4]#[N:15])[C:5]([NH:6][c:8]1[cH:10][cH:11][cH:12][cH:13][cH:14]1)=[O:7])(=[O:3])[CH3:9],[C:1](=[C:2](\[C:4]#[N:15])[C:5]([NH:6][c:8]1[cH:10][cH:11][cH:12][cH:13][cH:14]1)=[O:7])(\[OH:3])[CH3:9],1,1
170,[C:1]([CH:2]([c:4]1[cH:15][cH:16][cH:17][cH:18][cH:19]1)[C:5]([NH:6][c:8]1[cH:10][cH:11][cH:12][cH:13][cH:14]1)=[O:7])(=[O:3])[CH3:9]>>[C:1](=[C:2](\[c:4]1[cH:15][cH:16][cH:17][cH:18][cH:19]1)[C:5]([NH:6][c:8]1[cH:10][cH:11][cH:12][cH:13][cH:14]1)=[O:7])(\[OH:3])[CH3:9],-0.07,20,"1,2-dichloroethane",293,1.0,[C:1]([CH:2]([c:4]1[cH:15][cH:16][cH:17][cH:18][cH:19]1)[C:5]([NH:6][c:8]1[cH:10][cH:11][cH:12][cH:13][cH:14]1)=[O:7])(=[O:3])[CH3:9],[C:1](=[C:2](\[c:4]1[cH:15][cH:16][cH:17][cH:18][cH:19]1)[C:5]([NH:6][c:8]1[cH:10][cH:11][cH:12][cH:13][cH:14]1)=[O:7])(\[OH:3])[CH3:9],1,1
171,[C:1]([CH2:2][CH:5]=[O:6])(=[O:3])[CH3:4]>>[C:1](=[CH:2]/[CH:5]=[O:6])(\[OH:3])[CH3:4],0.95,26,"n,n-dimethylformamide",299,1.0,[C:1]([CH2:2][CH:5]=[O:6])(=[O:3])[CH3:4],[C:1](=[CH:2]/[CH:5]=[O:6])(\[OH:3])[CH3:4],1,1
172,[C:1]([CH2:2][CH:5]=[O:6])(=[O:3])[C:4]([CH3:7])([CH3:8])[CH3:9]>>[C:1](=[CH:2]/[CH:5]=[O:6])(\[OH:3])[C:4]([CH3:7])([CH3:8])[CH3:9],0.72,26,"n,n-dimethylformamide",299,1.0,[C:1]([CH2:2][CH:5]=[O:6])(=[O:3])[C:4]([CH3:7])([CH3:8])[CH3:9],[C:1](=[CH:2]/[CH:5]=[O:6])(\[OH:3])[C:4]([CH3:7])([CH3:8])[CH3:9],1,1
173,[C:1]([CH:2]([CH:5]=[O:6])[CH3:7])(=[O:3])[CH3:4]>>[C:1](=[C:2](/[CH:5]=[O:6])[CH3:7])(\[OH:3])[CH3:4],0.87,26,"n,n-dimethylformamide",299,1.0,[C:1]([CH:2]([CH:5]=[O:6])[CH3:7])(=[O:3])[CH3:4],[C:1](=[C:2](/[CH:5]=[O:6])[CH3:7])(\[OH:3])[CH3:4],1,1
174,[C:1]([CH:2]([CH:5]=[O:6])[CH3:7])(=[O:3])[CH2:4][CH3:8]>>[C:1](=[C:2](/[CH:5]=[O:6])[CH3:7])(\[OH:3])[CH2:4][CH3:8],1.2,26,oxolane,299,1.0,[C:1]([CH:2]([CH:5]=[O:6])[CH3:7])(=[O:3])[CH2:4][CH3:8],[C:1](=[C:2](/[CH:5]=[O:6])[CH3:7])(\[OH:3])[CH2:4][CH3:8],1,1
175,[cH:1]1[cH:2][cH:3][n:4][c:5]([NH2:7])[cH:6]1>>[cH:1]1[cH:2][cH:3][nH:4][c:5](=[NH:7])[cH:6]1,-5.3,21,water,294,1.0,[cH:1]1[cH:2][cH:3][n:4][c:5]([NH2:7])[cH:6]1,[cH:1]1[cH:2][cH:3][nH:4][c:5](=[NH:7])[cH:6]1,1,1
176,[cH:1]1[cH:2][cH:3][n:4][c:5]([NH2:7])[cH:6]1>>[cH:1]1[cH:2][cH:3][nH:4][c:5](=[NH:7])[cH:6]1,-6.16,35,water,308,1.0,[cH:1]1[cH:2][cH:3][n:4][c:5]([NH2:7])[cH:6]1,[cH:1]1[cH:2][cH:3][nH:4][c:5](=[NH:7])[cH:6]1,1,1
177,[c:1]1([NH2:7])[cH:2][cH:3][n:4][cH:5][cH:6]1>>[c:1]1(=[NH:7])[cH:2][cH:3][nH:4][cH:5][cH:6]1,-3.3,21,water,294,1.0,[c:1]1([NH2:7])[cH:2][cH:3][n:4][cH:5][cH:6]1,[c:1]1(=[NH:7])[cH:2][cH:3][nH:4][cH:5][cH:6]1,1,1
178,[s:1]1[cH:2][cH:3][n:4][c:5]1[NH2:6]>>[s:1]1[cH:2][cH:3][nH:4][c:5]1=[NH:6],-4.3,21,water,294,1.0,[s:1]1[cH:2][cH:3][n:4][c:5]1[NH2:6],[s:1]1[cH:2][cH:3][nH:4][c:5]1=[NH:6],1,1
179,[c:1]1([NH2:7])[n:2][c:3]([NH2:9])[n:4][c:5]([NH2:8])[n:6]1>>[c:1]1([NH2:7])[n:2][c:3]([NH2:9])[n:4][c:5](=[NH:8])[nH:6]1,-5.3,21,water,294,1.0,[c:1]1([NH2:7])[n:2][c:3]([NH2:9])[n:4][c:5]([NH2:8])[n:6]1,[c:1]1([NH2:7])[n:2][c:3]([NH2:9])[n:4][c:5](=[NH:8])[nH:6]1,1,1
180,[cH:1]1[cH:2][cH:3][n:4][c:5]([NH:7][S:8](=[O:9])(=[O:10])[c:11]2[cH:12][cH:13][c:14]([CH3:17])[cH:15][cH:16]2)[cH:6]1>>[cH:1]1[cH:2][cH:3][nH:4]/[c:5](=[N:7]/[S:8](=[O:9])(=[O:10])[c:11]2[cH:12][cH:13][c:14]([CH3:17])[cH:15][cH:16]2)[cH:6]1,-1.52,20,"1,4-dioxane",293,1.0,[cH:1]1[cH:2][cH:3][n:4][c:5]([NH:7][S:8](=[O:9])(=[O:10])[c:11]2[cH:12][cH:13][c:14]([CH3:17])[cH:15][cH:16]2)[cH:6]1,[cH:1]1[cH:2][cH:3][nH:4]/[c:5](=[N:7]/[S:8](=[O:9])(=[O:10])[c:11]2[cH:12][cH:13][c:14]([CH3:17])[cH:15][cH:16]2)[cH:6]1,1,1
181,[cH:1]1[cH:2][cH:3][n:4][c:5]([NH:7][S:8](=[O:9])(=[O:10])[c:11]2[cH:12][cH:13][c:14]([F:17])[cH:15][cH:16]2)[cH:6]1>>[cH:1]1[cH:2][cH:3][nH:4]/[c:5](=[N:7]/[S:8](=[O:9])(=[O:10])[c:11]2[cH:12][cH:13][c:14]([F:17])[cH:15][cH:16]2)[cH:6]1,-1.3,20,"1,4-dioxane",293,1.0,[cH:1]1[cH:2][cH:3][n:4][c:5]([NH:7][S:8](=[O:9])(=[O:10])[c:11]2[cH:12][cH:13][c:14]([F:17])[cH:15][cH:16]2)[cH:6]1,[cH:1]1[cH:2][cH:3][nH:4]/[c:5](=[N:7]/[S:8](=[O:9])(=[O:10])[c:11]2[cH:12][cH:13][c:14]([F:17])[cH:15][cH:16]2)[cH:6]1,1,1
182,[cH:1]1[cH:2][cH:3][n:4][c:5]([NH:7][S:8](=[O:9])(=[O:10])[c:11]2[cH:12][cH:13][c:14]([Cl:17])[cH:15][cH:16]2)[cH:6]1>>[cH:1]1[cH:2][cH:3][nH:4]/[c:5](=[N:7]/[S:8](=[O:9])(=[O:10])[c:11]2[cH:12][cH:13][c:14]([Cl:17])[cH:15][cH:16]2)[cH:6]1,-1.1,20,"1,4-dioxane",293,1.0,[cH:1]1[cH:2][cH:3][n:4][c:5]([NH:7][S:8](=[O:9])(=[O:10])[c:11]2[cH:12][cH:13][c:14]([Cl:17])[cH:15][cH:16]2)[cH:6]1,[cH:1]1[cH:2][cH:3][nH:4]/[c:5](=[N:7]/[S:8](=[O:9])(=[O:10])[c:11]2[cH:12][cH:13][c:14]([Cl:17])[cH:15][cH:16]2)[cH:6]1,1,1
183,[cH:1]1[cH:2][cH:3][n:4][c:5]([NH:7][S:8](=[O:9])(=[O:10])[c:11]2[cH:12][cH:13][c:14]([Br:17])[cH:15][cH:16]2)[cH:6]1>>[cH:1]1[cH:2][cH:3][nH:4]/[c:5](=[N:7]/[S:8](=[O:9])(=[O:10])[c:11]2[cH:12][cH:13][c:14]([Br:17])[cH:15][cH:16]2)[cH:6]1,-1.15,20,"1,4-dioxane",293,1.0,[cH:1]1[cH:2][cH:3][n:4][c:5]([NH:7][S:8](=[O:9])(=[O:10])[c:11]2[cH:12][cH:13][c:14]([Br:17])[cH:15][cH:16]2)[cH:6]1,[cH:1]1[cH:2][cH:3][nH:4]/[c:5](=[N:7]/[S:8](=[O:9])(=[O:10])[c:11]2[cH:12][cH:13][c:14]([Br:17])[cH:15][cH:16]2)[cH:6]1,1,1
184,[cH:1]1[cH:2][cH:3][n:4][c:5]([NH:7][S:8](=[O:9])(=[O:10])[c:11]2[cH:12][cH:13][c:14]([O:17][CH3:18])[cH:15][cH:16]2)[cH:6]1>>[cH:1]1[cH:2][cH:3][nH:4]/[c:5](=[N:7]/[S:8](=[O:9])(=[O:10])[c:11]2[cH:12][cH:13][c:14]([O:17][CH3:18])[cH:15][cH:16]2)[cH:6]1,-1.52,20,"1,4-dioxane",293,1.0,[cH:1]1[cH:2][cH:3][n:4][c:5]([NH:7][S:8](=[O:9])(=[O:10])[c:11]2[cH:12][cH:13][c:14]([O:17][CH3:18])[cH:15][cH:16]2)[cH:6]1,[cH:1]1[cH:2][cH:3][nH:4]/[c:5](=[N:7]/[S:8](=[O:9])(=[O:10])[c:11]2[cH:12][cH:13][c:14]([O:17][CH3:18])[cH:15][cH:16]2)[cH:6]1,1,1
185,[cH:1]1[cH:2][cH:3][n:4][c:5]([NH:7][S:8](=[O:9])(=[O:10])[c:11]2[cH:12][cH:13][c:14]([NH2:17])[cH:15][cH:16]2)[cH:6]1>>[cH:1]1[cH:2][cH:3][nH:4]/[c:5](=[N:7]/[S:8](=[O:9])(=[O:10])[c:11]2[cH:12][cH:13][c:14]([NH2:17])[cH:15][cH:16]2)[cH:6]1,-2.0,20,"1,4-dioxane",293,1.0,[cH:1]1[cH:2][cH:3][n:4][c:5]([NH:7][S:8](=[O:9])(=[O:10])[c:11]2[cH:12][cH:13][c:14]([NH2:17])[cH:15][cH:16]2)[cH:6]1,[cH:1]1[cH:2][cH:3][nH:4]/[c:5](=[N:7]/[S:8](=[O:9])(=[O:10])[c:11]2[cH:12][cH:13][c:14]([NH2:17])[cH:15][cH:16]2)[cH:6]1,1,1
186,[cH:1]1[cH:2][cH:3][n:4][c:5]([NH:7][S:8](=[O:9])(=[O:10])[c:11]2[cH:12][cH:13][c:14]([N:17]([CH3:18])[CH3:19])[cH:15][cH:16]2)[cH:6]1>>[cH:1]1[cH:2][cH:3][nH:4]/[c:5](=[N:7]/[S:8](=[O:9])(=[O:10])[c:11]2[cH:12][cH:13][c:14]([N:17]([CH3:18])[CH3:19])[cH:15][cH:16]2)[cH:6]1,-2.0,20,"1,4-dioxane",293,1.0,[cH:1]1[cH:2][cH:3][n:4][c:5]([NH:7][S:8](=[O:9])(=[O:10])[c:11]2[cH:12][cH:13][c:14]([N:17]([CH3:18])[CH3:19])[cH:15][cH:16]2)[cH:6]1,[cH:1]1[cH:2][cH:3][nH:4]/[c:5](=[N:7]/[S:8](=[O:9])(=[O:10])[c:11]2[cH:12][cH:13][c:14]([N:17]([CH3:18])[CH3:19])[cH:15][cH:16]2)[cH:6]1,1,1
187,[cH:1]1[cH:2][cH:3][n:4][c:5]([NH:7][S:8](=[O:9])(=[O:10])[c:11]2[cH:12][cH:13][c:14]([C:17]#[N:18])[cH:15][cH:16]2)[cH:6]1>>[cH:1]1[cH:2][cH:3][nH:4]/[c:5](=[N:7]/[S:8](=[O:9])(=[O:10])[c:11]2[cH:12][cH:13][c:14]([C:17]#[N:18])[cH:15][cH:16]2)[cH:6]1,-0.79,20,"1,4-dioxane",293,1.0,[cH:1]1[cH:2][cH:3][n:4][c:5]([NH:7][S:8](=[O:9])(=[O:10])[c:11]2[cH:12][cH:13][c:14]([C:17]#[N:18])[cH:15][cH:16]2)[cH:6]1,[cH:1]1[cH:2][cH:3][nH:4]/[c:5](=[N:7]/[S:8](=[O:9])(=[O:10])[c:11]2[cH:12][cH:13][c:14]([C:17]#[N:18])[cH:15][cH:16]2)[cH:6]1,1,1
188,[cH:1]1[cH:2][cH:3][n:4][c:5]([NH:7][S:8](=[O:9])(=[O:10])[c:11]2[cH:12][c:13]([N+:17](=[O:18])[O-:19])[cH:14][cH:15][cH:16]2)[cH:6]1>>[cH:1]1[cH:2][cH:3][nH:4]/[c:5](=[N:7]/[S:8](=[O:9])(=[O:10])[c:11]2[cH:12][c:13]([N+:17](=[O:18])[O-:19])[cH:14][cH:15][cH:16]2)[cH:6]1,-0.68,20,"1,4-dioxane",293,1.0,[cH:1]1[cH:2][cH:3][n:4][c:5]([NH:7][S:8](=[O:9])(=[O:10])[c:11]2[cH:12][c:13]([N+:17](=[O:18])[O-:19])[cH:14][cH:15][cH:16]2)[cH:6]1,[cH:1]1[cH:2][cH:3][nH:4]/[c:5](=[N:7]/[S:8](=[O:9])(=[O:10])[c:11]2[cH:12][c:13]([N+:17](=[O:18])[O-:19])[cH:14][cH:15][cH:16]2)[cH:6]1,1,1
189,[cH:1]1[cH:2][cH:3][n:4][c:5]([NH:7][S:8](=[O:9])(=[O:10])[c:11]2[cH:12][cH:13][c:14]([N+:17](=[O:18])[O-:19])[cH:15][cH:16]2)[cH:6]1>>[cH:1]1[cH:2][cH:3][nH:4]/[c:5](=[N:7]/[S:8](=[O:9])(=[O:10])[c:11]2[cH:12][cH:13][c:14]([N+:17](=[O:18])[O-:19])[cH:15][cH:16]2)[cH:6]1,-0.58,20,"1,4-dioxane",293,1.0,[cH:1]1[cH:2][cH:3][n:4][c:5]([NH:7][S:8](=[O:9])(=[O:10])[c:11]2[cH:12][cH:13][c:14]([N+:17](=[O:18])[O-:19])[cH:15][cH:16]2)[cH:6]1,[cH:1]1[cH:2][cH:3][nH:4]/[c:5](=[N:7]/[S:8](=[O:9])(=[O:10])[c:11]2[cH:12][cH:13][c:14]([N+:17](=[O:18])[O-:19])[cH:15][cH:16]2)[cH:6]1,1,1
190,[C:1](=[CH:2]\[c:6]1[cH:7][cH:8][cH:9][cH:10][cH:11]1)(\[NH:3][CH3:5])[CH3:4]>>[C:1](\[CH2:2][c:6]1[cH:7][cH:8][cH:9][cH:10][cH:11]1)(=[N:3]/[CH3:5])[CH3:4],0.62,55,pyridine,328,1.0,[C:1](=[CH:2]\[c:6]1[cH:7][cH:8][cH:9][cH:10][cH:11]1)(\[NH:3][CH3:5])[CH3:4],[C:1](\[CH2:2][c:6]1[cH:7][cH:8][cH:9][cH:10][cH:11]1)(=[N:3]/[CH3:5])[CH3:4],1,1
191,[C:1](=[CH:2]\[c:6]1[cH:7][cH:8][cH:9][cH:10][cH:11]1)(\[NH:3][CH3:5])[c:4]1[cH:12][cH:13][cH:14][cH:15][cH:16]1>>[C:1](\[CH2:2][c:6]1[cH:7][cH:8][cH:9][cH:10][cH:11]1)(=[N:3]/[CH3:5])[c:4]1[cH:12][cH:13][cH:14][cH:15][cH:16]1,0.24,55,pyridine,328,1.0,[C:1](=[CH:2]\[c:6]1[cH:7][cH:8][cH:9][cH:10][cH:11]1)(\[NH:3][CH3:5])[c:4]1[cH:12][cH:13][cH:14][cH:15][cH:16]1,[C:1](\[CH2:2][c:6]1[cH:7][cH:8][cH:9][cH:10][cH:11]1)(=[N:3]/[CH3:5])[c:4]1[cH:12][cH:13][cH:14][cH:15][cH:16]1,1,1
192,[C:1](=[CH:2]\[c:6]1[cH:7][cH:8][cH:9][cH:10][cH:11]1)(\[NH:3][CH3:5])[CH2:4][c:12]1[cH:13][cH:14][cH:15][cH:16][cH:17]1>>[C:1](\[CH2:2][c:6]1[cH:7][cH:8][cH:9][cH:10][cH:11]1)(=[N:3]\[CH3:5])[CH2:4][c:12]1[cH:13][cH:14][cH:15][cH:16][cH:17]1,0.22,55,pyridine,328,1.0,[C:1](=[CH:2]\[c:6]1[cH:7][cH:8][cH:9][cH:10][cH:11]1)(\[NH:3][CH3:5])[CH2:4][c:12]1[cH:13][cH:14][cH:15][cH:16][cH:17]1,[C:1](\[CH2:2][c:6]1[cH:7][cH:8][cH:9][cH:10][cH:11]1)(=[N:3]\[CH3:5])[CH2:4][c:12]1[cH:13][cH:14][cH:15][cH:16][cH:17]1,1,1
193,[C:1](=[CH:2]\[CH3:6])(\[NH:3][c:5]1[cH:12][cH:13][cH:14][cH:15][cH:16]1)[c:4]1[cH:7][cH:8][cH:9][cH:10][cH:11]1>>[C:1](\[CH2:2][CH3:6])(=[N:3]/[c:5]1[cH:12][cH:13][cH:14][cH:15][cH:16]1)[c:4]1[cH:7][cH:8][cH:9][cH:10][cH:11]1,1.17,55,pyridine,328,1.0,[C:1](=[CH:2]\[CH3:6])(\[NH:3][c:5]1[cH:12][cH:13][cH:14][cH:15][cH:16]1)[c:4]1[cH:7][cH:8][cH:9][cH:10][cH:11]1,[C:1](\[CH2:2][CH3:6])(=[N:3]/[c:5]1[cH:12][cH:13][cH:14][cH:15][cH:16]1)[c:4]1[cH:7][cH:8][cH:9][cH:10][cH:11]1,1,1
194,[C:1](=[CH:2]\[CH3:6])(\[NH:3][c:5]1[cH:12][cH:13][c:14]([Cl:17])[cH:15][cH:16]1)[c:4]1[cH:7][cH:8][cH:9][cH:10][cH:11]1>>[C:1](\[CH2:2][CH3:6])(=[N:3]/[c:5]1[cH:12][cH:13][c:14]([Cl:17])[cH:15][cH:16]1)[c:4]1[cH:7][cH:8][cH:9][cH:10][cH:11]1,0.96,55,pyridine,328,1.0,[C:1](=[CH:2]\[CH3:6])(\[NH:3][c:5]1[cH:12][cH:13][c:14]([Cl:17])[cH:15][cH:16]1)[c:4]1[cH:7][cH:8][cH:9][cH:10][cH:11]1,[C:1](\[CH2:2][CH3:6])(=[N:3]/[c:5]1[cH:12][cH:13][c:14]([Cl:17])[cH:15][cH:16]1)[c:4]1[cH:7][cH:8][cH:9][cH:10][cH:11]1,1,1
195,[C:1](=[CH:2]\[CH3:6])(\[NH:3][c:5]1[cH:12][cH:13][c:14]([O:17][CH3:18])[cH:15][cH:16]1)[c:4]1[cH:7][cH:8][cH:9][cH:10][cH:11]1>>[C:1](\[CH2:2][CH3:6])(=[N:3]/[c:5]1[cH:12][cH:13][c:14]([O:17][CH3:18])[cH:15][cH:16]1)[c:4]1[cH:7][cH:8][cH:9][cH:10][cH:11]1,1.43,55,pyridine,328,1.0,[C:1](=[CH:2]\[CH3:6])(\[NH:3][c:5]1[cH:12][cH:13][c:14]([O:17][CH3:18])[cH:15][cH:16]1)[c:4]1[cH:7][cH:8][cH:9][cH:10][cH:11]1,[C:1](\[CH2:2][CH3:6])(=[N:3]/[c:5]1[cH:12][cH:13][c:14]([O:17][CH3:18])[cH:15][cH:16]1)[c:4]1[cH:7][cH:8][cH:9][cH:10][cH:11]1,1,1
196,[C:1](=[CH:2]\[c:6]1[cH:13][cH:14][cH:15][cH:16][cH:17]1)(\[NH:3][c:5]1[cH:7][cH:8][c:9]([Cl:12])[cH:10][cH:11]1)[CH3:4]>>[C:1](\[CH2:2][c:6]1[cH:13][cH:14][cH:15][cH:16][cH:17]1)(=[N:3]/[c:5]1[cH:7][cH:8][c:9]([Cl:12])[cH:10][cH:11]1)[CH3:4],0.79,55,pyridine,328,1.0,[C:1](=[CH:2]\[c:6]1[cH:13][cH:14][cH:15][cH:16][cH:17]1)(\[NH:3][c:5]1[cH:7][cH:8][c:9]([Cl:12])[cH:10][cH:11]1)[CH3:4],[C:1](\[CH2:2][c:6]1[cH:13][cH:14][cH:15][cH:16][cH:17]1)(=[N:3]/[c:5]1[cH:7][cH:8][c:9]([Cl:12])[cH:10][cH:11]1)[CH3:4],1,1
197,[C:1](=[CH:2]\[c:6]1[cH:13][cH:14][cH:15][cH:16][cH:17]1)(\[NH:3][c:5]1[cH:7][cH:8][c:9]([O:12][CH3:18])[cH:10][cH:11]1)[CH3:4]>>[C:1](\[CH2:2][c:6]1[cH:13][cH:14][cH:15][cH:16][cH:17]1)(=[N:3]/[c:5]1[cH:7][cH:8][c:9]([O:12][CH3:18])[cH:10][cH:11]1)[CH3:4],1.0,55,pyridine,328,1.0,[C:1](=[CH:2]\[c:6]1[cH:13][cH:14][cH:15][cH:16][cH:17]1)(\[NH:3][c:5]1[cH:7][cH:8][c:9]([O:12][CH3:18])[cH:10][cH:11]1)[CH3:4],[C:1](\[CH2:2][c:6]1[cH:13][cH:14][cH:15][cH:16][cH:17]1)(=[N:3]/[c:5]1[cH:7][cH:8][c:9]([O:12][CH3:18])[cH:10][cH:11]1)[CH3:4],1,1
198,[C:1](=[CH:2]\[c:6]1[cH:12][cH:13][cH:14][cH:15][cH:16]1)(\[NH:3][c:5]1[cH:7][cH:8][cH:9][cH:10][cH:11]1)[c:4]1[cH:17][cH:18][cH:19][cH:20][cH:21]1>>[C:1](\[CH2:2][c:6]1[cH:12][cH:13][cH:14][cH:15][cH:16]1)(=[N:3]/[c:5]1[cH:7][cH:8][cH:9][cH:10][cH:11]1)[c:4]1[cH:17][cH:18][cH:19][cH:20][cH:21]1,0.04,55,pyridine,328,1.0,[C:1](=[CH:2]\[c:6]1[cH:12][cH:13][cH:14][cH:15][cH:16]1)(\[NH:3][c:5]1[cH:7][cH:8][cH:9][cH:10][cH:11]1)[c:4]1[cH:17][cH:18][cH:19][cH:20][cH:21]1,[C:1](\[CH2:2][c:6]1[cH:12][cH:13][cH:14][cH:15][cH:16]1)(=[N:3]/[c:5]1[cH:7][cH:8][cH:9][cH:10][cH:11]1)[c:4]1[cH:17][cH:18][cH:19][cH:20][cH:21]1,1,1
199,[C:1](=[CH:2]\[c:6]1[cH:12][cH:13][cH:14][cH:15][cH:16]1)(\[NH:3][c:5]1[cH:7][cH:8][c:9]([Cl:22])[cH:10][cH:11]1)[c:4]1[cH:17][cH:18][cH:19][cH:20][cH:21]1>>[C:1](\[CH2:2][c:6]1[cH:12][cH:13][cH:14][cH:15][cH:16]1)(=[N:3]/[c:5]1[cH:7][cH:8][c:9]([Cl:22])[cH:10][cH:11]1)[c:4]1[cH:17][cH:18][cH:19][cH:20][cH:21]1,-0.11,55,pyridine,328,1.0,[C:1](=[CH:2]\[c:6]1[cH:12][cH:13][cH:14][cH:15][cH:16]1)(\[NH:3][c:5]1[cH:7][cH:8][c:9]([Cl:22])[cH:10][cH:11]1)[c:4]1[cH:17][cH:18][cH:19][cH:20][cH:21]1,[C:1](\[CH2:2][c:6]1[cH:12][cH:13][cH:14][cH:15][cH:16]1)(=[N:3]/[c:5]1[cH:7][cH:8][c:9]([Cl:22])[cH:10][cH:11]1)[c:4]1[cH:17][cH:18][cH:19][cH:20][cH:21]1,1,1
200,[C:1](=[CH:2]\[c:6]1[cH:12][cH:13][cH:14][cH:15][cH:16]1)(\[NH:3][c:5]1[cH:7][cH:8][c:9]([O:22][CH3:23])[cH:10][cH:11]1)[c:4]1[cH:17][cH:18][cH:19][cH:20][cH:21]1>>[C:1](\[CH2:2][c:6]1[cH:12][cH:13][cH:14][cH:15][cH:16]1)(=[N:3]/[c:5]1[cH:7][cH:8][c:9]([O:22][CH3:23])[cH:10][cH:11]1)[c:4]1[cH:17][cH:18][cH:19][cH:20][cH:21]1,0.46,55,pyridine,328,1.0,[C:1](=[CH:2]\[c:6]1[cH:12][cH:13][cH:14][cH:15][cH:16]1)(\[NH:3][c:5]1[cH:7][cH:8][c:9]([O:22][CH3:23])[cH:10][cH:11]1)[c:4]1[cH:17][cH:18][cH:19][cH:20][cH:21]1,[C:1](\[CH2:2][c:6]1[cH:12][cH:13][cH:14][cH:15][cH:16]1)(=[N:3]/[c:5]1[cH:7][cH:8][c:9]([O:22][CH3:23])[cH:10][cH:11]1)[c:4]1[cH:17][cH:18][cH:19][cH:20][cH:21]1,1,1
201,[C:1](=[CH:2]\[c:6]1[cH:12][cH:13][cH:14][cH:15][cH:16]1)(\[NH:3][c:5]1[cH:7][cH:8][cH:9][cH:10][cH:11]1)[CH2:4][c:17]1[cH:18][cH:19][cH:20][cH:21][cH:22]1>>[C:1](\[CH2:2][c:6]1[cH:12][cH:13][cH:14][cH:15][cH:16]1)(=[N:3]\[c:5]1[cH:7][cH:8][cH:9][cH:10][cH:11]1)[CH2:4][c:17]1[cH:18][cH:19][cH:20][cH:21][cH:22]1,1.1,55,pyridine,328,1.0,[C:1](=[CH:2]\[c:6]1[cH:12][cH:13][cH:14][cH:15][cH:16]1)(\[NH:3][c:5]1[cH:7][cH:8][cH:9][cH:10][cH:11]1)[CH2:4][c:17]1[cH:18][cH:19][cH:20][cH:21][cH:22]1,[C:1](\[CH2:2][c:6]1[cH:12][cH:13][cH:14][cH:15][cH:16]1)(=[N:3]\[c:5]1[cH:7][cH:8][cH:9][cH:10][cH:11]1)[CH2:4][c:17]1[cH:18][cH:19][cH:20][cH:21][cH:22]1,1,1
202,[C:1](=[CH:2]\[c:6]1[cH:12][cH:13][cH:14][cH:15][cH:16]1)(\[NH:3][c:5]1[cH:7][cH:8][c:9]([Cl:23])[cH:10][cH:11]1)[CH2:4][c:17]1[cH:18][cH:19][cH:20][cH:21][cH:22]1>>[C:1](\[CH2:2][c:6]1[cH:12][cH:13][cH:14][cH:15][cH:16]1)(=[N:3]\[c:5]1[cH:7][cH:8][c:9]([Cl:23])[cH:10][cH:11]1)[CH2:4][c:17]1[cH:18][cH:19][cH:20][cH:21][cH:22]1,0.97,55,pyridine,328,1.0,[C:1](=[CH:2]\[c:6]1[cH:12][cH:13][cH:14][cH:15][cH:16]1)(\[NH:3][c:5]1[cH:7][cH:8][c:9]([Cl:23])[cH:10][cH:11]1)[CH2:4][c:17]1[cH:18][cH:19][cH:20][cH:21][cH:22]1,[C:1](\[CH2:2][c:6]1[cH:12][cH:13][cH:14][cH:15][cH:16]1)(=[N:3]\[c:5]1[cH:7][cH:8][c:9]([Cl:23])[cH:10][cH:11]1)[CH2:4][c:17]1[cH:18][cH:19][cH:20][cH:21][cH:22]1,1,1
203,[C:1](=[CH:2]\[c:6]1[cH:12][cH:13][cH:14][cH:15][cH:16]1)(\[NH:3][c:5]1[cH:7][cH:8][c:9]([O:23][CH3:24])[cH:10][cH:11]1)[CH2:4][c:17]1[cH:18][cH:19][cH:20][cH:21][cH:22]1>>[C:1](\[CH2:2][c:6]1[cH:12][cH:13][cH:14][cH:15][cH:16]1)(=[N:3]\[c:5]1[cH:7][cH:8][c:9]([O:23][CH3:24])[cH:10][cH:11]1)[CH2:4][c:17]1[cH:18][cH:19][cH:20][cH:21][cH:22]1,1.38,55,pyridine,328,1.0,[C:1](=[CH:2]\[c:6]1[cH:12][cH:13][cH:14][cH:15][cH:16]1)(\[NH:3][c:5]1[cH:7][cH:8][c:9]([O:23][CH3:24])[cH:10][cH:11]1)[CH2:4][c:17]1[cH:18][cH:19][cH:20][cH:21][cH:22]1,[C:1](\[CH2:2][c:6]1[cH:12][cH:13][cH:14][cH:15][cH:16]1)(=[N:3]\[c:5]1[cH:7][cH:8][c:9]([O:23][CH3:24])[cH:10][cH:11]1)[CH2:4][c:17]1[cH:18][cH:19][cH:20][cH:21][cH:22]1,1,1
204,[C:1](=[CH:2]\[CH3:6])(\[NH:3][c:5]1[cH:7][cH:8][cH:9][cH:10][cH:11]1)[c:4]1[cH:12][cH:13][cH:14][cH:15][cH:16]1>>[C:1](\[CH2:2][CH3:6])(=[N:3]/[c:5]1[cH:7][cH:8][cH:9][cH:10][cH:11]1)[c:4]1[cH:12][cH:13][cH:14][cH:15][cH:16]1,1.4,60,nitrobenzene,333,1.0,[C:1](=[CH:2]\[CH3:6])(\[NH:3][c:5]1[cH:7][cH:8][cH:9][cH:10][cH:11]1)[c:4]1[cH:12][cH:13][cH:14][cH:15][cH:16]1,[C:1](\[CH2:2][CH3:6])(=[N:3]/[c:5]1[cH:7][cH:8][cH:9][cH:10][cH:11]1)[c:4]1[cH:12][cH:13][cH:14][cH:15][cH:16]1,1,1
205,[C:1](=[CH:2]\[CH3:6])(\[NH:3][c:5]1[cH:7][cH:8][c:9]([CH3:17])[cH:10][cH:11]1)[c:4]1[cH:12][cH:13][cH:14][cH:15][cH:16]1>>[C:1](\[CH2:2][CH3:6])(=[N:3]/[c:5]1[cH:7][cH:8][c:9]([CH3:17])[cH:10][cH:11]1)[c:4]1[cH:12][cH:13][cH:14][cH:15][cH:16]1,1.51,60,nitrobenzene,333,1.0,[C:1](=[CH:2]\[CH3:6])(\[NH:3][c:5]1[cH:7][cH:8][c:9]([CH3:17])[cH:10][cH:11]1)[c:4]1[cH:12][cH:13][cH:14][cH:15][cH:16]1,[C:1](\[CH2:2][CH3:6])(=[N:3]/[c:5]1[cH:7][cH:8][c:9]([CH3:17])[cH:10][cH:11]1)[c:4]1[cH:12][cH:13][cH:14][cH:15][cH:16]1,1,1
206,[C:1](=[CH:2]\[CH3:6])(\[NH:3][c:5]1[cH:7][cH:8][cH:9][c:10]([F:17])[cH:11]1)[c:4]1[cH:12][cH:13][cH:14][cH:15][cH:16]1>>[C:1](\[CH2:2][CH3:6])(=[N:3]/[c:5]1[cH:7][cH:8][cH:9][c:10]([F:17])[cH:11]1)[c:4]1[cH:12][cH:13][cH:14][cH:15][cH:16]1,1.09,60,nitrobenzene,333,1.0,[C:1](=[CH:2]\[CH3:6])(\[NH:3][c:5]1[cH:7][cH:8][cH:9][c:10]([F:17])[cH:11]1)[c:4]1[cH:12][cH:13][cH:14][cH:15][cH:16]1,[C:1](\[CH2:2][CH3:6])(=[N:3]/[c:5]1[cH:7][cH:8][cH:9][c:10]([F:17])[cH:11]1)[c:4]1[cH:12][cH:13][cH:14][cH:15][cH:16]1,1,1
207,[C:1](=[CH:2]\[CH3:6])(\[NH:3][c:5]1[cH:7][cH:8][c:9]([F:17])[cH:10][cH:11]1)[c:4]1[cH:12][cH:13][cH:14][cH:15][cH:16]1>>[C:1](\[CH2:2][CH3:6])(=[N:3]/[c:5]1[cH:7][cH:8][c:9]([F:17])[cH:10][cH:11]1)[c:4]1[cH:12][cH:13][cH:14][cH:15][cH:16]1,1.61,60,nitrobenzene,333,1.0,[C:1](=[CH:2]\[CH3:6])(\[NH:3][c:5]1[cH:7][cH:8][c:9]([F:17])[cH:10][cH:11]1)[c:4]1[cH:12][cH:13][cH:14][cH:15][cH:16]1,[C:1](\[CH2:2][CH3:6])(=[N:3]/[c:5]1[cH:7][cH:8][c:9]([F:17])[cH:10][cH:11]1)[c:4]1[cH:12][cH:13][cH:14][cH:15][cH:16]1,1,1
208,[C:1](=[CH:2]\[CH3:6])(\[NH:3][c:5]1[cH:7][cH:8][c:9]([Cl:17])[cH:10][cH:11]1)[c:4]1[cH:12][cH:13][cH:14][cH:15][cH:16]1>>[C:1](\[CH2:2][CH3:6])(=[N:3]/[c:5]1[cH:7][cH:8][c:9]([Cl:17])[cH:10][cH:11]1)[c:4]1[cH:12][cH:13][cH:14][cH:15][cH:16]1,1.22,60,nitrobenzene,333,1.0,[C:1](=[CH:2]\[CH3:6])(\[NH:3][c:5]1[cH:7][cH:8][c:9]([Cl:17])[cH:10][cH:11]1)[c:4]1[cH:12][cH:13][cH:14][cH:15][cH:16]1,[C:1](\[CH2:2][CH3:6])(=[N:3]/[c:5]1[cH:7][cH:8][c:9]([Cl:17])[cH:10][cH:11]1)[c:4]1[cH:12][cH:13][cH:14][cH:15][cH:16]1,1,1
209,[C:1](=[CH:2]\[CH3:6])(\[NH:3][c:5]1[cH:7][cH:8][cH:9][c:10]([Br:17])[cH:11]1)[c:4]1[cH:12][cH:13][cH:14][cH:15][cH:16]1>>[C:1](\[CH2:2][CH3:6])(=[N:3]/[c:5]1[cH:7][cH:8][cH:9][c:10]([Br:17])[cH:11]1)[c:4]1[cH:12][cH:13][cH:14][cH:15][cH:16]1,1.12,60,nitrobenzene,333,1.0,[C:1](=[CH:2]\[CH3:6])(\[NH:3][c:5]1[cH:7][cH:8][cH:9][c:10]([Br:17])[cH:11]1)[c:4]1[cH:12][cH:13][cH:14][cH:15][cH:16]1,[C:1](\[CH2:2][CH3:6])(=[N:3]/[c:5]1[cH:7][cH:8][cH:9][c:10]([Br:17])[cH:11]1)[c:4]1[cH:12][cH:13][cH:14][cH:15][cH:16]1,1,1
210,[C:1](=[CH:2]\[CH3:6])(\[NH:3][c:5]1[cH:7][cH:8][c:9]([Br:17])[cH:10][cH:11]1)[c:4]1[cH:12][cH:13][cH:14][cH:15][cH:16]1>>[C:1](\[CH2:2][CH3:6])(=[N:3]/[c:5]1[cH:7][cH:8][c:9]([Br:17])[cH:10][cH:11]1)[c:4]1[cH:12][cH:13][cH:14][cH:15][cH:16]1,1.35,60,nitrobenzene,333,1.0,[C:1](=[CH:2]\[CH3:6])(\[NH:3][c:5]1[cH:7][cH:8][c:9]([Br:17])[cH:10][cH:11]1)[c:4]1[cH:12][cH:13][cH:14][cH:15][cH:16]1,[C:1](\[CH2:2][CH3:6])(=[N:3]/[c:5]1[cH:7][cH:8][c:9]([Br:17])[cH:10][cH:11]1)[c:4]1[cH:12][cH:13][cH:14][cH:15][cH:16]1,1,1
211,[C:1](=[CH:2]\[CH3:6])(\[NH:3][c:5]1[cH:7][cH:8][cH:9][c:10]([O:17][CH3:18])[cH:11]1)[c:4]1[cH:12][cH:13][cH:14][cH:15][cH:16]1>>[C:1](\[CH2:2][CH3:6])(=[N:3]/[c:5]1[cH:7][cH:8][cH:9][c:10]([O:17][CH3:18])[cH:11]1)[c:4]1[cH:12][cH:13][cH:14][cH:15][cH:16]1,1.36,60,nitrobenzene,333,1.0,[C:1](=[CH:2]\[CH3:6])(\[NH:3][c:5]1[cH:7][cH:8][cH:9][c:10]([O:17][CH3:18])[cH:11]1)[c:4]1[cH:12][cH:13][cH:14][cH:15][cH:16]1,[C:1](\[CH2:2][CH3:6])(=[N:3]/[c:5]1[cH:7][cH:8][cH:9][c:10]([O:17][CH3:18])[cH:11]1)[c:4]1[cH:12][cH:13][cH:14][cH:15][cH:16]1,1,1
212,[C:1](=[CH:2]\[CH3:6])(\[NH:3][c:5]1[cH:7][cH:8][c:9]([O:17][CH3:18])[cH:10][cH:11]1)[c:4]1[cH:12][cH:13][cH:14][cH:15][cH:16]1>>[C:1](\[CH2:2][CH3:6])(=[N:3]/[c:5]1[cH:7][cH:8][c:9]([O:17][CH3:18])[cH:10][cH:11]1)[c:4]1[cH:12][cH:13][cH:14][cH:15][cH:16]1,1.79,60,nitrobenzene,333,1.0,[C:1](=[CH:2]\[CH3:6])(\[NH:3][c:5]1[cH:7][cH:8][c:9]([O:17][CH3:18])[cH:10][cH:11]1)[c:4]1[cH:12][cH:13][cH:14][cH:15][cH:16]1,[C:1](\[CH2:2][CH3:6])(=[N:3]/[c:5]1[cH:7][cH:8][c:9]([O:17][CH3:18])[cH:10][cH:11]1)[c:4]1[cH:12][cH:13][cH:14][cH:15][cH:16]1,1,1
213,[C:1](=[CH:2]\[CH3:6])(\[NH:3][c:5]1[cH:7][cH:8][c:9]([CH2:17][c:18]2[cH:19][cH:20][cH:21][cH:22][cH:23]2)[cH:10][cH:11]1)[c:4]1[cH:12][cH:13][cH:14][cH:15][cH:16]1>>[C:1](\[CH2:2][CH3:6])(=[N:3]/[c:5]1[cH:7][cH:8][c:9]([CH2:17][c:18]2[cH:19][cH:20][cH:21][cH:22][cH:23]2)[cH:10][cH:11]1)[c:4]1[cH:12][cH:13][cH:14][cH:15][cH:16]1,1.65,60,nitrobenzene,333,1.0,[C:1](=[CH:2]\[CH3:6])(\[NH:3][c:5]1[cH:7][cH:8][c:9]([CH2:17][c:18]2[cH:19][cH:20][cH:21][cH:22][cH:23]2)[cH:10][cH:11]1)[c:4]1[cH:12][cH:13][cH:14][cH:15][cH:16]1,[C:1](\[CH2:2][CH3:6])(=[N:3]/[c:5]1[cH:7][cH:8][c:9]([CH2:17][c:18]2[cH:19][cH:20][cH:21][cH:22][cH:23]2)[cH:10][cH:11]1)[c:4]1[cH:12][cH:13][cH:14][cH:15][cH:16]1,1,1
214,[C:1](=[CH:2]\[CH3:6])(\[NH:3][c:5]1[cH:7][cH:8][c:9]([C:17]#[N:18])[cH:10][cH:11]1)[c:4]1[cH:12][cH:13][cH:14][cH:15][cH:16]1>>[C:1](\[CH2:2][CH3:6])(=[N:3]/[c:5]1[cH:7][cH:8][c:9]([C:17]#[N:18])[cH:10][cH:11]1)[c:4]1[cH:12][cH:13][cH:14][cH:15][cH:16]1,0.42,60,nitrobenzene,333,1.0,[C:1](=[CH:2]\[CH3:6])(\[NH:3][c:5]1[cH:7][cH:8][c:9]([C:17]#[N:18])[cH:10][cH:11]1)[c:4]1[cH:12][cH:13][cH:14][cH:15][cH:16]1,[C:1](\[CH2:2][CH3:6])(=[N:3]/[c:5]1[cH:7][cH:8][c:9]([C:17]#[N:18])[cH:10][cH:11]1)[c:4]1[cH:12][cH:13][cH:14][cH:15][cH:16]1,1,1
215,[C:1](=[CH:2]\[CH3:6])(\[NH:3][c:5]1[cH:7][cH:8][cH:9][c:10]([N+:17](=[O:18])[O-:19])[cH:11]1)[c:4]1[cH:12][cH:13][cH:14][cH:15][cH:16]1>>[C:1](\[CH2:2][CH3:6])(=[N:3]/[c:5]1[cH:7][cH:8][cH:9][c:10]([N+:17](=[O:18])[O-:19])[cH:11]1)[c:4]1[cH:12][cH:13][cH:14][cH:15][cH:16]1,0.92,60,nitrobenzene,333,1.0,[C:1](=[CH:2]\[CH3:6])(\[NH:3][c:5]1[cH:7][cH:8][cH:9][c:10]([N+:17](=[O:18])[O-:19])[cH:11]1)[c:4]1[cH:12][cH:13][cH:14][cH:15][cH:16]1,[C:1](\[CH2:2][CH3:6])(=[N:3]/[c:5]1[cH:7][cH:8][cH:9][c:10]([N+:17](=[O:18])[O-:19])[cH:11]1)[c:4]1[cH:12][cH:13][cH:14][cH:15][cH:16]1,1,1
216,[C:1](=[CH:2]\[CH3:6])(\[NH:3][c:5]1[cH:7][cH:8][c:9]([N+:17](=[O:18])[O-:19])[cH:10][cH:11]1)[c:4]1[cH:12][cH:13][cH:14][cH:15][cH:16]1>>[C:1](\[CH2:2][CH3:6])(=[N:3]/[c:5]1[cH:7][cH:8][c:9]([N+:17](=[O:18])[O-:19])[cH:10][cH:11]1)[c:4]1[cH:12][cH:13][cH:14][cH:15][cH:16]1,0.2,60,nitrobenzene,333,1.0,[C:1](=[CH:2]\[CH3:6])(\[NH:3][c:5]1[cH:7][cH:8][c:9]([N+:17](=[O:18])[O-:19])[cH:10][cH:11]1)[c:4]1[cH:12][cH:13][cH:14][cH:15][cH:16]1,[C:1](\[CH2:2][CH3:6])(=[N:3]/[c:5]1[cH:7][cH:8][c:9]([N+:17](=[O:18])[O-:19])[cH:10][cH:11]1)[c:4]1[cH:12][cH:13][cH:14][cH:15][cH:16]1,1,1
217,[C:1](=[C:2](/[CH3:3])[CH3:7])(\[NH:4][c:6]1[cH:8][cH:9][cH:10][cH:11][cH:12]1)[c:5]1[cH:13][cH:14][cH:15][cH:16][cH:17]1>>[C:1](\[CH:2]([CH3:3])[CH3:7])(=[N:4]/[c:6]1[cH:8][cH:9][cH:10][cH:11][cH:12]1)[c:5]1[cH:13][cH:14][cH:15][cH:16][cH:17]1,0.36,60,nitrobenzene,333,1.0,[C:1](=[C:2](/[CH3:3])[CH3:7])(\[NH:4][c:6]1[cH:8][cH:9][cH:10][cH:11][cH:12]1)[c:5]1[cH:13][cH:14][cH:15][cH:16][cH:17]1,[C:1](\[CH:2]([CH3:3])[CH3:7])(=[N:4]/[c:6]1[cH:8][cH:9][cH:10][cH:11][cH:12]1)[c:5]1[cH:13][cH:14][cH:15][cH:16][cH:17]1,1,1
218,[C:1](=[C:2](/[CH3:3])[CH3:7])(\[NH:4][c:6]1[cH:8][cH:9][cH:10][c:11]([CH3:18])[cH:12]1)[c:5]1[cH:13][cH:14][cH:15][cH:16][cH:17]1>>[C:1](\[CH:2]([CH3:3])[CH3:7])(=[N:4]/[c:6]1[cH:8][cH:9][cH:10][c:11]([CH3:18])[cH:12]1)[c:5]1[cH:13][cH:14][cH:15][cH:16][cH:17]1,0.39,60,nitrobenzene,333,1.0,[C:1](=[C:2](/[CH3:3])[CH3:7])(\[NH:4][c:6]1[cH:8][cH:9][cH:10][c:11]([CH3:18])[cH:12]1)[c:5]1[cH:13][cH:14][cH:15][cH:16][cH:17]1,[C:1](\[CH:2]([CH3:3])[CH3:7])(=[N:4]/[c:6]1[cH:8][cH:9][cH:10][c:11]([CH3:18])[cH:12]1)[c:5]1[cH:13][cH:14][cH:15][cH:16][cH:17]1,1,1
219,[C:1](=[C:2](/[CH3:3])[CH3:7])(\[NH:4][c:6]1[cH:8][cH:9][c:10]([CH3:18])[cH:11][cH:12]1)[c:5]1[cH:13][cH:14][cH:15][cH:16][cH:17]1>>[C:1](\[CH:2]([CH3:3])[CH3:7])(=[N:4]/[c:6]1[cH:8][cH:9][c:10]([CH3:18])[cH:11][cH:12]1)[c:5]1[cH:13][cH:14][cH:15][cH:16][cH:17]1,0.56,60,nitrobenzene,333,1.0,[C:1](=[C:2](/[CH3:3])[CH3:7])(\[NH:4][c:6]1[cH:8][cH:9][c:10]([CH3:18])[cH:11][cH:12]1)[c:5]1[cH:13][cH:14][cH:15][cH:16][cH:17]1,[C:1](\[CH:2]([CH3:3])[CH3:7])(=[N:4]/[c:6]1[cH:8][cH:9][c:10]([CH3:18])[cH:11][cH:12]1)[c:5]1[cH:13][cH:14][cH:15][cH:16][cH:17]1,1,1
220,[C:1](=[C:2](/[CH3:3])[CH3:7])(\[NH:4][c:6]1[cH:8][cH:9][cH:10][c:11]([F:18])[cH:12]1)[c:5]1[cH:13][cH:14][cH:15][cH:16][cH:17]1>>[C:1](\[CH:2]([CH3:3])[CH3:7])(=[N:4]/[c:6]1[cH:8][cH:9][cH:10][c:11]([F:18])[cH:12]1)[c:5]1[cH:13][cH:14][cH:15][cH:16][cH:17]1,0.18,60,nitrobenzene,333,1.0,[C:1](=[C:2](/[CH3:3])[CH3:7])(\[NH:4][c:6]1[cH:8][cH:9][cH:10][c:11]([F:18])[cH:12]1)[c:5]1[cH:13][cH:14][cH:15][cH:16][cH:17]1,[C:1](\[CH:2]([CH3:3])[CH3:7])(=[N:4]/[c:6]1[cH:8][cH:9][cH:10][c:11]([F:18])[cH:12]1)[c:5]1[cH:13][cH:14][cH:15][cH:16][cH:17]1,1,1
221,[C:1](=[C:2](/[CH3:3])[CH3:7])(\[NH:4][c:6]1[cH:8][cH:9][c:10]([F:18])[cH:11][cH:12]1)[c:5]1[cH:13][cH:14][cH:15][cH:16][cH:17]1>>[C:1](\[CH:2]([CH3:3])[CH3:7])(=[N:4]/[c:6]1[cH:8][cH:9][c:10]([F:18])[cH:11][cH:12]1)[c:5]1[cH:13][cH:14][cH:15][cH:16][cH:17]1,0.58,60,nitrobenzene,333,1.0,[C:1](=[C:2](/[CH3:3])[CH3:7])(\[NH:4][c:6]1[cH:8][cH:9][c:10]([F:18])[cH:11][cH:12]1)[c:5]1[cH:13][cH:14][cH:15][cH:16][cH:17]1,[C:1](\[CH:2]([CH3:3])[CH3:7])(=[N:4]/[c:6]1[cH:8][cH:9][c:10]([F:18])[cH:11][cH:12]1)[c:5]1[cH:13][cH:14][cH:15][cH:16][cH:17]1,1,1
222,[C:1](=[C:2](/[CH3:3])[CH3:7])(\[NH:4][c:6]1[cH:8][cH:9][c:10]([Cl:18])[cH:11][cH:12]1)[c:5]1[cH:13][cH:14][cH:15][cH:16][cH:17]1>>[C:1](\[CH:2]([CH3:3])[CH3:7])(=[N:4]/[c:6]1[cH:8][cH:9][c:10]([Cl:18])[cH:11][cH:12]1)[c:5]1[cH:13][cH:14][cH:15][cH:16][cH:17]1,0.23,60,nitrobenzene,333,1.0,[C:1](=[C:2](/[CH3:3])[CH3:7])(\[NH:4][c:6]1[cH:8][cH:9][c:10]([Cl:18])[cH:11][cH:12]1)[c:5]1[cH:13][cH:14][cH:15][cH:16][cH:17]1,[C:1](\[CH:2]([CH3:3])[CH3:7])(=[N:4]/[c:6]1[cH:8][cH:9][c:10]([Cl:18])[cH:11][cH:12]1)[c:5]1[cH:13][cH:14][cH:15][cH:16][cH:17]1,1,1
223,[C:1](=[C:2](/[CH3:3])[CH3:7])(\[NH:4][c:6]1[cH:8][cH:9][cH:10][c:11]([Br:18])[cH:12]1)[c:5]1[cH:13][cH:14][cH:15][cH:16][cH:17]1>>[C:1](\[CH:2]([CH3:3])[CH3:7])(=[N:4]/[c:6]1[cH:8][cH:9][cH:10][c:11]([Br:18])[cH:12]1)[c:5]1[cH:13][cH:14][cH:15][cH:16][cH:17]1,0.12,60,nitrobenzene,333,1.0,[C:1](=[C:2](/[CH3:3])[CH3:7])(\[NH:4][c:6]1[cH:8][cH:9][cH:10][c:11]([Br:18])[cH:12]1)[c:5]1[cH:13][cH:14][cH:15][cH:16][cH:17]1,[C:1](\[CH:2]([CH3:3])[CH3:7])(=[N:4]/[c:6]1[cH:8][cH:9][cH:10][c:11]([Br:18])[cH:12]1)[c:5]1[cH:13][cH:14][cH:15][cH:16][cH:17]1,1,1
224,[C:1](=[C:2](/[CH3:3])[CH3:7])(\[NH:4][c:6]1[cH:8][cH:9][c:10]([Br:18])[cH:11][cH:12]1)[c:5]1[cH:13][cH:14][cH:15][cH:16][cH:17]1>>[C:1](\[CH:2]([CH3:3])[CH3:7])(=[N:4]/[c:6]1[cH:8][cH:9][c:10]([Br:18])[cH:11][cH:12]1)[c:5]1[cH:13][cH:14][cH:15][cH:16][cH:17]1,0.25,60,nitrobenzene,333,1.0,[C:1](=[C:2](/[CH3:3])[CH3:7])(\[NH:4][c:6]1[cH:8][cH:9][c:10]([Br:18])[cH:11][cH:12]1)[c:5]1[cH:13][cH:14][cH:15][cH:16][cH:17]1,[C:1](\[CH:2]([CH3:3])[CH3:7])(=[N:4]/[c:6]1[cH:8][cH:9][c:10]([Br:18])[cH:11][cH:12]1)[c:5]1[cH:13][cH:14][cH:15][cH:16][cH:17]1,1,1
225,[C:1](=[C:2](/[CH3:3])[CH3:7])(\[NH:4][c:6]1[cH:8][cH:9][cH:10][c:11]([O:18][CH3:19])[cH:12]1)[c:5]1[cH:13][cH:14][cH:15][cH:16][cH:17]1>>[C:1](\[CH:2]([CH3:3])[CH3:7])(=[N:4]/[c:6]1[cH:8][cH:9][cH:10][c:11]([O:18][CH3:19])[cH:12]1)[c:5]1[cH:13][cH:14][cH:15][cH:16][cH:17]1,0.26,60,nitrobenzene,333,1.0,[C:1](=[C:2](/[CH3:3])[CH3:7])(\[NH:4][c:6]1[cH:8][cH:9][cH:10][c:11]([O:18][CH3:19])[cH:12]1)[c:5]1[cH:13][cH:14][cH:15][cH:16][cH:17]1,[C:1](\[CH:2]([CH3:3])[CH3:7])(=[N:4]/[c:6]1[cH:8][cH:9][cH:10][c:11]([O:18][CH3:19])[cH:12]1)[c:5]1[cH:13][cH:14][cH:15][cH:16][cH:17]1,1,1
226,[C:1](=[C:2](/[CH3:3])[CH3:7])(\[NH:4][c:6]1[cH:8][cH:9][c:10]([O:18][CH3:19])[cH:11][cH:12]1)[c:5]1[cH:13][cH:14][cH:15][cH:16][cH:17]1>>[C:1](\[CH:2]([CH3:3])[CH3:7])(=[N:4]/[c:6]1[cH:8][cH:9][c:10]([O:18][CH3:19])[cH:11][cH:12]1)[c:5]1[cH:13][cH:14][cH:15][cH:16][cH:17]1,0.86,60,nitrobenzene,333,1.0,[C:1](=[C:2](/[CH3:3])[CH3:7])(\[NH:4][c:6]1[cH:8][cH:9][c:10]([O:18][CH3:19])[cH:11][cH:12]1)[c:5]1[cH:13][cH:14][cH:15][cH:16][cH:17]1,[C:1](\[CH:2]([CH3:3])[CH3:7])(=[N:4]/[c:6]1[cH:8][cH:9][c:10]([O:18][CH3:19])[cH:11][cH:12]1)[c:5]1[cH:13][cH:14][cH:15][cH:16][cH:17]1,1,1
227,[C:1](=[C:2](/[CH3:3])[CH3:7])(\[NH:4][c:6]1[cH:8][cH:9][c:10]([O:18][c:19]2[cH:20][cH:21][cH:22][cH:23][cH:24]2)[cH:11][cH:12]1)[c:5]1[cH:13][cH:14][cH:15][cH:16][cH:17]1>>[C:1](\[CH:2]([CH3:3])[CH3:7])(=[N:4]/[c:6]1[cH:8][cH:9][c:10]([O:18][c:19]2[cH:20][cH:21][cH:22][cH:23][cH:24]2)[cH:11][cH:12]1)[c:5]1[cH:13][cH:14][cH:15][cH:16][cH:17]1,0.61,60,nitrobenzene,333,1.0,[C:1](=[C:2](/[CH3:3])[CH3:7])(\[NH:4][c:6]1[cH:8][cH:9][c:10]([O:18][c:19]2[cH:20][cH:21][cH:22][cH:23][cH:24]2)[cH:11][cH:12]1)[c:5]1[cH:13][cH:14][cH:15][cH:16][cH:17]1,[C:1](\[CH:2]([CH3:3])[CH3:7])(=[N:4]/[c:6]1[cH:8][cH:9][c:10]([O:18][c:19]2[cH:20][cH:21][cH:22][cH:23][cH:24]2)[cH:11][cH:12]1)[c:5]1[cH:13][cH:14][cH:15][cH:16][cH:17]1,1,1
228,[C:1](=[C:2](/[CH3:3])[CH3:7])(\[NH:4][c:6]1[cH:8][cH:9][c:10]([N:18]([CH3:19])[CH3:20])[cH:11][cH:12]1)[c:5]1[cH:13][cH:14][cH:15][cH:16][cH:17]1>>[C:1](\[CH:2]([CH3:3])[CH3:7])(=[N:4]/[c:6]1[cH:8][cH:9][c:10]([N:18]([CH3:19])[CH3:20])[cH:11][cH:12]1)[c:5]1[cH:13][cH:14][cH:15][cH:16][cH:17]1,1.01,60,nitrobenzene,333,1.0,[C:1](=[C:2](/[CH3:3])[CH3:7])(\[NH:4][c:6]1[cH:8][cH:9][c:10]([N:18]([CH3:19])[CH3:20])[cH:11][cH:12]1)[c:5]1[cH:13][cH:14][cH:15][cH:16][cH:17]1,[C:1](\[CH:2]([CH3:3])[CH3:7])(=[N:4]/[c:6]1[cH:8][cH:9][c:10]([N:18]([CH3:19])[CH3:20])[cH:11][cH:12]1)[c:5]1[cH:13][cH:14][cH:15][cH:16][cH:17]1,1,1
229,[C:1](=[C:2](/[CH3:3])[CH3:7])(\[NH:4][c:6]1[cH:8][cH:9][c:10]([C:18]#[N:19])[cH:11][cH:12]1)[c:5]1[cH:13][cH:14][cH:15][cH:16][cH:17]1>>[C:1](\[CH:2]([CH3:3])[CH3:7])(=[N:4]/[c:6]1[cH:8][cH:9][c:10]([C:18]#[N:19])[cH:11][cH:12]1)[c:5]1[cH:13][cH:14][cH:15][cH:16][cH:17]1,-0.44,60,nitrobenzene,333,1.0,[C:1](=[C:2](/[CH3:3])[CH3:7])(\[NH:4][c:6]1[cH:8][cH:9][c:10]([C:18]#[N:19])[cH:11][cH:12]1)[c:5]1[cH:13][cH:14][cH:15][cH:16][cH:17]1,[C:1](\[CH:2]([CH3:3])[CH3:7])(=[N:4]/[c:6]1[cH:8][cH:9][c:10]([C:18]#[N:19])[cH:11][cH:12]1)[c:5]1[cH:13][cH:14][cH:15][cH:16][cH:17]1,1,1
230,[C:1](=[C:2](/[CH3:3])[CH3:7])(\[NH:4][c:6]1[cH:8][cH:9][cH:10][c:11]([N+:18](=[O:19])[O-:20])[cH:12]1)[c:5]1[cH:13][cH:14][cH:15][cH:16][cH:17]1>>[C:1](\[CH:2]([CH3:3])[CH3:7])(=[N:4]/[c:6]1[cH:8][cH:9][cH:10][c:11]([N+:18](=[O:19])[O-:20])[cH:12]1)[c:5]1[cH:13][cH:14][cH:15][cH:16][cH:17]1,-0.13,60,nitrobenzene,333,1.0,[C:1](=[C:2](/[CH3:3])[CH3:7])(\[NH:4][c:6]1[cH:8][cH:9][cH:10][c:11]([N+:18](=[O:19])[O-:20])[cH:12]1)[c:5]1[cH:13][cH:14][cH:15][cH:16][cH:17]1,[C:1](\[CH:2]([CH3:3])[CH3:7])(=[N:4]/[c:6]1[cH:8][cH:9][cH:10][c:11]([N+:18](=[O:19])[O-:20])[cH:12]1)[c:5]1[cH:13][cH:14][cH:15][cH:16][cH:17]1,1,1
231,[C:1](=[C:2](/[CH3:3])[CH3:7])(\[NH:4][c:6]1[cH:8][cH:9][c:10]([N+:18](=[O:19])[O-:20])[cH:11][cH:12]1)[c:5]1[cH:13][cH:14][cH:15][cH:16][cH:17]1>>[C:1](\[CH:2]([CH3:3])[CH3:7])(=[N:4]/[c:6]1[cH:8][cH:9][c:10]([N+:18](=[O:19])[O-:20])[cH:11][cH:12]1)[c:5]1[cH:13][cH:14][cH:15][cH:16][cH:17]1,-0.97,60,nitrobenzene,333,1.0,[C:1](=[C:2](/[CH3:3])[CH3:7])(\[NH:4][c:6]1[cH:8][cH:9][c:10]([N+:18](=[O:19])[O-:20])[cH:11][cH:12]1)[c:5]1[cH:13][cH:14][cH:15][cH:16][cH:17]1,[C:1](\[CH:2]([CH3:3])[CH3:7])(=[N:4]/[c:6]1[cH:8][cH:9][c:10]([N+:18](=[O:19])[O-:20])[cH:11][cH:12]1)[c:5]1[cH:13][cH:14][cH:15][cH:16][cH:17]1,1,1
232,[C:1](=[CH:2]\[c:6]1[cH:7][cH:8][cH:9][cH:10][cH:11]1)(\[NH:3][CH3:5])[c:4]1[cH:12][cH:13][cH:14][cH:15][cH:16]1>>[C:1](\[CH2:2][c:6]1[cH:7][cH:8][cH:9][cH:10][cH:11]1)(=[N:3]/[CH3:5])[c:4]1[cH:12][cH:13][cH:14][cH:15][cH:16]1,0.1,55,methanesulfinylmethane,328,1.0,[C:1](=[CH:2]\[c:6]1[cH:7][cH:8][cH:9][cH:10][cH:11]1)(\[NH:3][CH3:5])[c:4]1[cH:12][cH:13][cH:14][cH:15][cH:16]1,[C:1](\[CH2:2][c:6]1[cH:7][cH:8][cH:9][cH:10][cH:11]1)(=[N:3]/[CH3:5])[c:4]1[cH:12][cH:13][cH:14][cH:15][cH:16]1,1,1
233,[C:1](=[CH:2]\[c:6]1[cH:7][cH:8][cH:9][cH:10][cH:11]1)(\[NH:3][CH3:5])[CH2:4][c:12]1[cH:13][cH:14][cH:15][cH:16][cH:17]1>>[C:1](\[CH2:2][c:6]1[cH:7][cH:8][cH:9][cH:10][cH:11]1)(=[N:3]\[CH3:5])[CH2:4][c:12]1[cH:13][cH:14][cH:15][cH:16][cH:17]1,-0.16,55,methanesulfinylmethane,328,1.0,[C:1](=[CH:2]\[c:6]1[cH:7][cH:8][cH:9][cH:10][cH:11]1)(\[NH:3][CH3:5])[CH2:4][c:12]1[cH:13][cH:14][cH:15][cH:16][cH:17]1,[C:1](\[CH2:2][c:6]1[cH:7][cH:8][cH:9][cH:10][cH:11]1)(=[N:3]\[CH3:5])[CH2:4][c:12]1[cH:13][cH:14][cH:15][cH:16][cH:17]1,1,1
234,[C:1](=[CH:2]\[C:6](=[O:14])[O:15][CH2:16][CH3:17])(\[NH:3][N:5]([c:7]1[cH:9][cH:10][cH:11][cH:12][cH:13]1)[CH3:8])[CH3:4]>>[C:1](\[CH2:2][C:6](=[O:14])[O:15][CH2:16][CH3:17])(=[N:3]/[N:5]([c:7]1[cH:9][cH:10][cH:11][cH:12][cH:13]1)[CH3:8])[CH3:4],-0.66,80,methanesulfinylmethane,353,1.0,[C:1](=[CH:2]\[C:6](=[O:14])[O:15][CH2:16][CH3:17])(\[NH:3][N:5]([c:7]1[cH:9][cH:10][cH:11][cH:12][cH:13]1)[CH3:8])[CH3:4],[C:1](\[CH2:2][C:6](=[O:14])[O:15][CH2:16][CH3:17])(=[N:3]/[N:5]([c:7]1[cH:9][cH:10][cH:11][cH:12][cH:13]1)[CH3:8])[CH3:4],1,1
235,[C:1](=[CH:2]\[CH3:6])(\[NH:3][c:5]1[cH:12][cH:13][cH:14][cH:15][cH:16]1)[c:4]1[cH:7][cH:8][cH:9][cH:10][cH:11]1>>[C:1](\[CH2:2][CH3:6])(=[N:3]/[c:5]1[cH:12][cH:13][cH:14][cH:15][cH:16]1)[c:4]1[cH:7][cH:8][cH:9][cH:10][cH:11]1,0.82,55,methanesulfinylmethane,328,1.0,[C:1](=[CH:2]\[CH3:6])(\[NH:3][c:5]1[cH:12][cH:13][cH:14][cH:15][cH:16]1)[c:4]1[cH:7][cH:8][cH:9][cH:10][cH:11]1,[C:1](\[CH2:2][CH3:6])(=[N:3]/[c:5]1[cH:12][cH:13][cH:14][cH:15][cH:16]1)[c:4]1[cH:7][cH:8][cH:9][cH:10][cH:11]1,1,1
236,[C:1](=[CH:2]\[CH3:6])(\[NH:3][c:5]1[cH:12][cH:13][c:14]([Cl:17])[cH:15][cH:16]1)[c:4]1[cH:7][cH:8][cH:9][cH:10][cH:11]1>>[C:1](\[CH2:2][CH3:6])(=[N:3]/[c:5]1[cH:12][cH:13][c:14]([Cl:17])[cH:15][cH:16]1)[c:4]1[cH:7][cH:8][cH:9][cH:10][cH:11]1,0.5,55,methanesulfinylmethane,328,1.0,[C:1](=[CH:2]\[CH3:6])(\[NH:3][c:5]1[cH:12][cH:13][c:14]([Cl:17])[cH:15][cH:16]1)[c:4]1[cH:7][cH:8][cH:9][cH:10][cH:11]1,[C:1](\[CH2:2][CH3:6])(=[N:3]/[c:5]1[cH:12][cH:13][c:14]([Cl:17])[cH:15][cH:16]1)[c:4]1[cH:7][cH:8][cH:9][cH:10][cH:11]1,1,1
237,[C:1](=[CH:2]\[CH3:6])(\[NH:3][c:5]1[cH:12][cH:13][c:14]([O:17][CH3:18])[cH:15][cH:16]1)[c:4]1[cH:7][cH:8][cH:9][cH:10][cH:11]1>>[C:1](\[CH2:2][CH3:6])(=[N:3]/[c:5]1[cH:12][cH:13][c:14]([O:17][CH3:18])[cH:15][cH:16]1)[c:4]1[cH:7][cH:8][cH:9][cH:10][cH:11]1,1.2,55,methanesulfinylmethane,328,1.0,[C:1](=[CH:2]\[CH3:6])(\[NH:3][c:5]1[cH:12][cH:13][c:14]([O:17][CH3:18])[cH:15][cH:16]1)[c:4]1[cH:7][cH:8][cH:9][cH:10][cH:11]1,[C:1](\[CH2:2][CH3:6])(=[N:3]/[c:5]1[cH:12][cH:13][c:14]([O:17][CH3:18])[cH:15][cH:16]1)[c:4]1[cH:7][cH:8][cH:9][cH:10][cH:11]1,1,1
238,[C:1](=[CH:2]\[CH3:6])(\[NH:3][c:5]1[cH:7][cH:8][cH:9][cH:10][cH:11]1)[CH3:4]>>[C:1](\[CH2:2][CH3:6])(=[N:3]/[c:5]1[cH:7][cH:8][cH:9][cH:10][cH:11]1)[CH3:4],0.9,55,methanesulfinylmethane,328,1.0,[C:1](=[CH:2]\[CH3:6])(\[NH:3][c:5]1[cH:7][cH:8][cH:9][cH:10][cH:11]1)[CH3:4],[C:1](\[CH2:2][CH3:6])(=[N:3]/[c:5]1[cH:7][cH:8][cH:9][cH:10][cH:11]1)[CH3:4],1,1
239,[C:1](=[CH:2]\[CH3:6])(\[NH:3][c:5]1[cH:7][cH:8][c:9]([Cl:12])[cH:10][cH:11]1)[CH3:4]>>[C:1](\[CH2:2][CH3:6])(=[N:3]/[c:5]1[cH:7][cH:8][c:9]([Cl:12])[cH:10][cH:11]1)[CH3:4],0.59,55,methanesulfinylmethane,328,1.0,[C:1](=[CH:2]\[CH3:6])(\[NH:3][c:5]1[cH:7][cH:8][c:9]([Cl:12])[cH:10][cH:11]1)[CH3:4],[C:1](\[CH2:2][CH3:6])(=[N:3]/[c:5]1[cH:7][cH:8][c:9]([Cl:12])[cH:10][cH:11]1)[CH3:4],1,1
240,[C:1](=[CH:2]\[CH3:6])(\[NH:3][c:5]1[cH:7][cH:8][c:9]([O:12][CH3:13])[cH:10][cH:11]1)[CH3:4]>>[C:1](\[CH2:2][CH3:6])(=[N:3]/[c:5]1[cH:7][cH:8][c:9]([O:12][CH3:13])[cH:10][cH:11]1)[CH3:4],0.93,55,methanesulfinylmethane,328,1.0,[C:1](=[CH:2]\[CH3:6])(\[NH:3][c:5]1[cH:7][cH:8][c:9]([O:12][CH3:13])[cH:10][cH:11]1)[CH3:4],[C:1](\[CH2:2][CH3:6])(=[N:3]/[c:5]1[cH:7][cH:8][c:9]([O:12][CH3:13])[cH:10][cH:11]1)[CH3:4],1,1
241,[C:1](=[CH:2]\[c:6]1[cH:17][cH:18][cH:19][cH:20][cH:21]1)(\[NH:3][c:5]1[cH:7][cH:8][c:9]([Cl:22])[cH:10][cH:11]1)[c:4]1[cH:12][cH:13][cH:14][cH:15][cH:16]1>>[C:1](\[CH2:2][c:6]1[cH:17][cH:18][cH:19][cH:20][cH:21]1)(=[N:3]/[c:5]1[cH:7][cH:8][c:9]([Cl:22])[cH:10][cH:11]1)[c:4]1[cH:12][cH:13][cH:14][cH:15][cH:16]1,-0.59,55,methanesulfinylmethane,328,1.0,[C:1](=[CH:2]\[c:6]1[cH:17][cH:18][cH:19][cH:20][cH:21]1)(\[NH:3][c:5]1[cH:7][cH:8][c:9]([Cl:22])[cH:10][cH:11]1)[c:4]1[cH:12][cH:13][cH:14][cH:15][cH:16]1,[C:1](\[CH2:2][c:6]1[cH:17][cH:18][cH:19][cH:20][cH:21]1)(=[N:3]/[c:5]1[cH:7][cH:8][c:9]([Cl:22])[cH:10][cH:11]1)[c:4]1[cH:12][cH:13][cH:14][cH:15][cH:16]1,1,1
242,[C:1](=[CH:2]\[c:6]1[cH:17][cH:18][cH:19][cH:20][cH:21]1)(\[NH:3][c:5]1[cH:7][cH:8][c:9]([O:22][CH3:23])[cH:10][cH:11]1)[c:4]1[cH:12][cH:13][cH:14][cH:15][cH:16]1>>[C:1](\[CH2:2][c:6]1[cH:17][cH:18][cH:19][cH:20][cH:21]1)(=[N:3]/[c:5]1[cH:7][cH:8][c:9]([O:22][CH3:23])[cH:10][cH:11]1)[c:4]1[cH:12][cH:13][cH:14][cH:15][cH:16]1,0.12,55,methanesulfinylmethane,328,1.0,[C:1](=[CH:2]\[c:6]1[cH:17][cH:18][cH:19][cH:20][cH:21]1)(\[NH:3][c:5]1[cH:7][cH:8][c:9]([O:22][CH3:23])[cH:10][cH:11]1)[c:4]1[cH:12][cH:13][cH:14][cH:15][cH:16]1,[C:1](\[CH2:2][c:6]1[cH:17][cH:18][cH:19][cH:20][cH:21]1)(=[N:3]/[c:5]1[cH:7][cH:8][c:9]([O:22][CH3:23])[cH:10][cH:11]1)[c:4]1[cH:12][cH:13][cH:14][cH:15][cH:16]1,1,1
243,[C:1](=[CH:2]\[c:6]1[cH:12][cH:13][cH:14][cH:15][cH:16]1)(\[NH:3][c:5]1[cH:7][cH:8][cH:9][cH:10][cH:11]1)[CH2:4][c:17]1[cH:18][cH:19][cH:20][cH:21][cH:22]1>>[C:1](\[CH2:2][c:6]1[cH:12][cH:13][cH:14][cH:15][cH:16]1)(=[N:3]\[c:5]1[cH:7][cH:8][cH:9][cH:10][cH:11]1)[CH2:4][c:17]1[cH:18][cH:19][cH:20][cH:21][cH:22]1,0.67,55,methanesulfinylmethane,328,1.0,[C:1](=[CH:2]\[c:6]1[cH:12][cH:13][cH:14][cH:15][cH:16]1)(\[NH:3][c:5]1[cH:7][cH:8][cH:9][cH:10][cH:11]1)[CH2:4][c:17]1[cH:18][cH:19][cH:20][cH:21][cH:22]1,[C:1](\[CH2:2][c:6]1[cH:12][cH:13][cH:14][cH:15][cH:16]1)(=[N:3]\[c:5]1[cH:7][cH:8][cH:9][cH:10][cH:11]1)[CH2:4][c:17]1[cH:18][cH:19][cH:20][cH:21][cH:22]1,1,1
244,[C:1](=[CH:2]\[c:6]1[cH:12][cH:13][cH:14][cH:15][cH:16]1)(\[NH:3][c:5]1[cH:7][cH:8][c:9]([Cl:23])[cH:10][cH:11]1)[CH2:4][c:17]1[cH:18][cH:19][cH:20][cH:21][cH:22]1>>[C:1](\[CH2:2][c:6]1[cH:12][cH:13][cH:14][cH:15][cH:16]1)(=[N:3]\[c:5]1[cH:7][cH:8][c:9]([Cl:23])[cH:10][cH:11]1)[CH2:4][c:17]1[cH:18][cH:19][cH:20][cH:21][cH:22]1,0.34,55,methanesulfinylmethane,328,1.0,[C:1](=[CH:2]\[c:6]1[cH:12][cH:13][cH:14][cH:15][cH:16]1)(\[NH:3][c:5]1[cH:7][cH:8][c:9]([Cl:23])[cH:10][cH:11]1)[CH2:4][c:17]1[cH:18][cH:19][cH:20][cH:21][cH:22]1,[C:1](\[CH2:2][c:6]1[cH:12][cH:13][cH:14][cH:15][cH:16]1)(=[N:3]\[c:5]1[cH:7][cH:8][c:9]([Cl:23])[cH:10][cH:11]1)[CH2:4][c:17]1[cH:18][cH:19][cH:20][cH:21][cH:22]1,1,1
245,[C:1](=[CH:2]\[c:6]1[cH:12][cH:13][cH:14][cH:15][cH:16]1)(\[NH:3][c:5]1[cH:7][cH:8][c:9]([O:23][CH3:24])[cH:10][cH:11]1)[CH2:4][c:17]1[cH:18][cH:19][cH:20][cH:21][cH:22]1>>[C:1](\[CH2:2][c:6]1[cH:12][cH:13][cH:14][cH:15][cH:16]1)(=[N:3]\[c:5]1[cH:7][cH:8][c:9]([O:23][CH3:24])[cH:10][cH:11]1)[CH2:4][c:17]1[cH:18][cH:19][cH:20][cH:21][cH:22]1,0.89,55,methanesulfinylmethane,328,1.0,[C:1](=[CH:2]\[c:6]1[cH:12][cH:13][cH:14][cH:15][cH:16]1)(\[NH:3][c:5]1[cH:7][cH:8][c:9]([O:23][CH3:24])[cH:10][cH:11]1)[CH2:4][c:17]1[cH:18][cH:19][cH:20][cH:21][cH:22]1,[C:1](\[CH2:2][c:6]1[cH:12][cH:13][cH:14][cH:15][cH:16]1)(=[N:3]\[c:5]1[cH:7][cH:8][c:9]([O:23][CH3:24])[cH:10][cH:11]1)[CH2:4][c:17]1[cH:18][cH:19][cH:20][cH:21][cH:22]1,1,1
246,[C:1](=[C:2](/[C:3](=[O:10])[O:11][CH2:12][CH3:13])[CH:7]([CH3:8])[CH3:9])(\[NH:4][CH3:6])[CH3:5]>>[C:1](\[CH:2]([C:3](=[O:10])[O:11][CH2:12][CH3:13])[CH:7]([CH3:8])[CH3:9])(=[N:4]/[CH3:6])[CH3:5],0.18,30,tetrachloromethane,303,1.0,[C:1](=[C:2](/[C:3](=[O:10])[O:11][CH2:12][CH3:13])[CH:7]([CH3:8])[CH3:9])(\[NH:4][CH3:6])[CH3:5],[C:1](\[CH:2]([C:3](=[O:10])[O:11][CH2:12][CH3:13])[CH:7]([CH3:8])[CH3:9])(=[N:4]/[CH3:6])[CH3:5],1,1
247,[C:1](=[C:2](/[C:3](=[O:10])[O:11][CH2:12][CH3:13])[CH:7]([CH3:8])[CH3:9])(\[NH:4][CH:6]([CH3:14])[CH3:15])[CH3:5]>>[C:1](\[CH:2]([C:3](=[O:10])[O:11][CH2:12][CH3:13])[CH:7]([CH3:8])[CH3:9])(=[N:4]/[CH:6]([CH3:14])[CH3:15])[CH3:5],0.33,30,tetrachloromethane,303,1.0,[C:1](=[C:2](/[C:3](=[O:10])[O:11][CH2:12][CH3:13])[CH:7]([CH3:8])[CH3:9])(\[NH:4][CH:6]([CH3:14])[CH3:15])[CH3:5],[C:1](\[CH:2]([C:3](=[O:10])[O:11][CH2:12][CH3:13])[CH:7]([CH3:8])[CH3:9])(=[N:4]/[CH:6]([CH3:14])[CH3:15])[CH3:5],1,1
248,[C:1](=[C:2](/[C:3](=[O:10])[O:11][CH2:12][CH3:13])[CH:7]([CH3:8])[CH3:9])(\[NH:4][CH2:6][CH2:14][CH2:15][CH2:16][CH3:17])[CH3:5]>>[C:1](\[CH:2]([C:3](=[O:10])[O:11][CH2:12][CH3:13])[CH:7]([CH3:8])[CH3:9])(=[N:4]/[CH2:6][CH2:14][CH2:15][CH2:16][CH3:17])[CH3:5],0.18,30,tetrachloromethane,303,1.0,[C:1](=[C:2](/[C:3](=[O:10])[O:11][CH2:12][CH3:13])[CH:7]([CH3:8])[CH3:9])(\[NH:4][CH2:6][CH2:14][CH2:15][CH2:16][CH3:17])[CH3:5],[C:1](\[CH:2]([C:3](=[O:10])[O:11][CH2:12][CH3:13])[CH:7]([CH3:8])[CH3:9])(=[N:4]/[CH2:6][CH2:14][CH2:15][CH2:16][CH3:17])[CH3:5],1,1
249,[C:1](=[C:2](/[C:3](=[O:10])[O:11][CH2:12][CH3:13])[CH:7]([CH3:8])[CH3:9])(\[NH:4][CH2:6][CH2:14][CH2:15][CH2:16][CH2:17][CH2:18][CH2:19][CH3:20])[CH3:5]>>[C:1](\[CH:2]([C:3](=[O:10])[O:11][CH2:12][CH3:13])[CH:7]([CH3:8])[CH3:9])(=[N:4]/[CH2:6][CH2:14][CH2:15][CH2:16][CH2:17][CH2:18][CH2:19][CH3:20])[CH3:5],0.18,30,tetrachloromethane,303,1.0,[C:1](=[C:2](/[C:3](=[O:10])[O:11][CH2:12][CH3:13])[CH:7]([CH3:8])[CH3:9])(\[NH:4][CH2:6][CH2:14][CH2:15][CH2:16][CH2:17][CH2:18][CH2:19][CH3:20])[CH3:5],[C:1](\[CH:2]([C:3](=[O:10])[O:11][CH2:12][CH3:13])[CH:7]([CH3:8])[CH3:9])(=[N:4]/[CH2:6][CH2:14][CH2:15][CH2:16][CH2:17][CH2:18][CH2:19][CH3:20])[CH3:5],1,1
250,[C:1](=[C:2](/[C:3](=[O:10])[O:11][CH2:12][CH3:13])[CH:7]([CH3:8])[CH3:9])(\[NH:4][CH2:6][CH:14]=[CH2:15])[CH3:5]>>[C:1](\[CH:2]([C:3](=[O:10])[O:11][CH2:12][CH3:13])[CH:7]([CH3:8])[CH3:9])(=[N:4]/[CH2:6][CH:14]=[CH2:15])[CH3:5],0.18,30,tetrachloromethane,303,1.0,[C:1](=[C:2](/[C:3](=[O:10])[O:11][CH2:12][CH3:13])[CH:7]([CH3:8])[CH3:9])(\[NH:4][CH2:6][CH:14]=[CH2:15])[CH3:5],[C:1](\[CH:2]([C:3](=[O:10])[O:11][CH2:12][CH3:13])[CH:7]([CH3:8])[CH3:9])(=[N:4]/[CH2:6][CH:14]=[CH2:15])[CH3:5],1,1
251,[C:1](=[C:2](/[C:3](=[O:10])[O:11][CH2:12][CH3:13])[CH:7]([CH3:8])[CH3:9])(\[NH:4][CH:6]1[CH2:14][CH2:15][CH2:16][CH2:17][CH2:18]1)[CH3:5]>>[C:1](\[CH:2]([C:3](=[O:10])[O:11][CH2:12][CH3:13])[CH:7]([CH3:8])[CH3:9])(=[N:4]/[CH:6]1[CH2:14][CH2:15][CH2:16][CH2:17][CH2:18]1)[CH3:5],0.33,30,tetrachloromethane,303,1.0,[C:1](=[C:2](/[C:3](=[O:10])[O:11][CH2:12][CH3:13])[CH:7]([CH3:8])[CH3:9])(\[NH:4][CH:6]1[CH2:14][CH2:15][CH2:16][CH2:17][CH2:18]1)[CH3:5],[C:1](\[CH:2]([C:3](=[O:10])[O:11][CH2:12][CH3:13])[CH:7]([CH3:8])[CH3:9])(=[N:4]/[CH:6]1[CH2:14][CH2:15][CH2:16][CH2:17][CH2:18]1)[CH3:5],1,1
252,[C:1](=[C:2](/[C:3](=[O:10])[O:11][CH2:12][CH3:13])[CH:7]([CH3:8])[CH3:9])(\[NH:4][c:6]1[cH:14][cH:15][cH:16][cH:17][cH:18]1)[CH3:5]>>[C:1](\[CH:2]([C:3](=[O:10])[O:11][CH2:12][CH3:13])[CH:7]([CH3:8])[CH3:9])(=[N:4]/[c:6]1[cH:14][cH:15][cH:16][cH:17][cH:18]1)[CH3:5],1.2,30,tetrachloromethane,303,1.0,[C:1](=[C:2](/[C:3](=[O:10])[O:11][CH2:12][CH3:13])[CH:7]([CH3:8])[CH3:9])(\[NH:4][c:6]1[cH:14][cH:15][cH:16][cH:17][cH:18]1)[CH3:5],[C:1](\[CH:2]([C:3](=[O:10])[O:11][CH2:12][CH3:13])[CH:7]([CH3:8])[CH3:9])(=[N:4]/[c:6]1[cH:14][cH:15][cH:16][cH:17][cH:18]1)[CH3:5],1,1
253,[C:1](=[CH:2]\[C:6]([O:7][CH2:11][CH3:12])=[O:8])(\[NH:3][N:5]([CH3:9])[CH3:10])[c:4]1[cH:13][cH:14][cH:15][cH:16][cH:17]1>>[C:1](\[CH2:2][C:6]([O:7][CH2:11][CH3:12])=[O:8])(=[N:3]/[N:5]([CH3:9])[CH3:10])[c:4]1[cH:13][cH:14][cH:15][cH:16][cH:17]1,0.0,30,tetrachloromethane,303,1.0,[C:1](=[CH:2]\[C:6]([O:7][CH2:11][CH3:12])=[O:8])(\[NH:3][N:5]([CH3:9])[CH3:10])[c:4]1[cH:13][cH:14][cH:15][cH:16][cH:17]1,[C:1](\[CH2:2][C:6]([O:7][CH2:11][CH3:12])=[O:8])(=[N:3]/[N:5]([CH3:9])[CH3:10])[c:4]1[cH:13][cH:14][cH:15][cH:16][cH:17]1,1,1
254,[C:1](=[CH:2]\[C:6]([O:7][CH2:11][CH3:12])=[O:8])(\[NH:3][N:5]([CH3:9])[CH3:10])[c:4]1[cH:13][cH:14][c:15]([CH3:18])[cH:16][cH:17]1>>[C:1](\[CH2:2][C:6]([O:7][CH2:11][CH3:12])=[O:8])(=[N:3]/[N:5]([CH3:9])[CH3:10])[c:4]1[cH:13][cH:14][c:15]([CH3:18])[cH:16][cH:17]1,-0.09,30,tetrachloromethane,303,1.0,[C:1](=[CH:2]\[C:6]([O:7][CH2:11][CH3:12])=[O:8])(\[NH:3][N:5]([CH3:9])[CH3:10])[c:4]1[cH:13][cH:14][c:15]([CH3:18])[cH:16][cH:17]1,[C:1](\[CH2:2][C:6]([O:7][CH2:11][CH3:12])=[O:8])(=[N:3]/[N:5]([CH3:9])[CH3:10])[c:4]1[cH:13][cH:14][c:15]([CH3:18])[cH:16][cH:17]1,1,1
255,[C:1](=[CH:2]\[C:6]([O:7][CH2:11][CH3:12])=[O:8])(\[NH:3][N:5]([CH3:9])[CH3:10])[c:4]1[cH:13][cH:14][c:15]([Cl:18])[cH:16][cH:17]1>>[C:1](\[CH2:2][C:6]([O:7][CH2:11][CH3:12])=[O:8])(=[N:3]/[N:5]([CH3:9])[CH3:10])[c:4]1[cH:13][cH:14][c:15]([Cl:18])[cH:16][cH:17]1,-0.04,30,tetrachloromethane,303,1.0,[C:1](=[CH:2]\[C:6]([O:7][CH2:11][CH3:12])=[O:8])(\[NH:3][N:5]([CH3:9])[CH3:10])[c:4]1[cH:13][cH:14][c:15]([Cl:18])[cH:16][cH:17]1,[C:1](\[CH2:2][C:6]([O:7][CH2:11][CH3:12])=[O:8])(=[N:3]/[N:5]([CH3:9])[CH3:10])[c:4]1[cH:13][cH:14][c:15]([Cl:18])[cH:16][cH:17]1,1,1
256,[C:1](=[CH:2]\[C:6]([O:7][CH2:11][CH3:12])=[O:8])(\[NH:3][N:5]([CH3:9])[CH3:10])[c:4]1[cH:13][cH:14][c:15]([Br:18])[cH:16][cH:17]1>>[C:1](\[CH2:2][C:6]([O:7][CH2:11][CH3:12])=[O:8])(=[N:3]/[N:5]([CH3:9])[CH3:10])[c:4]1[cH:13][cH:14][c:15]([Br:18])[cH:16][cH:17]1,-0.04,30,tetrachloromethane,303,1.0,[C:1](=[CH:2]\[C:6]([O:7][CH2:11][CH3:12])=[O:8])(\[NH:3][N:5]([CH3:9])[CH3:10])[c:4]1[cH:13][cH:14][c:15]([Br:18])[cH:16][cH:17]1,[C:1](\[CH2:2][C:6]([O:7][CH2:11][CH3:12])=[O:8])(=[N:3]/[N:5]([CH3:9])[CH3:10])[c:4]1[cH:13][cH:14][c:15]([Br:18])[cH:16][cH:17]1,1,1
257,[C:1](=[CH:2]\[C:6]([O:7][CH2:11][CH3:12])=[O:8])(\[NH:3][N:5]([CH3:9])[CH3:10])[c:4]1[cH:13][cH:14][c:15]([O:18][CH3:19])[cH:16][cH:17]1>>[C:1](\[CH2:2][C:6]([O:7][CH2:11][CH3:12])=[O:8])(=[N:3]/[N:5]([CH3:9])[CH3:10])[c:4]1[cH:13][cH:14][c:15]([O:18][CH3:19])[cH:16][cH:17]1,-0.16,30,tetrachloromethane,303,1.0,[C:1](=[CH:2]\[C:6]([O:7][CH2:11][CH3:12])=[O:8])(\[NH:3][N:5]([CH3:9])[CH3:10])[c:4]1[cH:13][cH:14][c:15]([O:18][CH3:19])[cH:16][cH:17]1,[C:1](\[CH2:2][C:6]([O:7][CH2:11][CH3:12])=[O:8])(=[N:3]/[N:5]([CH3:9])[CH3:10])[c:4]1[cH:13][cH:14][c:15]([O:18][CH3:19])[cH:16][cH:17]1,1,1
258,[C:1](=[CH:2]\[C:6]([O:7][CH2:11][CH3:12])=[O:8])(\[NH:3][N:5]([CH3:9])[CH3:10])[c:4]1[cH:13][cH:14][c:15]([N+:18](=[O:19])[O-:20])[cH:16][cH:17]1>>[C:1](\[CH2:2][C:6]([O:7][CH2:11][CH3:12])=[O:8])(=[N:3]/[N:5]([CH3:9])[CH3:10])[c:4]1[cH:13][cH:14][c:15]([N+:18](=[O:19])[O-:20])[cH:16][cH:17]1,0.05,30,tetrachloromethane,303,1.0,[C:1](=[CH:2]\[C:6]([O:7][CH2:11][CH3:12])=[O:8])(\[NH:3][N:5]([CH3:9])[CH3:10])[c:4]1[cH:13][cH:14][c:15]([N+:18](=[O:19])[O-:20])[cH:16][cH:17]1,[C:1](\[CH2:2][C:6]([O:7][CH2:11][CH3:12])=[O:8])(=[N:3]/[N:5]([CH3:9])[CH3:10])[c:4]1[cH:13][cH:14][c:15]([N+:18](=[O:19])[O-:20])[cH:16][cH:17]1,1,1
259,[C:1](=[CH:2]\[C:6]([O:7][CH2:11][CH3:12])=[O:8])(\[NH:3][N:5]([CH3:9])[CH3:10])[CH2:4][c:13]1[cH:14][cH:15][cH:16][cH:17][cH:18]1>>[C:1](\[CH2:2][C:6]([O:7][CH2:11][CH3:12])=[O:8])(=[N:3]/[N:5]([CH3:9])[CH3:10])[CH2:4][c:13]1[cH:14][cH:15][cH:16][cH:17][cH:18]1,0.53,30,tetrachloromethane,303,1.0,[C:1](=[CH:2]\[C:6]([O:7][CH2:11][CH3:12])=[O:8])(\[NH:3][N:5]([CH3:9])[CH3:10])[CH2:4][c:13]1[cH:14][cH:15][cH:16][cH:17][cH:18]1,[C:1](\[CH2:2][C:6]([O:7][CH2:11][CH3:12])=[O:8])(=[N:3]/[N:5]([CH3:9])[CH3:10])[CH2:4][c:13]1[cH:14][cH:15][cH:16][cH:17][cH:18]1,1,1
260,[C:1](=[CH:2]\[C:6]([O:7][CH2:11][CH3:12])=[O:8])(\[NH:3][N:5]([CH3:9])[CH3:10])[CH3:4]>>[C:1](\[CH2:2][C:6]([O:7][CH2:11][CH3:12])=[O:8])(=[N:3]/[N:5]([CH3:9])[CH3:10])[CH3:4],0.48,30,tetrachloromethane,303,1.0,[C:1](=[CH:2]\[C:6]([O:7][CH2:11][CH3:12])=[O:8])(\[NH:3][N:5]([CH3:9])[CH3:10])[CH3:4],[C:1](\[CH2:2][C:6]([O:7][CH2:11][CH3:12])=[O:8])(=[N:3]/[N:5]([CH3:9])[CH3:10])[CH3:4],1,1
261,[C:1](=[C:2](/[CH2:3][CH:14]=[CH2:15])[C:7]([O:8][CH2:12][CH3:13])=[O:9])(\[NH:4][N:6]([CH3:10])[CH3:11])[CH3:5]>>[C:1](\[CH:2]([CH2:3][CH:14]=[CH2:15])[C:7]([O:8][CH2:12][CH3:13])=[O:9])(=[N:4]/[N:6]([CH3:10])[CH3:11])[CH3:5],-0.69,30,tetrachloromethane,303,1.0,[C:1](=[C:2](/[CH2:3][CH:14]=[CH2:15])[C:7]([O:8][CH2:12][CH3:13])=[O:9])(\[NH:4][N:6]([CH3:10])[CH3:11])[CH3:5],[C:1](\[CH:2]([CH2:3][CH:14]=[CH2:15])[C:7]([O:8][CH2:12][CH3:13])=[O:9])(=[N:4]/[N:6]([CH3:10])[CH3:11])[CH3:5],1,1
262,[C:1](=[C:2](/[c:3]1[cH:14][cH:15][cH:16][cH:17][cH:18]1)[C:7]([O:8][CH2:12][CH3:13])=[O:9])(\[NH:4][N:6]([CH3:10])[CH3:11])[CH3:5]>>[C:1](\[CH:2]([c:3]1[cH:14][cH:15][cH:16][cH:17][cH:18]1)[C:7]([O:8][CH2:12][CH3:13])=[O:9])(=[N:4]/[N:6]([CH3:10])[CH3:11])[CH3:5],-1.06,30,tetrachloromethane,303,1.0,[C:1](=[C:2](/[c:3]1[cH:14][cH:15][cH:16][cH:17][cH:18]1)[C:7]([O:8][CH2:12][CH3:13])=[O:9])(\[NH:4][N:6]([CH3:10])[CH3:11])[CH3:5],[C:1](\[CH:2]([c:3]1[cH:14][cH:15][cH:16][cH:17][cH:18]1)[C:7]([O:8][CH2:12][CH3:13])=[O:9])(=[N:4]/[N:6]([CH3:10])[CH3:11])[CH3:5],1,1
263,[C:1](=[C:2](/[CH2:3][c:14]1[cH:15][cH:16][cH:17][cH:18][cH:19]1)[C:7]([O:8][CH2:12][CH3:13])=[O:9])(\[NH:4][N:6]([CH3:10])[CH3:11])[CH3:5]>>[C:1](\[CH:2]([CH2:3][c:14]1[cH:15][cH:16][cH:17][cH:18][cH:19]1)[C:7]([O:8][CH2:12][CH3:13])=[O:9])(=[N:4]/[N:6]([CH3:10])[CH3:11])[CH3:5],-0.52,30,tetrachloromethane,303,1.0,[C:1](=[C:2](/[CH2:3][c:14]1[cH:15][cH:16][cH:17][cH:18][cH:19]1)[C:7]([O:8][CH2:12][CH3:13])=[O:9])(\[NH:4][N:6]([CH3:10])[CH3:11])[CH3:5],[C:1](\[CH:2]([CH2:3][c:14]1[cH:15][cH:16][cH:17][cH:18][cH:19]1)[C:7]([O:8][CH2:12][CH3:13])=[O:9])(=[N:4]/[N:6]([CH3:10])[CH3:11])[CH3:5],1,1
264,[C:1](=[C:2](/[CH2:3][CH3:12])[C:7]([O:8][CH2:10][CH3:11])=[O:9])(\[NH:4][c:6]1[cH:13][cH:14][cH:15][cH:16][cH:17]1)[CH3:5]>>[C:1](\[CH:2]([CH2:3][CH3:12])[C:7]([O:8][CH2:10][CH3:11])=[O:9])(=[N:4]/[c:6]1[cH:13][cH:14][cH:15][cH:16][cH:17]1)[CH3:5],-0.69,30,tetrachloromethane,303,1.0,[C:1](=[C:2](/[CH2:3][CH3:12])[C:7]([O:8][CH2:10][CH3:11])=[O:9])(\[NH:4][c:6]1[cH:13][cH:14][cH:15][cH:16][cH:17]1)[CH3:5],[C:1](\[CH:2]([CH2:3][CH3:12])[C:7]([O:8][CH2:10][CH3:11])=[O:9])(=[N:4]/[c:6]1[cH:13][cH:14][cH:15][cH:16][cH:17]1)[CH3:5],1,1
265,[C:1](=[C:2](/[CH2:3][CH3:12])[C:7]([O:8][CH2:10][CH3:11])=[O:9])(\[NH:4][c:6]1[cH:13][cH:14][c:15]([CH3:18])[cH:16][cH:17]1)[CH3:5]>>[C:1](\[CH:2]([CH2:3][CH3:12])[C:7]([O:8][CH2:10][CH3:11])=[O:9])(=[N:4]/[c:6]1[cH:13][cH:14][c:15]([CH3:18])[cH:16][cH:17]1)[CH3:5],-0.77,30,tetrachloromethane,303,1.0,[C:1](=[C:2](/[CH2:3][CH3:12])[C:7]([O:8][CH2:10][CH3:11])=[O:9])(\[NH:4][c:6]1[cH:13][cH:14][c:15]([CH3:18])[cH:16][cH:17]1)[CH3:5],[C:1](\[CH:2]([CH2:3][CH3:12])[C:7]([O:8][CH2:10][CH3:11])=[O:9])(=[N:4]/[c:6]1[cH:13][cH:14][c:15]([CH3:18])[cH:16][cH:17]1)[CH3:5],1,1
266,[C:1](=[C:2](/[CH2:3][CH3:12])[C:7]([O:8][CH2:10][CH3:11])=[O:9])(\[NH:4][c:6]1[cH:13][cH:14][c:15]([Cl:18])[cH:16][cH:17]1)[CH3:5]>>[C:1](\[CH:2]([CH2:3][CH3:12])[C:7]([O:8][CH2:10][CH3:11])=[O:9])(=[N:4]/[c:6]1[cH:13][cH:14][c:15]([Cl:18])[cH:16][cH:17]1)[CH3:5],-0.55,30,tetrachloromethane,303,1.0,[C:1](=[C:2](/[CH2:3][CH3:12])[C:7]([O:8][CH2:10][CH3:11])=[O:9])(\[NH:4][c:6]1[cH:13][cH:14][c:15]([Cl:18])[cH:16][cH:17]1)[CH3:5],[C:1](\[CH:2]([CH2:3][CH3:12])[C:7]([O:8][CH2:10][CH3:11])=[O:9])(=[N:4]/[c:6]1[cH:13][cH:14][c:15]([Cl:18])[cH:16][cH:17]1)[CH3:5],1,1
267,[C:1](=[C:2](/[CH2:3][CH3:12])[C:7]([O:8][CH2:10][CH3:11])=[O:9])(\[NH:4][c:6]1[cH:13][cH:14][c:15]([Br:18])[cH:16][cH:17]1)[CH3:5]>>[C:1](\[CH:2]([CH2:3][CH3:12])[C:7]([O:8][CH2:10][CH3:11])=[O:9])(=[N:4]/[c:6]1[cH:13][cH:14][c:15]([Br:18])[cH:16][cH:17]1)[CH3:5],-0.55,30,tetrachloromethane,303,1.0,[C:1](=[C:2](/[CH2:3][CH3:12])[C:7]([O:8][CH2:10][CH3:11])=[O:9])(\[NH:4][c:6]1[cH:13][cH:14][c:15]([Br:18])[cH:16][cH:17]1)[CH3:5],[C:1](\[CH:2]([CH2:3][CH3:12])[C:7]([O:8][CH2:10][CH3:11])=[O:9])(=[N:4]/[c:6]1[cH:13][cH:14][c:15]([Br:18])[cH:16][cH:17]1)[CH3:5],1,1
268,[C:1](=[C:2](/[CH2:3][CH3:12])[C:7]([O:8][CH2:10][CH3:11])=[O:9])(\[NH:4][c:6]1[cH:13][cH:14][c:15]([O:18][CH3:19])[cH:16][cH:17]1)[CH3:5]>>[C:1](\[CH:2]([CH2:3][CH3:12])[C:7]([O:8][CH2:10][CH3:11])=[O:9])(=[N:4]/[c:6]1[cH:13][cH:14][c:15]([O:18][CH3:19])[cH:16][cH:17]1)[CH3:5],-0.82,30,tetrachloromethane,303,1.0,[C:1](=[C:2](/[CH2:3][CH3:12])[C:7]([O:8][CH2:10][CH3:11])=[O:9])(\[NH:4][c:6]1[cH:13][cH:14][c:15]([O:18][CH3:19])[cH:16][cH:17]1)[CH3:5],[C:1](\[CH:2]([CH2:3][CH3:12])[C:7]([O:8][CH2:10][CH3:11])=[O:9])(=[N:4]/[c:6]1[cH:13][cH:14][c:15]([O:18][CH3:19])[cH:16][cH:17]1)[CH3:5],1,1
269,[C:1](=[C:2](/[CH2:3][CH3:12])[C:7]([O:8][CH2:10][CH3:11])=[O:9])(\[NH:4][c:6]1[cH:13][cH:14][c:15]([N+:18](=[O:19])[O-:20])[cH:16][cH:17]1)[CH3:5]>>[C:1](\[CH:2]([CH2:3][CH3:12])[C:7]([O:8][CH2:10][CH3:11])=[O:9])(=[N:4]/[c:6]1[cH:13][cH:14][c:15]([N+:18](=[O:19])[O-:20])[cH:16][cH:17]1)[CH3:5],-0.41,30,tetrachloromethane,303,1.0,[C:1](=[C:2](/[CH2:3][CH3:12])[C:7]([O:8][CH2:10][CH3:11])=[O:9])(\[NH:4][c:6]1[cH:13][cH:14][c:15]([N+:18](=[O:19])[O-:20])[cH:16][cH:17]1)[CH3:5],[C:1](\[CH:2]([CH2:3][CH3:12])[C:7]([O:8][CH2:10][CH3:11])=[O:9])(=[N:4]/[c:6]1[cH:13][cH:14][c:15]([N+:18](=[O:19])[O-:20])[cH:16][cH:17]1)[CH3:5],1,1
270,[C:1](=[C:2](/[CH:3]([CH3:12])[CH3:19])[C:7]([O:8][CH2:10][CH3:11])=[O:9])(\[NH:4][CH2:6][c:13]1[cH:14][cH:15][cH:16][cH:17][cH:18]1)[CH3:5]>>[C:1](\[CH:2]([CH:3]([CH3:12])[CH3:19])[C:7]([O:8][CH2:10][CH3:11])=[O:9])(=[N:4]/[CH2:6][c:13]1[cH:14][cH:15][cH:16][cH:17][cH:18]1)[CH3:5],0.16,30,tetrachloromethane,303,1.0,[C:1](=[C:2](/[CH:3]([CH3:12])[CH3:19])[C:7]([O:8][CH2:10][CH3:11])=[O:9])(\[NH:4][CH2:6][c:13]1[cH:14][cH:15][cH:16][cH:17][cH:18]1)[CH3:5],[C:1](\[CH:2]([CH:3]([CH3:12])[CH3:19])[C:7]([O:8][CH2:10][CH3:11])=[O:9])(=[N:4]/[CH2:6][c:13]1[cH:14][cH:15][cH:16][cH:17][cH:18]1)[CH3:5],1,1
271,[c:1]1([OH:7])[cH:2][cH:3][n:4][cH:5][cH:6]1>>[c:1]1(=[O:7])[cH:2][cH:3][nH:4][cH:5][cH:6]1,3.34,20,water,293,1.0,[c:1]1([OH:7])[cH:2][cH:3][n:4][cH:5][cH:6]1,[c:1]1(=[O:7])[cH:2][cH:3][nH:4][cH:5][cH:6]1,1,1
272,[c:1]1([OH:7])[cH:2][cH:3][n:4][cH:5][cH:6]1>>[c:1]1(=[O:7])[cH:2][cH:3][nH:4][cH:5][cH:6]1,3.29,20,water,293,1.0,[c:1]1([OH:7])[cH:2][cH:3][n:4][cH:5][cH:6]1,[c:1]1(=[O:7])[cH:2][cH:3][nH:4][cH:5][cH:6]1,1,1
273,[c:1]1([OH:7])[cH:2][c:3]([C:8](=[O:9])[O:10][CH3:11])[n:4][c:5]([C:12]([O:13][CH3:15])=[O:14])[cH:6]1>>[c:1]1(=[O:7])[cH:2][c:3]([C:8](=[O:9])[O:10][CH3:11])[nH:4][c:5]([C:12]([O:13][CH3:15])=[O:14])[cH:6]1,0.42,20,water,293,1.0,[c:1]1([OH:7])[cH:2][c:3]([C:8](=[O:9])[O:10][CH3:11])[n:4][c:5]([C:12]([O:13][CH3:15])=[O:14])[cH:6]1,[c:1]1(=[O:7])[cH:2][c:3]([C:8](=[O:9])[O:10][CH3:11])[nH:4][c:5]([C:12]([O:13][CH3:15])=[O:14])[cH:6]1,1,1
274,[cH:1]1[c:2]2[c:3]([n:4][c:5]([OH:11])[cH:6]1)[cH:7][cH:8][cH:9][cH:10]2>>[cH:1]1[c:2]2[c:3]([nH:4][c:5](=[O:11])[cH:6]1)[cH:7][cH:8][cH:9][cH:10]2,3.68,20,water,293,1.0,[cH:1]1[c:2]2[c:3]([n:4][c:5]([OH:11])[cH:6]1)[cH:7][cH:8][cH:9][cH:10]2,[cH:1]1[c:2]2[c:3]([nH:4][c:5](=[O:11])[cH:6]1)[cH:7][cH:8][cH:9][cH:10]2,1,1
275,[c:1]1([OH:11])[c:2]2[c:3]([n:4][cH:5][cH:6]1)[cH:7][cH:8][cH:9][cH:10]2>>[c:1]1(=[O:11])[c:2]2[c:3]([nH:4][cH:5][cH:6]1)[cH:7][cH:8][cH:9][cH:10]2,4.285,20,water,293,1.0,[c:1]1([OH:11])[c:2]2[c:3]([n:4][cH:5][cH:6]1)[cH:7][cH:8][cH:9][cH:10]2,[c:1]1(=[O:11])[c:2]2[c:3]([nH:4][cH:5][cH:6]1)[cH:7][cH:8][cH:9][cH:10]2,1,1
276,[cH:1]1[c:2]2[c:3]([n:4][cH:5][cH:6]1)[cH:7][cH:8][cH:9][c:10]2[OH:11]>>[cH:1]1[c:2]2[c:10](=[O:11])[cH:9][cH:8][cH:7][c:3]-2[nH:4][cH:5][cH:6]1,-1.28,20,water,293,1.0,[cH:1]1[c:2]2[c:3]([n:4][cH:5][cH:6]1)[cH:7][cH:8][cH:9][c:10]2[OH:11],[cH:1]1[c:2]2[c:10](=[O:11])[cH:9][cH:8][cH:7][c:3]-2[nH:4][cH:5][cH:6]1,1,1
277,[cH:1]1[c:2]2[c:3]([n:4][cH:5][cH:6]1)[cH:7][cH:8][cH:9][c:10]2[OH:11]>>[cH:1]1[c:2]2[c:10](=[O:11])[cH:9][cH:8][cH:7][c:3]-2[nH:4][cH:5][cH:6]1,-1.36,40,water,313,1.0,[cH:1]1[c:2]2[c:3]([n:4][cH:5][cH:6]1)[cH:7][cH:8][cH:9][c:10]2[OH:11],[cH:1]1[c:2]2[c:10](=[O:11])[cH:9][cH:8][cH:7][c:3]-2[nH:4][cH:5][cH:6]1,1,1
278,[cH:1]1[c:2]2[c:3]([n:4][cH:5][cH:6]1)[cH:7][cH:8][cH:9][c:10]2[OH:11]>>[cH:1]1[c:2]2[c:10](=[O:11])[cH:9][cH:8][cH:7][c:3]-2[nH:4][cH:5][cH:6]1,-1.44,60,water,333,1.0,[cH:1]1[c:2]2[c:3]([n:4][cH:5][cH:6]1)[cH:7][cH:8][cH:9][c:10]2[OH:11],[cH:1]1[c:2]2[c:10](=[O:11])[cH:9][cH:8][cH:7][c:3]-2[nH:4][cH:5][cH:6]1,1,1
279,[cH:1]1[c:2]2[c:3]([n:4][cH:5][cH:6]1)[cH:7][cH:8][cH:9][c:10]2[OH:11]>>[cH:1]1[c:2]2[c:10](=[O:11])[cH:9][cH:8][cH:7][c:3]-2[nH:4][cH:5][cH:6]1,-1.54,80,water,353,1.0,[cH:1]1[c:2]2[c:3]([n:4][cH:5][cH:6]1)[cH:7][cH:8][cH:9][c:10]2[OH:11],[cH:1]1[c:2]2[c:10](=[O:11])[cH:9][cH:8][cH:7][c:3]-2[nH:4][cH:5][cH:6]1,1,1
280,[cH:1]1[c:2]2[c:3]([c:4]([OH:11])[n:5][cH:6]1)[cH:7][cH:8][cH:9][cH:10]2>>[cH:1]1[c:2]2[c:3]([c:4](=[O:11])[nH:5][cH:6]1)[cH:7][cH:8][cH:9][cH:10]2,4.555,20,water,293,1.0,[cH:1]1[c:2]2[c:3]([c:4]([OH:11])[n:5][cH:6]1)[cH:7][cH:8][cH:9][cH:10]2,[cH:1]1[c:2]2[c:3]([c:4](=[O:11])[nH:5][cH:6]1)[cH:7][cH:8][cH:9][cH:10]2,1,1
281,[cH:1]1[c:2]2[c:3]([cH:4][n:5][cH:6]1)[cH:7][cH:8][c:9]([OH:11])[cH:10]2>>[cH:1]1[c:2]2[cH:10][c:9](=[O:11])[cH:8][cH:7][c:3]-2[cH:4][nH:5][cH:6]1,0.305,20,water,293,1.0,[cH:1]1[c:2]2[c:3]([cH:4][n:5][cH:6]1)[cH:7][cH:8][c:9]([OH:11])[cH:10]2,[cH:1]1[c:2]2[cH:10][c:9](=[O:11])[cH:8][cH:7][c:3]-2[cH:4][nH:5][cH:6]1,1,1
282,[cH:1]1[c:2]2[c:3]([cH:4][n:5][cH:6]1)[cH:7][cH:8][c:9]([OH:11])[cH:10]2>>[cH:1]1[c:2]2[cH:10][c:9](=[O:11])[cH:8][cH:7][c:3]-2[cH:4][nH:5][cH:6]1,0.16,40,water,313,1.0,[cH:1]1[c:2]2[c:3]([cH:4][n:5][cH:6]1)[cH:7][cH:8][c:9]([OH:11])[cH:10]2,[cH:1]1[c:2]2[cH:10][c:9](=[O:11])[cH:8][cH:7][c:3]-2[cH:4][nH:5][cH:6]1,1,1
283,[cH:1]1[c:2]2[c:3]([cH:4][n:5][cH:6]1)[cH:7][cH:8][c:9]([OH:11])[cH:10]2>>[cH:1]1[c:2]2[cH:10][c:9](=[O:11])[cH:8][cH:7][c:3]-2[cH:4][nH:5][cH:6]1,-0.16,80,water,353,1.0,[cH:1]1[c:2]2[c:3]([cH:4][n:5][cH:6]1)[cH:7][cH:8][c:9]([OH:11])[cH:10]2,[cH:1]1[c:2]2[cH:10][c:9](=[O:11])[cH:8][cH:7][c:3]-2[cH:4][nH:5][cH:6]1,1,1
284,[cH:1]1[c:2]2[c:3]([cH:4][n:5][cH:6]1)[c:7]([OH:11])[cH:8][cH:9][cH:10]2>>[cH:1]1[c:2]2[cH:10][cH:9][cH:8][c:7](=[O:11])[c:3]-2[cH:4][nH:5][cH:6]1,0.16,20,water,293,1.0,[cH:1]1[c:2]2[c:3]([cH:4][n:5][cH:6]1)[c:7]([OH:11])[cH:8][cH:9][cH:10]2,[cH:1]1[c:2]2[cH:10][cH:9][cH:8][c:7](=[O:11])[c:3]-2[cH:4][nH:5][cH:6]1,1,1
285,[cH:1]1[c:2]2[c:3]([cH:4][n:5][cH:6]1)[c:7]([OH:11])[cH:8][cH:9][cH:10]2>>[cH:1]1[c:2]2[cH:10][cH:9][cH:8][c:7](=[O:11])[c:3]-2[cH:4][nH:5][cH:6]1,-0.17,40,water,313,1.0,[cH:1]1[c:2]2[c:3]([cH:4][n:5][cH:6]1)[c:7]([OH:11])[cH:8][cH:9][cH:10]2,[cH:1]1[c:2]2[cH:10][cH:9][cH:8][c:7](=[O:11])[c:3]-2[cH:4][nH:5][cH:6]1,1,1
286,[cH:1]1[c:2]2[c:3]([cH:4][n:5][cH:6]1)[c:7]([OH:11])[cH:8][cH:9][cH:10]2>>[cH:1]1[c:2]2[cH:10][cH:9][cH:8][c:7](=[O:11])[c:3]-2[cH:4][nH:5][cH:6]1,-0.3,60,water,333,1.0,[cH:1]1[c:2]2[c:3]([cH:4][n:5][cH:6]1)[c:7]([OH:11])[cH:8][cH:9][cH:10]2,[cH:1]1[c:2]2[cH:10][cH:9][cH:8][c:7](=[O:11])[c:3]-2[cH:4][nH:5][cH:6]1,1,1
287,[cH:1]1[c:2]2[c:3]([cH:4][n:5][cH:6]1)[c:7]([OH:11])[cH:8][cH:9][cH:10]2>>[cH:1]1[c:2]2[cH:10][cH:9][cH:8][c:7](=[O:11])[c:3]-2[cH:4][nH:5][cH:6]1,-0.5,80,water,353,1.0,[cH:1]1[c:2]2[c:3]([cH:4][n:5][cH:6]1)[c:7]([OH:11])[cH:8][cH:9][cH:10]2,[cH:1]1[c:2]2[cH:10][cH:9][cH:8][c:7](=[O:11])[c:3]-2[cH:4][nH:5][cH:6]1,1,1
288,[c:1]12[c:2]3[c:3]([c:4]([OH:15])[n:5][c:6]1[cH:14][cH:13][cH:12][cH:11]2)[cH:7][cH:8][cH:9][cH:10]3>>[c:1]12[c:2]3[c:3]([c:4](=[O:15])[nH:5][c:6]1[cH:14][cH:13][cH:12][cH:11]2)[cH:7][cH:8][cH:9][cH:10]3,3.9,20,water,293,1.0,[c:1]12[c:2]3[c:3]([c:4]([OH:15])[n:5][c:6]1[cH:14][cH:13][cH:12][cH:11]2)[cH:7][cH:8][cH:9][cH:10]3,[c:1]12[c:2]3[c:3]([c:4](=[O:15])[nH:5][c:6]1[cH:14][cH:13][cH:12][cH:11]2)[cH:7][cH:8][cH:9][cH:10]3,1,1
289,[CH2:1]1[CH2:2][CH2:3][N:4]=[C:5]([CH2:7][c:8]2[cH:9][cH:10][cH:11][cH:12][cH:13]2)[CH2:6]1>>[CH2:1]1[CH2:2][CH2:3][NH:4]/[C:5](=[CH:7]\[c:8]2[cH:9][cH:10][cH:11][cH:12][cH:13]2)[CH2:6]1,0.25,35,water,308,1.0,[CH2:1]1[CH2:2][CH2:3][N:4]=[C:5]([CH2:7][c:8]2[cH:9][cH:10][cH:11][cH:12][cH:13]2)[CH2:6]1,[CH2:1]1[CH2:2][CH2:3][NH:4]/[C:5](=[CH:7]\[c:8]2[cH:9][cH:10][cH:11][cH:12][cH:13]2)[CH2:6]1,1,1
290,[CH2:1]1[CH2:2][CH2:3][N:4]=[C:5]([CH:7]([c:8]2[cH:10][cH:11][cH:12][cH:13][cH:14]2)[c:9]2[cH:15][cH:16][cH:17][cH:18][cH:19]2)[CH2:6]1>>[CH2:1]1[CH2:2][CH2:3][NH:4]/[C:5](=[C:7](\[c:8]2[cH:10][cH:11][cH:12][cH:13][cH:14]2)[c:9]2[cH:15][cH:16][cH:17][cH:18][cH:19]2)[CH2:6]1,0.55,35,water,308,1.0,[CH2:1]1[CH2:2][CH2:3][N:4]=[C:5]([CH:7]([c:8]2[cH:10][cH:11][cH:12][cH:13][cH:14]2)[c:9]2[cH:15][cH:16][cH:17][cH:18][cH:19]2)[CH2:6]1,[CH2:1]1[CH2:2][CH2:3][NH:4]/[C:5](=[C:7](\[c:8]2[cH:10][cH:11][cH:12][cH:13][cH:14]2)[c:9]2[cH:15][cH:16][cH:17][cH:18][cH:19]2)[CH2:6]1,1,1
291,[NH2:1][C:2]([c:3]1[cH:5][cH:6][cH:7][cH:8][cH:9]1)=[S:4]>>[NH:1]=[C:2]([c:3]1[cH:5][cH:6][cH:7][cH:8][cH:9]1)[SH:4],-8.3,25,water,298,1.0,[NH2:1][C:2]([c:3]1[cH:5][cH:6][cH:7][cH:8][cH:9]1)=[S:4],[NH:1]=[C:2]([c:3]1[cH:5][cH:6][cH:7][cH:8][cH:9]1)[SH:4],1,1
292,[NH:1]([C:2]([CH3:3])=[S:4])[CH3:5]>>[N:1](=[C:2](/[CH3:3])[SH:4])\[CH3:5],-9.6,25,water,298,1.0,[NH:1]([C:2]([CH3:3])=[S:4])[CH3:5],[N:1](=[C:2](/[CH3:3])[SH:4])\[CH3:5],1,1
293,[NH:1]([C:2]([c:3]1[cH:6][cH:7][cH:8][cH:9][cH:10]1)=[S:4])[CH3:5]>>[N:1](=[C:2](/[c:3]1[cH:6][cH:7][cH:8][cH:9][cH:10]1)[SH:4])\[CH3:5],-8.9,25,water,298,1.0,[NH:1]([C:2]([c:3]1[cH:6][cH:7][cH:8][cH:9][cH:10]1)=[S:4])[CH3:5],[N:1](=[C:2](/[c:3]1[cH:6][cH:7][cH:8][cH:9][cH:10]1)[SH:4])\[CH3:5],1,1
294,[o:1]1[cH:2][c:3](-[c:7]2[cH:8][cH:9][cH:10][cH:11][cH:12]2)[nH:4][c:5]1=[S:6]>>[o:1]1[cH:2][c:3](-[c:7]2[cH:8][cH:9][cH:10][cH:11][cH:12]2)[n:4][c:5]1[SH:6],-5.1,25,water,298,1.0,[o:1]1[cH:2][c:3](-[c:7]2[cH:8][cH:9][cH:10][cH:11][cH:12]2)[nH:4][c:5]1=[S:6],[o:1]1[cH:2][c:3](-[c:7]2[cH:8][cH:9][cH:10][cH:11][cH:12]2)[n:4][c:5]1[SH:6],1,1
295,[o:1]1[c:2](-[c:7]2[cH:8][cH:9][cH:10][cH:11][cH:12]2)[cH:3][nH:4][c:5]1=[S:6]>>[o:1]1[c:2](-[c:7]2[cH:8][cH:9][cH:10][cH:11][cH:12]2)[cH:3][n:4][c:5]1[SH:6],-5.7,25,water,298,1.0,[o:1]1[c:2](-[c:7]2[cH:8][cH:9][cH:10][cH:11][cH:12]2)[cH:3][nH:4][c:5]1=[S:6],[o:1]1[c:2](-[c:7]2[cH:8][cH:9][cH:10][cH:11][cH:12]2)[cH:3][n:4][c:5]1[SH:6],1,1
296,[o:1]1[c:2]([CH3:8])[c:3]([CH3:7])[nH:4][c:5]1=[S:6]>>[o:1]1[c:2]([CH3:8])[c:3]([CH3:7])[n:4][c:5]1[SH:6],-6.6,25,water,298,1.0,[o:1]1[c:2]([CH3:8])[c:3]([CH3:7])[nH:4][c:5]1=[S:6],[o:1]1[c:2]([CH3:8])[c:3]([CH3:7])[n:4][c:5]1[SH:6],1,1
297,[s:1]1[c:2](-[c:7]2[cH:8][cH:9][cH:10][cH:11][cH:12]2)[cH:3][nH:4][c:5]1=[S:6]>>[s:1]1[c:2](-[c:7]2[cH:8][cH:9][cH:10][cH:11][cH:12]2)[cH:3][n:4][c:5]1[SH:6],-5.4,25,water,298,1.0,[s:1]1[c:2](-[c:7]2[cH:8][cH:9][cH:10][cH:11][cH:12]2)[cH:3][nH:4][c:5]1=[S:6],[s:1]1[c:2](-[c:7]2[cH:8][cH:9][cH:10][cH:11][cH:12]2)[cH:3][n:4][c:5]1[SH:6],1,1
298,[s:1]1[c:2]([CH3:8])[c:3]([CH3:7])[nH:4][c:5]1=[S:6]>>[s:1]1[c:2]([CH3:8])[c:3]([CH3:7])[n:4][c:5]1[SH:6],-6.2,25,water,298,1.0,[s:1]1[c:2]([CH3:8])[c:3]([CH3:7])[nH:4][c:5]1=[S:6],[s:1]1[c:2]([CH3:8])[c:3]([CH3:7])[n:4][c:5]1[SH:6],1,1
299,[nH:1]1[c:2]([CH3:8])[c:3]([CH3:7])[nH:4][c:5]1=[S:6]>>[nH:1]1[c:2]([CH3:8])[c:3]([CH3:7])[n:4][c:5]1[SH:6],-8.2,25,water,298,1.0,[nH:1]1[c:2]([CH3:8])[c:3]([CH3:7])[nH:4][c:5]1=[S:6],[nH:1]1[c:2]([CH3:8])[c:3]([CH3:7])[n:4][c:5]1[SH:6],1,1
300,[n:1]1([CH3:13])[cH:2][c:3](-[c:7]2[cH:8][cH:9][cH:10][cH:11][cH:12]2)[nH:4][c:5]1=[S:6]>>[n:1]1([CH3:13])[cH:2][c:3](-[c:7]2[cH:8][cH:9][cH:10][cH:11][cH:12]2)[n:4][c:5]1[SH:6],-7.6,25,water,298,1.0,[n:1]1([CH3:13])[cH:2][c:3](-[c:7]2[cH:8][cH:9][cH:10][cH:11][cH:12]2)[nH:4][c:5]1=[S:6],[n:1]1([CH3:13])[cH:2][c:3](-[c:7]2[cH:8][cH:9][cH:10][cH:11][cH:12]2)[n:4][c:5]1[SH:6],1,1
301,[n:1]1([CH3:7])[c:2](-[c:8]2[cH:9][cH:10][cH:11][cH:12][cH:13]2)[cH:3][nH:4][c:5]1=[S:6]>>[n:1]1([CH3:7])[c:2](-[c:8]2[cH:9][cH:10][cH:11][cH:12][cH:13]2)[cH:3][n:4][c:5]1[SH:6],-6.8,25,water,298,1.0,[n:1]1([CH3:7])[c:2](-[c:8]2[cH:9][cH:10][cH:11][cH:12][cH:13]2)[cH:3][nH:4][c:5]1=[S:6],[n:1]1([CH3:7])[c:2](-[c:8]2[cH:9][cH:10][cH:11][cH:12][cH:13]2)[cH:3][n:4][c:5]1[SH:6],1,1
302,[n:1]1([CH3:9])[c:2]([CH3:8])[c:3]([CH3:7])[nH:4][c:5]1=[S:6]>>[n:1]1([CH3:9])[c:2]([CH3:8])[c:3]([CH3:7])[n:4][c:5]1[SH:6],-8.2,25,water,298,1.0,[n:1]1([CH3:9])[c:2]([CH3:8])[c:3]([CH3:7])[nH:4][c:5]1=[S:6],[n:1]1([CH3:9])[c:2]([CH3:8])[c:3]([CH3:7])[n:4][c:5]1[SH:6],1,1
303,[N+:1](=[O:2])([CH2:3][CH3:5])[O-:4]>>[N+:1](\[OH:2])(=[CH:3]\[CH3:5])[O-:4],-4.07,18,water,291,1.0,[N+:1](=[O:2])([CH2:3][CH3:5])[O-:4],[N+:1](\[OH:2])(=[CH:3]\[CH3:5])[O-:4],1,1
304,[N+:1](=[O:2])([CH2:3][CH3:5])[O-:4]>>[N+:1](\[OH:2])(=[CH:3]\[CH3:5])[O-:4],-4.05,25,water,298,1.0,[N+:1](=[O:2])([CH2:3][CH3:5])[O-:4],[N+:1](\[OH:2])(=[CH:3]\[CH3:5])[O-:4],1,1
305,[N+:1](=[O:2])([CH2:3][CH3:5])[O-:4]>>[N+:1](\[OH:2])(=[CH:3]\[CH3:5])[O-:4],-4.05,0,water,273,1.0,[N+:1](=[O:2])([CH2:3][CH3:5])[O-:4],[N+:1](\[OH:2])(=[CH:3]\[CH3:5])[O-:4],1,1
306,[N+:1](=[O:2])([CH2:3][CH3:5])[O-:4]>>[N+:1](\[OH:2])(=[CH:3]\[CH3:5])[O-:4],-4.35,30,water,303,1.0,[N+:1](=[O:2])([CH2:3][CH3:5])[O-:4],[N+:1](\[OH:2])(=[CH:3]\[CH3:5])[O-:4],1,1
307,[N+:1](=[O:2])([CH:3]([CH3:5])[CH3:6])[O-:4]>>[N+:1](\[OH:2])(=[C:3](/[CH3:5])[CH3:6])[O-:4],-2.56,25,water,298,1.0,[N+:1](=[O:2])([CH:3]([CH3:5])[CH3:6])[O-:4],[N+:1](\[OH:2])(=[C:3](/[CH3:5])[CH3:6])[O-:4],1,1
308,[N+:1](=[O:2])([CH:3]([CH3:5])[CH3:6])[O-:4]>>[N+:1](\[OH:2])(=[C:3](/[CH3:5])[CH3:6])[O-:4],-2.56,0,water,273,1.0,[N+:1](=[O:2])([CH:3]([CH3:5])[CH3:6])[O-:4],[N+:1](\[OH:2])(=[C:3](/[CH3:5])[CH3:6])[O-:4],1,1
309,[N+:1](=[O:2])([CH:3]([CH3:5])[CH3:6])[O-:4]>>[N+:1](\[OH:2])(=[C:3](/[CH3:5])[CH3:6])[O-:4],-2.53,30,water,303,1.0,[N+:1](=[O:2])([CH:3]([CH3:5])[CH3:6])[O-:4],[N+:1](\[OH:2])(=[C:3](/[CH3:5])[CH3:6])[O-:4],1,1
310,[N+:1](=[O:2])([CH:3]([CH2:5][CH3:9])[N+:6](=[O:7])[O-:8])[O-:4]>>[N+:1](=[O:2])(/[C:3]([CH2:5][CH3:9])=[N+:6](\[OH:7])[O-:8])[O-:4],-1.3,0,water,273,1.0,[N+:1](=[O:2])([CH:3]([CH2:5][CH3:9])[N+:6](=[O:7])[O-:8])[O-:4],[N+:1](=[O:2])(/[C:3]([CH2:5][CH3:9])=[N+:6](\[OH:7])[O-:8])[O-:4],1,1
311,[c:1]12[c:2]([cH:3][c:4]([SH:11])[n:5][cH:6]1)[cH:7][cH:8][cH:9][cH:10]2>>[c:1]12[c:2]([cH:3][c:4]([S-:11])[nH+:5][cH:6]1)[cH:7][cH:8][cH:9][cH:10]2,3.0,20,water,293,1.0,[c:1]12[c:2]([cH:3][c:4]([SH:11])[n:5][cH:6]1)[cH:7][cH:8][cH:9][cH:10]2,[c:1]12[c:2]([cH:3][c:4]([S-:11])[nH+:5][cH:6]1)[cH:7][cH:8][cH:9][cH:10]2,1,1
312,[N:1]([CH2:2][C:4](=[O:12])[OH:13])([CH2:3][CH2:9][CH2:10][CH3:11])[CH2:5][CH2:6][CH2:7][CH3:8]>>[NH+:1]([CH2:2][C:4](=[O:12])[O-:13])([CH2:3][CH2:9][CH2:10][CH3:11])[CH2:5][CH2:6][CH2:7][CH3:8],-0.02,30,acetonitrile,303,1.0,[N:1]([CH2:2][C:4](=[O:12])[OH:13])([CH2:3][CH2:9][CH2:10][CH3:11])[CH2:5][CH2:6][CH2:7][CH3:8],[NH+:1]([CH2:2][C:4](=[O:12])[O-:13])([CH2:3][CH2:9][CH2:10][CH3:11])[CH2:5][CH2:6][CH2:7][CH3:8],1,1
313,[N:1]([CH2:2][C:4](=[O:12])[OH:13])([CH2:3][CH2:9][CH2:10][CH3:11])[CH2:5][CH2:6][CH2:7][CH3:8]>>[NH+:1]([CH2:2][C:4](=[O:12])[O-:13])([CH2:3][CH2:9][CH2:10][CH3:11])[CH2:5][CH2:6][CH2:7][CH3:8],-0.48,30,trichloromethane,303,1.0,[N:1]([CH2:2][C:4](=[O:12])[OH:13])([CH2:3][CH2:9][CH2:10][CH3:11])[CH2:5][CH2:6][CH2:7][CH3:8],[NH+:1]([CH2:2][C:4](=[O:12])[O-:13])([CH2:3][CH2:9][CH2:10][CH3:11])[CH2:5][CH2:6][CH2:7][CH3:8],1,1
314,[N:1]([CH2:2][CH2:11][C:12]([OH:13])=[O:14])([CH2:3][CH2:8][CH2:9][CH3:10])[CH2:4][CH2:5][CH2:6][CH3:7]>>[NH+:1]([CH2:2][CH2:11][C:12]([O-:13])=[O:14])([CH2:3][CH2:8][CH2:9][CH3:10])[CH2:4][CH2:5][CH2:6][CH3:7],-0.11,30,acetonitrile,303,1.0,[N:1]([CH2:2][CH2:11][C:12]([OH:13])=[O:14])([CH2:3][CH2:8][CH2:9][CH3:10])[CH2:4][CH2:5][CH2:6][CH3:7],[NH+:1]([CH2:2][CH2:11][C:12]([O-:13])=[O:14])([CH2:3][CH2:8][CH2:9][CH3:10])[CH2:4][CH2:5][CH2:6][CH3:7],1,1
315,[N:1]([CH2:2][CH2:11][C:12]([OH:13])=[O:14])([CH2:3][CH2:8][CH2:9][CH3:10])[CH2:4][CH2:5][CH2:6][CH3:7]>>[NH+:1]([CH2:2][CH2:11][C:12]([O-:13])=[O:14])([CH2:3][CH2:8][CH2:9][CH3:10])[CH2:4][CH2:5][CH2:6][CH3:7],-0.28,30,nitromethane,303,1.0,[N:1]([CH2:2][CH2:11][C:12]([OH:13])=[O:14])([CH2:3][CH2:8][CH2:9][CH3:10])[CH2:4][CH2:5][CH2:6][CH3:7],[NH+:1]([CH2:2][CH2:11][C:12]([O-:13])=[O:14])([CH2:3][CH2:8][CH2:9][CH3:10])[CH2:4][CH2:5][CH2:6][CH3:7],1,1
316,[C:1]([CH3:2])([C:3]([CH3:4])=[O:5])([CH3:6])[CH2:7][C:8](=[O:9])[NH2:10]>>[C:1]1([CH3:2])([CH3:6])[C:3]([CH3:4])([OH:5])[NH:10][C:8](=[O:9])[CH2:7]1,1.28,34,water,307,1.0,[C:1]([CH3:2])([C:3]([CH3:4])=[O:5])([CH3:6])[CH2:7][C:8](=[O:9])[NH2:10],[C:1]1([CH3:2])([CH3:6])[C:3]([CH3:4])([OH:5])[NH:10][C:8](=[O:9])[CH2:7]1,1,1
317,[C:1]([CH3:2])([C:3]([CH3:4])=[O:5])([CH3:6])[CH2:7][C:8](=[O:9])[NH2:10]>>[C:1]1([CH3:2])([CH3:6])[C:3]([CH3:4])([OH:5])[NH:10][C:8](=[O:9])[CH2:7]1,0.48,90,water,363,1.0,[C:1]([CH3:2])([C:3]([CH3:4])=[O:5])([CH3:6])[CH2:7][C:8](=[O:9])[NH2:10],[C:1]1([CH3:2])([CH3:6])[C:3]([CH3:4])([OH:5])[NH:10][C:8](=[O:9])[CH2:7]1,1,1
318,[C:1]([CH3:2])([C:3]([CH3:4])=[O:5])([CH3:6])[CH2:7][C:8](=[O:9])[NH2:10]>>[C:1]1([CH3:2])([CH3:6])[C:3]([CH3:4])([OH:5])[NH:10][C:8](=[O:9])[CH2:7]1,0.22,100,water,373,1.0,[C:1]([CH3:2])([C:3]([CH3:4])=[O:5])([CH3:6])[CH2:7][C:8](=[O:9])[NH2:10],[C:1]1([CH3:2])([CH3:6])[C:3]([CH3:4])([OH:5])[NH:10][C:8](=[O:9])[CH2:7]1,1,1
319,[C:1]([CH2:2][CH2:5][CH2:6][OH:7])([CH3:3])=[O:4]>>[C:1]1([CH3:3])([OH:4])[CH2:2][CH2:5][CH2:6][O:7]1,-0.09,25,methanol,298,1.0,[C:1]([CH2:2][CH2:5][CH2:6][OH:7])([CH3:3])=[O:4],[C:1]1([CH3:3])([OH:4])[CH2:2][CH2:5][CH2:6][O:7]1,1,1
320,[C:1]([CH2:2][CH2:5][CH2:6][CH2:7][OH:8])([CH3:3])=[O:4]>>[C:1]1([CH3:3])([OH:4])[CH2:2][CH2:5][CH2:6][CH2:7][O:8]1,-0.29,25,methanol,298,1.0,[C:1]([CH2:2][CH2:5][CH2:6][CH2:7][OH:8])([CH3:3])=[O:4],[C:1]1([CH3:3])([OH:4])[CH2:2][CH2:5][CH2:6][CH2:7][O:8]1,1,1
321,[cH:1]1[cH:2][cH:3][cH:4][c:5]([C:11]([CH3:12])=[O:13])[c:6]1[C:7](=[O:8])[O:9][CH3:10]>>[cH:1]1[cH:2][cH:3][cH:4][c:5]2[c:6]1[C:7](=[O:8])[O:13][C:11]2([O:9][CH3:10])[CH3:12],0.31,36,methanol,309,1.0,[cH:1]1[cH:2][cH:3][cH:4][c:5]([C:11]([CH3:12])=[O:13])[c:6]1[C:7](=[O:8])[O:9][CH3:10],[cH:1]1[cH:2][cH:3][cH:4][c:5]2[c:6]1[C:7](=[O:8])[O:13][C:11]2([O:9][CH3:10])[CH3:12],1,1
322,[cH:1]1[cH:2][cH:3][cH:4][c:5]([C:11]([CH3:12])=[O:13])[c:6]1[C:7](=[O:8])[O:9][CH3:10]>>[cH:1]1[cH:2][cH:3][cH:4][c:5]2[c:6]1[C:7](=[O:8])[O:13][C:11]2([O:9][CH3:10])[CH3:12],0.245,40,methanol,313,1.0,[cH:1]1[cH:2][cH:3][cH:4][c:5]([C:11]([CH3:12])=[O:13])[c:6]1[C:7](=[O:8])[O:9][CH3:10],[cH:1]1[cH:2][cH:3][cH:4][c:5]2[c:6]1[C:7](=[O:8])[O:13][C:11]2([O:9][CH3:10])[CH3:12],1,1
323,[cH:1]1[cH:2][cH:3][cH:4][c:5]([C:11]([CH2:12][CH3:14])=[O:13])[c:6]1[C:7](=[O:8])[O:9][CH3:10]>>[cH:1]1[cH:2][cH:3][cH:4][c:5]2[c:6]1[C:7](=[O:8])[O:13][C:11]2([O:9][CH3:10])[CH2:12][CH3:14],0.33,36,methanol,309,1.0,[cH:1]1[cH:2][cH:3][cH:4][c:5]([C:11]([CH2:12][CH3:14])=[O:13])[c:6]1[C:7](=[O:8])[O:9][CH3:10],[cH:1]1[cH:2][cH:3][cH:4][c:5]2[c:6]1[C:7](=[O:8])[O:13][C:11]2([O:9][CH3:10])[CH2:12][CH3:14],1,1
324,[cH:1]1[cH:2][cH:3][cH:4][c:5]([C:11]([CH2:12][CH3:14])=[O:13])[c:6]1[C:7](=[O:8])[O:9][CH3:10]>>[cH:1]1[cH:2][cH:3][cH:4][c:5]2[c:6]1[C:7](=[O:8])[O:13][C:11]2([O:9][CH3:10])[CH2:12][CH3:14],0.42,40,methanol,313,1.0,[cH:1]1[cH:2][cH:3][cH:4][c:5]([C:11]([CH2:12][CH3:14])=[O:13])[c:6]1[C:7](=[O:8])[O:9][CH3:10],[cH:1]1[cH:2][cH:3][cH:4][c:5]2[c:6]1[C:7](=[O:8])[O:13][C:11]2([O:9][CH3:10])[CH2:12][CH3:14],1,1
325,[cH:1]1[cH:2][cH:3][cH:4][c:5]([C:11]([CH:12]([CH3:14])[CH3:15])=[O:13])[c:6]1[C:7](=[O:8])[O:9][CH3:10]>>[cH:1]1[cH:2][cH:3][cH:4][c:5]2[c:6]1[C:7](=[O:8])[O:13][C:11]2([O:9][CH3:10])[CH:12]([CH3:14])[CH3:15],0.48,36,methanol,309,1.0,[cH:1]1[cH:2][cH:3][cH:4][c:5]([C:11]([CH:12]([CH3:14])[CH3:15])=[O:13])[c:6]1[C:7](=[O:8])[O:9][CH3:10],[cH:1]1[cH:2][cH:3][cH:4][c:5]2[c:6]1[C:7](=[O:8])[O:13][C:11]2([O:9][CH3:10])[CH:12]([CH3:14])[CH3:15],1,1
326,[C:1]([CH2:2][C:5]([CH3:6])=[O:7])([CH3:3])=[O:4]>>[C:1](/[CH:2]=[C:5](\[CH3:6])[OH:7])([CH3:3])=[O:4],0.12,25,methanol,298,0.151,[C:1]([CH2:2][C:5]([CH3:6])=[O:7])([CH3:3])=[O:4],[C:1](/[CH:2]=[C:5](\[CH3:6])[OH:7])([CH3:3])=[O:4],1,1
327,[C:1]([CH2:2][C:5]([NH:6][c:8]1[cH:9][c:10]([N+:19](=[O:20])[O-:21])[cH:11][cH:12][cH:13]1)=[O:7])([c:3]1[cH:14][cH:15][cH:16][cH:17][cH:18]1)=[O:4]>>[C:1](=[CH:2]\[C:5]([NH:6][c:8]1[cH:9][c:10]([N+:19](=[O:20])[O-:21])[cH:11][cH:12][cH:13]1)=[O:7])(\[c:3]1[cH:14][cH:15][cH:16][cH:17][cH:18]1)[OH:4],-0.21,30,ethanol,303,0.315,[C:1]([CH2:2][C:5]([NH:6][c:8]1[cH:9][c:10]([N+:19](=[O:20])[O-:21])[cH:11][cH:12][cH:13]1)=[O:7])([c:3]1[cH:14][cH:15][cH:16][cH:17][cH:18]1)=[O:4],[C:1](=[CH:2]\[C:5]([NH:6][c:8]1[cH:9][c:10]([N+:19](=[O:20])[O-:21])[cH:11][cH:12][cH:13]1)=[O:7])(\[c:3]1[cH:14][cH:15][cH:16][cH:17][cH:18]1)[OH:4],1,1
328,[C:1]([CH2:2][C:5]([NH:6][c:8]1[cH:9][c:10]([N+:19](=[O:20])[O-:21])[cH:11][cH:12][cH:13]1)=[O:7])([c:3]1[cH:14][cH:15][cH:16][cH:17][cH:18]1)=[O:4]>>[C:1](=[CH:2]\[C:5]([NH:6][c:8]1[cH:9][c:10]([N+:19](=[O:20])[O-:21])[cH:11][cH:12][cH:13]1)=[O:7])(\[c:3]1[cH:14][cH:15][cH:16][cH:17][cH:18]1)[OH:4],0.03,30,ethanol,303,0.551,[C:1]([CH2:2][C:5]([NH:6][c:8]1[cH:9][c:10]([N+:19](=[O:20])[O-:21])[cH:11][cH:12][cH:13]1)=[O:7])([c:3]1[cH:14][cH:15][cH:16][cH:17][cH:18]1)=[O:4],[C:1](=[CH:2]\[C:5]([NH:6][c:8]1[cH:9][c:10]([N+:19](=[O:20])[O-:21])[cH:11][cH:12][cH:13]1)=[O:7])(\[c:3]1[cH:14][cH:15][cH:16][cH:17][cH:18]1)[OH:4],1,1
329,[P:1]([OH:2])(=[S:3])([O:4][CH2:7][CH3:9])[O:5][CH2:6][CH3:8]>>[P:1](=[O:2])([SH:3])([O:4][CH2:7][CH3:9])[O:5][CH2:6][CH3:8],0.2,20,ethanol,293,0.0286,[P:1]([OH:2])(=[S:3])([O:4][CH2:7][CH3:9])[O:5][CH2:6][CH3:8],[P:1](=[O:2])([SH:3])([O:4][CH2:7][CH3:9])[O:5][CH2:6][CH3:8],1,1
330,[P:1]([OH:2])(=[S:3])([O:4][CH2:7][CH3:9])[O:5][CH2:6][CH3:8]>>[P:1](=[O:2])([SH:3])([O:4][CH2:7][CH3:9])[O:5][CH2:6][CH3:8],-0.06,20,ethanol,293,0.61,[P:1]([OH:2])(=[S:3])([O:4][CH2:7][CH3:9])[O:5][CH2:6][CH3:8],[P:1](=[O:2])([SH:3])([O:4][CH2:7][CH3:9])[O:5][CH2:6][CH3:8],1,1
331,[P:1]([OH:2])(=[S:3])([O:4][CH2:7][CH2:9][CH3:10])[O:5][CH2:6][CH2:8][CH3:11]>>[P:1](=[O:2])([SH:3])([O:4][CH2:7][CH2:9][CH3:10])[O:5][CH2:6][CH2:8][CH3:11],-0.04,20,ethanol,293,0.0286,[P:1]([OH:2])(=[S:3])([O:4][CH2:7][CH2:9][CH3:10])[O:5][CH2:6][CH2:8][CH3:11],[P:1](=[O:2])([SH:3])([O:4][CH2:7][CH2:9][CH3:10])[O:5][CH2:6][CH2:8][CH3:11],1,1
332,[P:1]([OH:2])(=[S:3])([O:4][CH2:7][CH2:9][CH3:10])[O:5][CH2:6][CH2:8][CH3:11]>>[P:1](=[O:2])([SH:3])([O:4][CH2:7][CH2:9][CH3:10])[O:5][CH2:6][CH2:8][CH3:11],-0.64,20,ethanol,293,0.61,[P:1]([OH:2])(=[S:3])([O:4][CH2:7][CH2:9][CH3:10])[O:5][CH2:6][CH2:8][CH3:11],[P:1](=[O:2])([SH:3])([O:4][CH2:7][CH2:9][CH3:10])[O:5][CH2:6][CH2:8][CH3:11],1,1
333,[P:1]([OH:2])(=[S:3])([O:4][CH:7]([CH3:9])[CH3:11])[O:5][CH:6]([CH3:8])[CH3:10]>>[P:1](=[O:2])([SH:3])([O:4][CH:7]([CH3:9])[CH3:11])[O:5][CH:6]([CH3:8])[CH3:10],-0.46,20,ethanol,293,0.61,[P:1]([OH:2])(=[S:3])([O:4][CH:7]([CH3:9])[CH3:11])[O:5][CH:6]([CH3:8])[CH3:10],[P:1](=[O:2])([SH:3])([O:4][CH:7]([CH3:9])[CH3:11])[O:5][CH:6]([CH3:8])[CH3:10],1,1
334,[P:1]([OH:2])(=[S:3])([O:4][CH2:7][CH2:9][CH2:12][CH3:13])[O:5][CH2:6][CH2:8][CH2:10][CH3:11]>>[P:1](=[O:2])([SH:3])([O:4][CH2:7][CH2:9][CH2:12][CH3:13])[O:5][CH2:6][CH2:8][CH2:10][CH3:11],-0.24,20,ethanol,293,0.0286,[P:1]([OH:2])(=[S:3])([O:4][CH2:7][CH2:9][CH2:12][CH3:13])[O:5][CH2:6][CH2:8][CH2:10][CH3:11],[P:1](=[O:2])([SH:3])([O:4][CH2:7][CH2:9][CH2:12][CH3:13])[O:5][CH2:6][CH2:8][CH2:10][CH3:11],1,1
335,[P:1]([OH:2])(=[S:3])([O:4][CH2:7][CH:9]([CH3:11])[CH3:12])[O:5][CH2:6][CH:8]([CH3:10])[CH3:13]>>[P:1](=[O:2])([SH:3])([O:4][CH2:7][CH:9]([CH3:11])[CH3:12])[O:5][CH2:6][CH:8]([CH3:10])[CH3:13],0.02,20,ethanol,293,0.0286,[P:1]([OH:2])(=[S:3])([O:4][CH2:7][CH:9]([CH3:11])[CH3:12])[O:5][CH2:6][CH:8]([CH3:10])[CH3:13],[P:1](=[O:2])([SH:3])([O:4][CH2:7][CH:9]([CH3:11])[CH3:12])[O:5][CH2:6][CH:8]([CH3:10])[CH3:13],1,1
336,[P:1]([OH:2])(=[S:3])([O:4][CH2:7][CH:9]([CH3:11])[CH3:12])[O:5][CH2:6][CH:8]([CH3:10])[CH3:13]>>[P:1](=[O:2])([SH:3])([O:4][CH2:7][CH:9]([CH3:11])[CH3:12])[O:5][CH2:6][CH:8]([CH3:10])[CH3:13],-0.42,20,ethanol,293,0.61,[P:1]([OH:2])(=[S:3])([O:4][CH2:7][CH:9]([CH3:11])[CH3:12])[O:5][CH2:6][CH:8]([CH3:10])[CH3:13],[P:1](=[O:2])([SH:3])([O:4][CH2:7][CH:9]([CH3:11])[CH3:12])[O:5][CH2:6][CH:8]([CH3:10])[CH3:13],1,1
337,[P:1]([OH:2])(=[S:3])([O:4][c:6]1[cH:7][cH:8][c:9]([Cl:19])[cH:10][cH:11]1)[O:5][c:12]1[cH:13][cH:14][c:15]([Cl:18])[cH:16][cH:17]1>>[P:1](=[O:2])([SH:3])([O:4][c:6]1[cH:7][cH:8][c:9]([Cl:19])[cH:10][cH:11]1)[O:5][c:12]1[cH:13][cH:14][c:15]([Cl:18])[cH:16][cH:17]1,0.13,20,ethanol,293,0.0286,[P:1]([OH:2])(=[S:3])([O:4][c:6]1[cH:7][cH:8][c:9]([Cl:19])[cH:10][cH:11]1)[O:5][c:12]1[cH:13][cH:14][c:15]([Cl:18])[cH:16][cH:17]1,[P:1](=[O:2])([SH:3])([O:4][c:6]1[cH:7][cH:8][c:9]([Cl:19])[cH:10][cH:11]1)[O:5][c:12]1[cH:13][cH:14][c:15]([Cl:18])[cH:16][cH:17]1,1,1
338,[P:1]([OH:2])(=[S:3])([O:4][c:6]1[cH:7][cH:8][c:9]([Cl:19])[cH:10][cH:11]1)[O:5][c:12]1[cH:13][cH:14][c:15]([Cl:18])[cH:16][cH:17]1>>[P:1](=[O:2])([SH:3])([O:4][c:6]1[cH:7][cH:8][c:9]([Cl:19])[cH:10][cH:11]1)[O:5][c:12]1[cH:13][cH:14][c:15]([Cl:18])[cH:16][cH:17]1,-0.18,20,ethanol,293,0.61,[P:1]([OH:2])(=[S:3])([O:4][c:6]1[cH:7][cH:8][c:9]([Cl:19])[cH:10][cH:11]1)[O:5][c:12]1[cH:13][cH:14][c:15]([Cl:18])[cH:16][cH:17]1,[P:1](=[O:2])([SH:3])([O:4][c:6]1[cH:7][cH:8][c:9]([Cl:19])[cH:10][cH:11]1)[O:5][c:12]1[cH:13][cH:14][c:15]([Cl:18])[cH:16][cH:17]1,1,1
339,[CH2:1]([CH2:2][CH2:3][OH:4])[C:5]([CH3:6])=[O:7]>>[CH2:1]1[CH2:2][CH2:3][O:4][C:5]1([CH3:6])[OH:7],-1.28,25,ethanol,298,0.05,[CH2:1]([CH2:2][CH2:3][OH:4])[C:5]([CH3:6])=[O:7],[CH2:1]1[CH2:2][CH2:3][O:4][C:5]1([CH3:6])[OH:7],1,1
340,[CH2:1]([CH2:2][CH2:3][OH:4])[C:5]([CH3:6])=[O:7]>>[CH2:1]1[CH2:2][CH2:3][O:4][C:5]1([CH3:6])[OH:7],-0.4,25,ethanol,298,0.15,[CH2:1]([CH2:2][CH2:3][OH:4])[C:5]([CH3:6])=[O:7],[CH2:1]1[CH2:2][CH2:3][O:4][C:5]1([CH3:6])[OH:7],1,1
341,[CH2:1]([CH2:2][CH2:3][OH:4])[C:5]([CH3:6])=[O:7]>>[CH2:1]1[CH2:2][CH2:3][O:4][C:5]1([CH3:6])[OH:7],-0.26,25,ethanol,298,0.18,[CH2:1]([CH2:2][CH2:3][OH:4])[C:5]([CH3:6])=[O:7],[CH2:1]1[CH2:2][CH2:3][O:4][C:5]1([CH3:6])[OH:7],1,1
342,[CH2:1]([CH2:2][CH2:3][OH:4])[C:5]([CH3:6])=[O:7]>>[CH2:1]1[CH2:2][CH2:3][O:4][C:5]1([CH3:6])[OH:7],-0.24,25,ethanol,298,0.36,[CH2:1]([CH2:2][CH2:3][OH:4])[C:5]([CH3:6])=[O:7],[CH2:1]1[CH2:2][CH2:3][O:4][C:5]1([CH3:6])[OH:7],1,1
343,[CH2:1]([CH2:2][CH2:3][OH:4])[C:5]([CH3:6])=[O:7]>>[CH2:1]1[CH2:2][CH2:3][O:4][C:5]1([CH3:6])[OH:7],-0.11,25,ethanol,298,0.39,[CH2:1]([CH2:2][CH2:3][OH:4])[C:5]([CH3:6])=[O:7],[CH2:1]1[CH2:2][CH2:3][O:4][C:5]1([CH3:6])[OH:7],1,1
344,[CH2:1]([CH2:2][CH2:3][OH:4])[C:5]([CH3:6])=[O:7]>>[CH2:1]1[CH2:2][CH2:3][O:4][C:5]1([CH3:6])[OH:7],-0.11,25,ethanol,298,0.58,[CH2:1]([CH2:2][CH2:3][OH:4])[C:5]([CH3:6])=[O:7],[CH2:1]1[CH2:2][CH2:3][O:4][C:5]1([CH3:6])[OH:7],1,1
345,[CH2:1]([CH2:2][CH2:3][OH:4])[C:5]([CH3:6])=[O:7]>>[CH2:1]1[CH2:2][CH2:3][O:4][C:5]1([CH3:6])[OH:7],-0.1,25,ethanol,298,0.8,[CH2:1]([CH2:2][CH2:3][OH:4])[C:5]([CH3:6])=[O:7],[CH2:1]1[CH2:2][CH2:3][O:4][C:5]1([CH3:6])[OH:7],1,1
346,[CH2:1]([CH2:2][CH2:3][CH2:7][OH:8])[C:4]([CH3:5])=[O:6]>>[CH2:1]1[CH2:2][CH2:3][CH2:7][O:8][C:4]1([CH3:5])[OH:6],-1.65,25,ethanol,298,0.18,[CH2:1]([CH2:2][CH2:3][CH2:7][OH:8])[C:4]([CH3:5])=[O:6],[CH2:1]1[CH2:2][CH2:3][CH2:7][O:8][C:4]1([CH3:5])[OH:6],1,1
347,[CH2:1]([CH2:2][CH2:3][CH2:7][OH:8])[C:4]([CH3:5])=[O:6]>>[CH2:1]1[CH2:2][CH2:3][CH2:7][O:8][C:4]1([CH3:5])[OH:6],-0.95,25,ethanol,298,0.36,[CH2:1]([CH2:2][CH2:3][CH2:7][OH:8])[C:4]([CH3:5])=[O:6],[CH2:1]1[CH2:2][CH2:3][CH2:7][O:8][C:4]1([CH3:5])[OH:6],1,1
348,[CH2:1]([CH2:2][CH2:3][CH2:7][OH:8])[C:4]([CH3:5])=[O:6]>>[CH2:1]1[CH2:2][CH2:3][CH2:7][O:8][C:4]1([CH3:5])[OH:6],-0.3,25,ethanol,298,0.39,[CH2:1]([CH2:2][CH2:3][CH2:7][OH:8])[C:4]([CH3:5])=[O:6],[CH2:1]1[CH2:2][CH2:3][CH2:7][O:8][C:4]1([CH3:5])[OH:6],1,1
349,[CH2:1]([CH2:2][CH2:3][CH2:7][OH:8])[C:4]([CH3:5])=[O:6]>>[CH2:1]1[CH2:2][CH2:3][CH2:7][O:8][C:4]1([CH3:5])[OH:6],-0.2,25,ethanol,298,0.58,[CH2:1]([CH2:2][CH2:3][CH2:7][OH:8])[C:4]([CH3:5])=[O:6],[CH2:1]1[CH2:2][CH2:3][CH2:7][O:8][C:4]1([CH3:5])[OH:6],1,1
350,[CH2:1]([CH2:2][CH2:3][CH2:7][OH:8])[C:4]([CH3:5])=[O:6]>>[CH2:1]1[CH2:2][CH2:3][CH2:7][O:8][C:4]1([CH3:5])[OH:6],-0.1,25,ethanol,298,0.8,[CH2:1]([CH2:2][CH2:3][CH2:7][OH:8])[C:4]([CH3:5])=[O:6],[CH2:1]1[CH2:2][CH2:3][CH2:7][O:8][C:4]1([CH3:5])[OH:6],1,1
351,[CH2:1]([CH2:2][CH2:3][OH:4])[C:5]([CH3:6])=[O:7]>>[CH2:1]1[CH2:2][CH2:3][O:4][C:5]1([CH3:6])[OH:7],-0.88,15,"1,4-dioxane",288,0.04,[CH2:1]([CH2:2][CH2:3][OH:4])[C:5]([CH3:6])=[O:7],[CH2:1]1[CH2:2][CH2:3][O:4][C:5]1([CH3:6])[OH:7],1,1
352,[CH2:1]([CH2:2][CH2:3][OH:4])[C:5]([CH3:6])=[O:7]>>[CH2:1]1[CH2:2][CH2:3][O:4][C:5]1([CH3:6])[OH:7],-1.06,25,"1,4-dioxane",298,0.04,[CH2:1]([CH2:2][CH2:3][OH:4])[C:5]([CH3:6])=[O:7],[CH2:1]1[CH2:2][CH2:3][O:4][C:5]1([CH3:6])[OH:7],1,1
353,[CH2:1]([CH2:2][CH2:3][OH:4])[C:5]([CH3:6])=[O:7]>>[CH2:1]1[CH2:2][CH2:3][O:4][C:5]1([CH3:6])[OH:7],-1.33,49,"1,4-dioxane",322,0.04,[CH2:1]([CH2:2][CH2:3][OH:4])[C:5]([CH3:6])=[O:7],[CH2:1]1[CH2:2][CH2:3][O:4][C:5]1([CH3:6])[OH:7],1,1
354,[CH2:1]([CH2:2][CH2:3][OH:4])[C:5]([CH3:6])=[O:7]>>[CH2:1]1[CH2:2][CH2:3][O:4][C:5]1([CH3:6])[OH:7],-0.43,25,"1,4-dioxane",298,0.07,[CH2:1]([CH2:2][CH2:3][OH:4])[C:5]([CH3:6])=[O:7],[CH2:1]1[CH2:2][CH2:3][O:4][C:5]1([CH3:6])[OH:7],1,1
355,[CH2:1]([CH2:2][CH2:3][OH:4])[C:5]([CH3:6])=[O:7]>>[CH2:1]1[CH2:2][CH2:3][O:4][C:5]1([CH3:6])[OH:7],-0.18,25,"1,4-dioxane",298,0.19,[CH2:1]([CH2:2][CH2:3][OH:4])[C:5]([CH3:6])=[O:7],[CH2:1]1[CH2:2][CH2:3][O:4][C:5]1([CH3:6])[OH:7],1,1
356,[CH2:1]([CH2:2][CH2:3][OH:4])[C:5]([CH3:6])=[O:7]>>[CH2:1]1[CH2:2][CH2:3][O:4][C:5]1([CH3:6])[OH:7],-0.12,25,"1,4-dioxane",298,0.39,[CH2:1]([CH2:2][CH2:3][OH:4])[C:5]([CH3:6])=[O:7],[CH2:1]1[CH2:2][CH2:3][O:4][C:5]1([CH3:6])[OH:7],1,1
357,[CH2:1]([CH2:2][CH2:3][OH:4])[C:5]([CH3:6])=[O:7]>>[CH2:1]1[CH2:2][CH2:3][O:4][C:5]1([CH3:6])[OH:7],-0.11,25,"1,4-dioxane",298,0.6,[CH2:1]([CH2:2][CH2:3][OH:4])[C:5]([CH3:6])=[O:7],[CH2:1]1[CH2:2][CH2:3][O:4][C:5]1([CH3:6])[OH:7],1,1
358,[CH2:1]([CH2:2][CH2:3][CH2:7][OH:8])[C:4]([CH3:5])=[O:6]>>[CH2:1]1[CH2:2][CH2:3][CH2:7][O:8][C:4]1([CH3:5])[OH:6],-2.09,25,"1,4-dioxane",298,0.04,[CH2:1]([CH2:2][CH2:3][CH2:7][OH:8])[C:4]([CH3:5])=[O:6],[CH2:1]1[CH2:2][CH2:3][CH2:7][O:8][C:4]1([CH3:5])[OH:6],1,1
359,[CH2:1]([CH2:2][CH2:3][CH2:7][OH:8])[C:4]([CH3:5])=[O:6]>>[CH2:1]1[CH2:2][CH2:3][CH2:7][O:8][C:4]1([CH3:5])[OH:6],-1.04,15,"1,4-dioxane",288,0.05,[CH2:1]([CH2:2][CH2:3][CH2:7][OH:8])[C:4]([CH3:5])=[O:6],[CH2:1]1[CH2:2][CH2:3][CH2:7][O:8][C:4]1([CH3:5])[OH:6],1,1
360,[CH2:1]([CH2:2][CH2:3][CH2:7][OH:8])[C:4]([CH3:5])=[O:6]>>[CH2:1]1[CH2:2][CH2:3][CH2:7][O:8][C:4]1([CH3:5])[OH:6],-1.28,25,"1,4-dioxane",298,0.05,[CH2:1]([CH2:2][CH2:3][CH2:7][OH:8])[C:4]([CH3:5])=[O:6],[CH2:1]1[CH2:2][CH2:3][CH2:7][O:8][C:4]1([CH3:5])[OH:6],1,1
361,[CH2:1]([CH2:2][CH2:3][CH2:7][OH:8])[C:4]([CH3:5])=[O:6]>>[CH2:1]1[CH2:2][CH2:3][CH2:7][O:8][C:4]1([CH3:5])[OH:6],-1.82,49,"1,4-dioxane",322,0.05,[CH2:1]([CH2:2][CH2:3][CH2:7][OH:8])[C:4]([CH3:5])=[O:6],[CH2:1]1[CH2:2][CH2:3][CH2:7][O:8][C:4]1([CH3:5])[OH:6],1,1
362,[CH2:1]([CH2:2][CH2:3][CH2:7][OH:8])[C:4]([CH3:5])=[O:6]>>[CH2:1]1[CH2:2][CH2:3][CH2:7][O:8][C:4]1([CH3:5])[OH:6],-1.28,25,"1,4-dioxane",298,0.07,[CH2:1]([CH2:2][CH2:3][CH2:7][OH:8])[C:4]([CH3:5])=[O:6],[CH2:1]1[CH2:2][CH2:3][CH2:7][O:8][C:4]1([CH3:5])[OH:6],1,1
363,[CH2:1]([CH2:2][CH2:3][CH2:7][OH:8])[C:4]([CH3:5])=[O:6]>>[CH2:1]1[CH2:2][CH2:3][CH2:7][O:8][C:4]1([CH3:5])[OH:6],-0.27,25,"1,4-dioxane",298,0.19,[CH2:1]([CH2:2][CH2:3][CH2:7][OH:8])[C:4]([CH3:5])=[O:6],[CH2:1]1[CH2:2][CH2:3][CH2:7][O:8][C:4]1([CH3:5])[OH:6],1,1
364,[CH2:1]([CH2:2][CH2:3][CH2:7][OH:8])[C:4]([CH3:5])=[O:6]>>[CH2:1]1[CH2:2][CH2:3][CH2:7][O:8][C:4]1([CH3:5])[OH:6],-0.19,25,"1,4-dioxane",298,0.39,[CH2:1]([CH2:2][CH2:3][CH2:7][OH:8])[C:4]([CH3:5])=[O:6],[CH2:1]1[CH2:2][CH2:3][CH2:7][O:8][C:4]1([CH3:5])[OH:6],1,1
365,[CH2:1]([CH2:2][CH2:3][CH2:7][OH:8])[C:4]([CH3:5])=[O:6]>>[CH2:1]1[CH2:2][CH2:3][CH2:7][O:8][C:4]1([CH3:5])[OH:6],-0.15,25,"1,4-dioxane",298,0.6,[CH2:1]([CH2:2][CH2:3][CH2:7][OH:8])[C:4]([CH3:5])=[O:6],[CH2:1]1[CH2:2][CH2:3][CH2:7][O:8][C:4]1([CH3:5])[OH:6],1,1
366,[CH2:1]([CH2:2][CH2:3][OH:4])[C:5]([CH3:6])=[O:7]>>[CH2:1]1[CH2:2][CH2:3][O:4][C:5]1([CH3:6])[OH:7],-1.34,15,methanesulfinylmethane,288,0.25,[CH2:1]([CH2:2][CH2:3][OH:4])[C:5]([CH3:6])=[O:7],[CH2:1]1[CH2:2][CH2:3][O:4][C:5]1([CH3:6])[OH:7],1,1
367,[CH2:1]([CH2:2][CH2:3][OH:4])[C:5]([CH3:6])=[O:7]>>[CH2:1]1[CH2:2][CH2:3][O:4][C:5]1([CH3:6])[OH:7],-1.54,25,methanesulfinylmethane,298,0.25,[CH2:1]([CH2:2][CH2:3][OH:4])[C:5]([CH3:6])=[O:7],[CH2:1]1[CH2:2][CH2:3][O:4][C:5]1([CH3:6])[OH:7],1,1
368,[CH2:1]([CH2:2][CH2:3][OH:4])[C:5]([CH3:6])=[O:7]>>[CH2:1]1[CH2:2][CH2:3][O:4][C:5]1([CH3:6])[OH:7],-1.99,49,methanesulfinylmethane,322,0.25,[CH2:1]([CH2:2][CH2:3][OH:4])[C:5]([CH3:6])=[O:7],[CH2:1]1[CH2:2][CH2:3][O:4][C:5]1([CH3:6])[OH:7],1,1
369,[CH2:1]([CH2:2][CH2:3][OH:4])[C:5]([CH3:6])=[O:7]>>[CH2:1]1[CH2:2][CH2:3][O:4][C:5]1([CH3:6])[OH:7],-1.09,25,methanesulfinylmethane,298,0.39,[CH2:1]([CH2:2][CH2:3][OH:4])[C:5]([CH3:6])=[O:7],[CH2:1]1[CH2:2][CH2:3][O:4][C:5]1([CH3:6])[OH:7],1,1
370,[CH2:1]([CH2:2][CH2:3][OH:4])[C:5]([CH3:6])=[O:7]>>[CH2:1]1[CH2:2][CH2:3][O:4][C:5]1([CH3:6])[OH:7],-0.84,25,methanesulfinylmethane,298,0.48,[CH2:1]([CH2:2][CH2:3][OH:4])[C:5]([CH3:6])=[O:7],[CH2:1]1[CH2:2][CH2:3][O:4][C:5]1([CH3:6])[OH:7],1,1
371,[CH2:1]([CH2:2][CH2:3][OH:4])[C:5]([CH3:6])=[O:7]>>[CH2:1]1[CH2:2][CH2:3][O:4][C:5]1([CH3:6])[OH:7],-0.52,25,methanesulfinylmethane,298,0.64,[CH2:1]([CH2:2][CH2:3][OH:4])[C:5]([CH3:6])=[O:7],[CH2:1]1[CH2:2][CH2:3][O:4][C:5]1([CH3:6])[OH:7],1,1
372,[CH2:1]([CH2:2][CH2:3][OH:4])[C:5]([CH3:6])=[O:7]>>[CH2:1]1[CH2:2][CH2:3][O:4][C:5]1([CH3:6])[OH:7],-0.32,25,methanesulfinylmethane,298,0.84,[CH2:1]([CH2:2][CH2:3][OH:4])[C:5]([CH3:6])=[O:7],[CH2:1]1[CH2:2][CH2:3][O:4][C:5]1([CH3:6])[OH:7],1,1
373,[CH2:1]([CH2:2][CH2:3][CH2:7][OH:8])[C:4]([CH3:5])=[O:6]>>[CH2:1]1[CH2:2][CH2:3][CH2:7][O:8][C:4]1([CH3:5])[OH:6],-1.08,15,methanesulfinylmethane,288,0.3,[CH2:1]([CH2:2][CH2:3][CH2:7][OH:8])[C:4]([CH3:5])=[O:6],[CH2:1]1[CH2:2][CH2:3][CH2:7][O:8][C:4]1([CH3:5])[OH:6],1,1
374,[CH2:1]([CH2:2][CH2:3][CH2:7][OH:8])[C:4]([CH3:5])=[O:6]>>[CH2:1]1[CH2:2][CH2:3][CH2:7][O:8][C:4]1([CH3:5])[OH:6],-1.22,25,methanesulfinylmethane,298,0.3,[CH2:1]([CH2:2][CH2:3][CH2:7][OH:8])[C:4]([CH3:5])=[O:6],[CH2:1]1[CH2:2][CH2:3][CH2:7][O:8][C:4]1([CH3:5])[OH:6],1,1
375,[CH2:1]([CH2:2][CH2:3][CH2:7][OH:8])[C:4]([CH3:5])=[O:6]>>[CH2:1]1[CH2:2][CH2:3][CH2:7][O:8][C:4]1([CH3:5])[OH:6],-1.44,49,methanesulfinylmethane,322,0.3,[CH2:1]([CH2:2][CH2:3][CH2:7][OH:8])[C:4]([CH3:5])=[O:6],[CH2:1]1[CH2:2][CH2:3][CH2:7][O:8][C:4]1([CH3:5])[OH:6],1,1
376,[CH2:1]([CH2:2][CH2:3][CH2:7][OH:8])[C:4]([CH3:5])=[O:6]>>[CH2:1]1[CH2:2][CH2:3][CH2:7][O:8][C:4]1([CH3:5])[OH:6],-0.85,25,methanesulfinylmethane,298,0.48,[CH2:1]([CH2:2][CH2:3][CH2:7][OH:8])[C:4]([CH3:5])=[O:6],[CH2:1]1[CH2:2][CH2:3][CH2:7][O:8][C:4]1([CH3:5])[OH:6],1,1
377,[CH2:1]([CH2:2][CH2:3][CH2:7][OH:8])[C:4]([CH3:5])=[O:6]>>[CH2:1]1[CH2:2][CH2:3][CH2:7][O:8][C:4]1([CH3:5])[OH:6],-0.42,25,methanesulfinylmethane,298,0.64,[CH2:1]([CH2:2][CH2:3][CH2:7][OH:8])[C:4]([CH3:5])=[O:6],[CH2:1]1[CH2:2][CH2:3][CH2:7][O:8][C:4]1([CH3:5])[OH:6],1,1
378,[CH2:1]([CH2:2][CH2:3][CH2:7][OH:8])[C:4]([CH3:5])=[O:6]>>[CH2:1]1[CH2:2][CH2:3][CH2:7][O:8][C:4]1([CH3:5])[OH:6],-0.29,25,methanesulfinylmethane,298,0.84,[CH2:1]([CH2:2][CH2:3][CH2:7][OH:8])[C:4]([CH3:5])=[O:6],[CH2:1]1[CH2:2][CH2:3][CH2:7][O:8][C:4]1([CH3:5])[OH:6],1,1
379,[cH:1]1[cH:2][cH:3][cH:4][c:5]2[c:6]1[S:9][CH2:8][C:7]2=[O:10]>>[cH:1]1[cH:2][cH:3][cH:4][c:5]2[c:6]1[s:9][cH:8][c:7]2[OH:10],0.31,20,ethanol,293,1.0,[cH:1]1[cH:2][cH:3][cH:4][c:5]2[c:6]1[S:9][CH2:8][C:7]2=[O:10],[cH:1]1[cH:2][cH:3][cH:4][c:5]2[c:6]1[s:9][cH:8][c:7]2[OH:10],1,1
380,[cH:1]1[cH:2][cH:3][cH:4][c:5]2[c:6]1[C:10](=[O:15])[c:9]1[c:8]([cH:11][cH:12][cH:13][cH:14]1)[CH2:7]2>>[cH:1]1[cH:2][cH:3][cH:4][c:5]2[c:6]1[c:10]([OH:15])[c:9]1[c:8]([cH:7]2)[cH:11][cH:12][cH:13][cH:14]1,-2.7,5,benzene,278,1.0,[cH:1]1[cH:2][cH:3][cH:4][c:5]2[c:6]1[C:10](=[O:15])[c:9]1[c:8]([cH:11][cH:12][cH:13][cH:14]1)[CH2:7]2,[cH:1]1[cH:2][cH:3][cH:4][c:5]2[c:6]1[c:10]([OH:15])[c:9]1[c:8]([cH:7]2)[cH:11][cH:12][cH:13][cH:14]1,1,1
381,[cH:1]1[cH:2][cH:3][cH:4][c:5]2[c:6]1[C:10](=[O:15])[c:9]1[c:8]([cH:11][cH:12][cH:13][cH:14]1)[CH2:7]2>>[cH:1]1[cH:2][cH:3][cH:4][c:5]2[c:6]1[c:10]([OH:15])[c:9]1[c:8]([cH:7]2)[cH:11][cH:12][cH:13][cH:14]1,-2.64,16,benzene,289,1.0,[cH:1]1[cH:2][cH:3][cH:4][c:5]2[c:6]1[C:10](=[O:15])[c:9]1[c:8]([cH:11][cH:12][cH:13][cH:14]1)[CH2:7]2,[cH:1]1[cH:2][cH:3][cH:4][c:5]2[c:6]1[c:10]([OH:15])[c:9]1[c:8]([cH:7]2)[cH:11][cH:12][cH:13][cH:14]1,1,1
382,[cH:1]1[cH:2][cH:3][cH:4][c:5]2[c:6]1[C:10](=[O:15])[c:9]1[c:8]([cH:11][cH:12][cH:13][cH:14]1)[CH2:7]2>>[cH:1]1[cH:2][cH:3][cH:4][c:5]2[c:6]1[c:10]([OH:15])[c:9]1[c:8]([cH:7]2)[cH:11][cH:12][cH:13][cH:14]1,-2.56,26,benzene,299,1.0,[cH:1]1[cH:2][cH:3][cH:4][c:5]2[c:6]1[C:10](=[O:15])[c:9]1[c:8]([cH:11][cH:12][cH:13][cH:14]1)[CH2:7]2,[cH:1]1[cH:2][cH:3][cH:4][c:5]2[c:6]1[c:10]([OH:15])[c:9]1[c:8]([cH:7]2)[cH:11][cH:12][cH:13][cH:14]1,1,1
383,[cH:1]1[cH:2][cH:3][cH:4][c:5]2[c:6]1[C:10](=[O:15])[c:9]1[c:8]([cH:11][cH:12][cH:13][cH:14]1)[CH2:7]2>>[cH:1]1[cH:2][cH:3][cH:4][c:5]2[c:6]1[c:10]([OH:15])[c:9]1[c:8]([cH:7]2)[cH:11][cH:12][cH:13][cH:14]1,-2.51,35,benzene,308,1.0,[cH:1]1[cH:2][cH:3][cH:4][c:5]2[c:6]1[C:10](=[O:15])[c:9]1[c:8]([cH:11][cH:12][cH:13][cH:14]1)[CH2:7]2,[cH:1]1[cH:2][cH:3][cH:4][c:5]2[c:6]1[c:10]([OH:15])[c:9]1[c:8]([cH:7]2)[cH:11][cH:12][cH:13][cH:14]1,1,1
384,[c:1]1([NH2:7])[c:2]2[c:3]([n:4][cH:5][cH:6]1)[cH:8][cH:9][cH:10][cH:11]2>>[c:1]1(=[NH:7])[c:2]2[c:3]([nH:4][cH:5][cH:6]1)[cH:8][cH:9][cH:10][cH:11]2,-3.3,21,water,294,1.0,[c:1]1([NH2:7])[c:2]2[c:3]([n:4][cH:5][cH:6]1)[cH:8][cH:9][cH:10][cH:11]2,[c:1]1(=[NH:7])[c:2]2[c:3]([nH:4][cH:5][cH:6]1)[cH:8][cH:9][cH:10][cH:11]2,1,1
385,[Na+:1].[Na+:2].[cH:3]1[c:4]2[c:5]([cH:6][cH:7][cH:8]1)[c:9]([OH:13])[c:10]([S:14](=[O:15])(=[O:16])[O-:17])[cH:11][c:12]2/[N:18]=[N:19]\[c:20]1[cH:21][cH:22][c:23]([S:26](=[O:27])(=[O:28])[O-:29])[cH:24][cH:25]1>>[Na+:2].[Na+:1].[cH:3]1[c:4]2[c:5]([cH:6][cH:7][cH:8]1)[C:9](=[O:13])[C:10]([S:14](=[O:15])(=[O:16])[O-:17])=[CH:11]/[C:12]2=[N:18]\[NH:19][c:20]1[cH:21][cH:22][c:23]([S:26](=[O:27])(=[O:28])[O-:29])[cH:24][cH:25]1,0.84,35,water,308,1.0,[Na+:1].[Na+:2].[cH:3]1[c:4]2[c:5]([cH:6][cH:7][cH:8]1)[c:9]([OH:13])[c:10]([S:14](=[O:15])(=[O:16])[O-:17])[cH:11][c:12]2/[N:18]=[N:19]\[c:20]1[cH:21][cH:22][c:23]([S:26](=[O:27])(=[O:28])[O-:29])[cH:24][cH:25]1,[Na+:2].[Na+:1].[cH:3]1[c:4]2[c:5]([cH:6][cH:7][cH:8]1)[C:9](=[O:13])[C:10]([S:14](=[O:15])(=[O:16])[O-:17])=[CH:11]/[C:12]2=[N:18]\[NH:19][c:20]1[cH:21][cH:22][c:23]([S:26](=[O:27])(=[O:28])[O-:29])[cH:24][cH:25]1,3,3
386,[cH:1]1[c:2]2[c:3]([cH:4][cH:5][cH:6]1)[c:7]([OH:21])[cH:8][cH:9][c:10]2/[N:11]=[N:12]/[c:13]1[cH:14][cH:15][c:16]([O:19][CH3:20])[cH:17][cH:18]1>>[cH:1]1[c:2]2[c:3]([cH:4][cH:5][cH:6]1)[C:7](=[O:21])[CH:8]=[CH:9]/[C:10]2=[N:11]\[NH:12][c:13]1[cH:14][cH:15][c:16]([O:19][CH3:20])[cH:17][cH:18]1,-0.08,-21,propan-2-one,252,1.0,[cH:1]1[c:2]2[c:3]([cH:4][cH:5][cH:6]1)[c:7]([OH:21])[cH:8][cH:9][c:10]2/[N:11]=[N:12]/[c:13]1[cH:14][cH:15][c:16]([O:19][CH3:20])[cH:17][cH:18]1,[cH:1]1[c:2]2[c:3]([cH:4][cH:5][cH:6]1)[C:7](=[O:21])[CH:8]=[CH:9]/[C:10]2=[N:11]\[NH:12][c:13]1[cH:14][cH:15][c:16]([O:19][CH3:20])[cH:17][cH:18]1,1,1
387,[c:1]1(/[N:7]=[N:8]/[c:9]2[cH:10][cH:11][cH:12][cH:13][cH:14]2)[cH:2][c:3]([C:17]([CH3:18])([CH3:19])[CH3:20])[c:4]([OH:15])[c:5]([C:16]([CH3:21])([CH3:22])[CH3:23])[cH:6]1>>[C:1]1(=[N:7]\[NH:8][c:9]2[cH:10][cH:11][cH:12][cH:13][cH:14]2)\[CH:2]=[C:3]([C:17]([CH3:18])([CH3:19])[CH3:20])[C:4](=[O:15])[C:5]([C:16]([CH3:21])([CH3:22])[CH3:23])=[CH:6]1,1.46,23,tetrachloromethane,296,1.0,[c:1]1(/[N:7]=[N:8]/[c:9]2[cH:10][cH:11][cH:12][cH:13][cH:14]2)[cH:2][c:3]([C:17]([CH3:18])([CH3:19])[CH3:20])[c:4]([OH:15])[c:5]([C:16]([CH3:21])([CH3:22])[CH3:23])[cH:6]1,[C:1]1(=[N:7]\[NH:8][c:9]2[cH:10][cH:11][cH:12][cH:13][cH:14]2)\[CH:2]=[C:3]([C:17]([CH3:18])([CH3:19])[CH3:20])[C:4](=[O:15])[C:5]([C:16]([CH3:21])([CH3:22])[CH3:23])=[CH:6]1,1,1
388,[cH:1]1[cH:2][cH:3][n:4][cH:5][c:6]1[OH:7]>>[cH:1]1[cH:2][cH:3][nH+:4][cH:5][c:6]1[O-:7],0.1,20,water,293,1.0,[cH:1]1[cH:2][cH:3][n:4][cH:5][c:6]1[OH:7],[cH:1]1[cH:2][cH:3][nH+:4][cH:5][c:6]1[O-:7],1,1
389,[cH:1]1[cH:2][cH:3][n:4][cH:5][c:6]1[OH:7]>>[cH:1]1[cH:2][cH:3][nH+:4][cH:5][c:6]1[O-:7],-0.05,40,water,313,1.0,[cH:1]1[cH:2][cH:3][n:4][cH:5][c:6]1[OH:7],[cH:1]1[cH:2][cH:3][nH+:4][cH:5][c:6]1[O-:7],1,1
390,[cH:1]1[cH:2][cH:3][n:4][cH:5][c:6]1[OH:7]>>[cH:1]1[cH:2][cH:3][nH+:4][cH:5][c:6]1[O-:7],-0.22,60,water,333,1.0,[cH:1]1[cH:2][cH:3][n:4][cH:5][c:6]1[OH:7],[cH:1]1[cH:2][cH:3][nH+:4][cH:5][c:6]1[O-:7],1,1
391,[cH:1]1[cH:2][cH:3][n:4][cH:5][c:6]1[OH:7]>>[cH:1]1[cH:2][cH:3][nH+:4][cH:5][c:6]1[O-:7],-0.4,80,water,353,1.0,[cH:1]1[cH:2][cH:3][n:4][cH:5][c:6]1[OH:7],[cH:1]1[cH:2][cH:3][nH+:4][cH:5][c:6]1[O-:7],1,1
392,[cH:1]1[c:2]2[c:3]([n:4][cH:5][c:6]1[OH:11])[cH:7][cH:8][cH:9][cH:10]2>>[cH:1]1[c:2]2[c:3]([nH+:4][cH:5][c:6]1[O-:11])[cH:7][cH:8][cH:9][cH:10]2,-1.08,20,water,293,1.0,[cH:1]1[c:2]2[c:3]([n:4][cH:5][c:6]1[OH:11])[cH:7][cH:8][cH:9][cH:10]2,[cH:1]1[c:2]2[c:3]([nH+:4][cH:5][c:6]1[O-:11])[cH:7][cH:8][cH:9][cH:10]2,1,1
393,[cH:1]1[c:2]2[c:3]([n:4][cH:5][cH:6]1)[cH:7][cH:8][c:9]([OH:11])[cH:10]2>>[cH:1]1[c:2]2[c:3]([nH+:4][cH:5][cH:6]1)[cH:7][cH:8][c:9]([O-:11])[cH:10]2,-2.09,20,water,293,1.0,[cH:1]1[c:2]2[c:3]([n:4][cH:5][cH:6]1)[cH:7][cH:8][c:9]([OH:11])[cH:10]2,[cH:1]1[c:2]2[c:3]([nH+:4][cH:5][cH:6]1)[cH:7][cH:8][c:9]([O-:11])[cH:10]2,1,1
394,[c:1]1([OH:11])[c:2]2[c:3]([cH:4][n:5][cH:6]1)[cH:7][cH:8][cH:9][cH:10]2>>[c:1]1([O-:11])[c:2]2[c:3]([cH:4][nH+:5][cH:6]1)[cH:7][cH:8][cH:9][cH:10]2,0.46,20,water,293,1.0,[c:1]1([OH:11])[c:2]2[c:3]([cH:4][n:5][cH:6]1)[cH:7][cH:8][cH:9][cH:10]2,[c:1]1([O-:11])[c:2]2[c:3]([cH:4][nH+:5][cH:6]1)[cH:7][cH:8][cH:9][cH:10]2,1,1
395,[cH:1]1[c:2]2[c:3]([cH:4][n:5][cH:6]1)[cH:7][cH:8][cH:9][c:10]2[OH:11]>>[cH:1]1[c:2]2[c:3]([cH:4][nH+:5][cH:6]1)[cH:7][cH:8][cH:9][c:10]2[O-:11],-1.45,20,water,293,1.0,[cH:1]1[c:2]2[c:3]([cH:4][n:5][cH:6]1)[cH:7][cH:8][cH:9][c:10]2[OH:11],[cH:1]1[c:2]2[c:3]([cH:4][nH+:5][cH:6]1)[cH:7][cH:8][cH:9][c:10]2[O-:11],1,1
396,[cH:1]1[c:2]2[c:3]([cH:4][n:5][cH:6]1)[cH:7][c:8]([OH:11])[cH:9][cH:10]2>>[cH:1]1[c:2]2[c:3]([cH:4][nH+:5][cH:6]1)[cH:7][c:8]([O-:11])[cH:9][cH:10]2,-1.37,20,water,293,1.0,[cH:1]1[c:2]2[c:3]([cH:4][n:5][cH:6]1)[cH:7][c:8]([OH:11])[cH:9][cH:10]2,[cH:1]1[c:2]2[c:3]([cH:4][nH+:5][cH:6]1)[cH:7][c:8]([O-:11])[cH:9][cH:10]2,1,1
398,[cH:1]1[c:2]2[c:3]([n:4][cH:5][cH:6]1)[cH:7][cH:8][c:9]([OH:11])[cH:10]2>>[cH:1]1[c:2]2[c:3]([nH+:4][cH:5][cH:6]1)[cH:7][cH:8][c:9]([O-:11])[cH:10]2,-2.62,20,"1,4-dioxane",293,1.0,[cH:1]1[c:2]2[c:3]([n:4][cH:5][cH:6]1)[cH:7][cH:8][c:9]([OH:11])[cH:10]2,[cH:1]1[c:2]2[c:3]([nH+:4][cH:5][cH:6]1)[cH:7][cH:8][c:9]([O-:11])[cH:10]2,1,1
399,[cH:1]1[cH:2][cH:3][n:4][c:5]([CH:7]([c:8]2[cH:10][cH:11][cH:12][cH:13][cH:14]2)[c:9]2[cH:15][cH:16][cH:17][cH:18][cH:19]2)[cH:6]1>>[CH:1]1=[CH:6]/[C:5](=[C:7](/[c:8]2[cH:10][cH:11][cH:12][cH:13][cH:14]2)[c:9]2[cH:15][cH:16][cH:17][cH:18][cH:19]2)[NH:4][CH:3]=[CH:2]1,-12.82,35,water,308,1.0,[cH:1]1[cH:2][cH:3][n:4][c:5]([CH:7]([c:8]2[cH:10][cH:11][cH:12][cH:13][cH:14]2)[c:9]2[cH:15][cH:16][cH:17][cH:18][cH:19]2)[cH:6]1,[CH:1]1=[CH:6]/[C:5](=[C:7](/[c:8]2[cH:10][cH:11][cH:12][cH:13][cH:14]2)[c:9]2[cH:15][cH:16][cH:17][cH:18][cH:19]2)[NH:4][CH:3]=[CH:2]1,1,1
400,[cH:1]1[cH:2][cH:3][n:4][c:5]([CH2:7][c:8]2[cH:9][cH:10][cH:11][cH:12][cH:13]2)[cH:6]1>>[CH:1]1=[CH:6]/[C:5](=[CH:7]\[c:8]2[cH:9][cH:10][cH:11][cH:12][cH:13]2)[NH:4][CH:3]=[CH:2]1,-11.88,35,water,308,1.0,[cH:1]1[cH:2][cH:3][n:4][c:5]([CH2:7][c:8]2[cH:9][cH:10][cH:11][cH:12][cH:13]2)[cH:6]1,[CH:1]1=[CH:6]/[C:5](=[CH:7]\[c:8]2[cH:9][cH:10][cH:11][cH:12][cH:13]2)[NH:4][CH:3]=[CH:2]1,1,1
401,[c:1]1(/[CH:7]=[N:8]/[CH:9]([CH3:10])[CH3:11])[cH:2][cH:3][c:4]([OH:12])[cH:5][cH:6]1>>[C:1]1(=[CH:7]/[NH:8][CH:9]([CH3:10])[CH3:11])\[CH:2]=[CH:3][C:4](=[O:12])[CH:5]=[CH:6]1,-0.96,30,methanol,303,1.0,[c:1]1(/[CH:7]=[N:8]/[CH:9]([CH3:10])[CH3:11])[cH:2][cH:3][c:4]([OH:12])[cH:5][cH:6]1,[C:1]1(=[CH:7]/[NH:8][CH:9]([CH3:10])[CH3:11])\[CH:2]=[CH:3][C:4](=[O:12])[CH:5]=[CH:6]1,1,1
402,[c:1]1(/[CH:7]=[N:8]/[c:9]2[cH:11][cH:12][c:13]([CH3:20])[cH:14][cH:15]2)[c:2]2[c:3]([cH:4][cH:5][c:6]1[OH:10])[cH:16][cH:17][cH:18][cH:19]2>>[C:1]1(=[CH:7]/[NH:8][c:9]2[cH:11][cH:12][c:13]([CH3:20])[cH:14][cH:15]2)\[c:2]2[c:3]([cH:16][cH:17][cH:18][cH:19]2)[CH:4]=[CH:5][C:6]1=[O:10],0.1,25,ethanol,298,1.0,[c:1]1(/[CH:7]=[N:8]/[c:9]2[cH:11][cH:12][c:13]([CH3:20])[cH:14][cH:15]2)[c:2]2[c:3]([cH:4][cH:5][c:6]1[OH:10])[cH:16][cH:17][cH:18][cH:19]2,[C:1]1(=[CH:7]/[NH:8][c:9]2[cH:11][cH:12][c:13]([CH3:20])[cH:14][cH:15]2)\[c:2]2[c:3]([cH:16][cH:17][cH:18][cH:19]2)[CH:4]=[CH:5][C:6]1=[O:10],1,1
403,[c:1]1(/[CH:7]=[N:8]/[c:9]2[cH:11][cH:12][cH:13][c:14]([Cl:20])[cH:15]2)[c:2]2[c:3]([cH:4][cH:5][c:6]1[OH:10])[cH:16][cH:17][cH:18][cH:19]2>>[C:1]1(=[CH:7]/[NH:8][c:9]2[cH:11][cH:12][cH:13][c:14]([Cl:20])[cH:15]2)\[c:2]2[c:3]([cH:16][cH:17][cH:18][cH:19]2)[CH:4]=[CH:5][C:6]1=[O:10],-0.19,25,ethanol,298,1.0,[c:1]1(/[CH:7]=[N:8]/[c:9]2[cH:11][cH:12][cH:13][c:14]([Cl:20])[cH:15]2)[c:2]2[c:3]([cH:4][cH:5][c:6]1[OH:10])[cH:16][cH:17][cH:18][cH:19]2,[C:1]1(=[CH:7]/[NH:8][c:9]2[cH:11][cH:12][cH:13][c:14]([Cl:20])[cH:15]2)\[c:2]2[c:3]([cH:16][cH:17][cH:18][cH:19]2)[CH:4]=[CH:5][C:6]1=[O:10],1,1
404,[c:1]1(/[CH:7]=[N:8]/[c:9]2[cH:11][cH:12][c:13]([Cl:20])[cH:14][cH:15]2)[c:2]2[c:3]([cH:4][cH:5][c:6]1[OH:10])[cH:16][cH:17][cH:18][cH:19]2>>[C:1]1(=[CH:7]/[NH:8][c:9]2[cH:11][cH:12][c:13]([Cl:20])[cH:14][cH:15]2)\[c:2]2[c:3]([cH:16][cH:17][cH:18][cH:19]2)[CH:4]=[CH:5][C:6]1=[O:10],-0.13,25,ethanol,298,1.0,[c:1]1(/[CH:7]=[N:8]/[c:9]2[cH:11][cH:12][c:13]([Cl:20])[cH:14][cH:15]2)[c:2]2[c:3]([cH:4][cH:5][c:6]1[OH:10])[cH:16][cH:17][cH:18][cH:19]2,[C:1]1(=[CH:7]/[NH:8][c:9]2[cH:11][cH:12][c:13]([Cl:20])[cH:14][cH:15]2)\[c:2]2[c:3]([cH:16][cH:17][cH:18][cH:19]2)[CH:4]=[CH:5][C:6]1=[O:10],1,1
405,[c:1]1(/[CH:7]=[N:8]/[c:9]2[cH:11][cH:12][cH:13][c:14]([OH:20])[cH:15]2)[c:2]2[c:3]([cH:4][cH:5][c:6]1[OH:10])[cH:16][cH:17][cH:18][cH:19]2>>[C:1]1(=[CH:7]/[NH:8][c:9]2[cH:11][cH:12][cH:13][c:14]([OH:20])[cH:15]2)\[c:2]2[c:3]([cH:16][cH:17][cH:18][cH:19]2)[CH:4]=[CH:5][C:6]1=[O:10],-0.04,25,ethanol,298,1.0,[c:1]1(/[CH:7]=[N:8]/[c:9]2[cH:11][cH:12][cH:13][c:14]([OH:20])[cH:15]2)[c:2]2[c:3]([cH:4][cH:5][c:6]1[OH:10])[cH:16][cH:17][cH:18][cH:19]2,[C:1]1(=[CH:7]/[NH:8][c:9]2[cH:11][cH:12][cH:13][c:14]([OH:20])[cH:15]2)\[c:2]2[c:3]([cH:16][cH:17][cH:18][cH:19]2)[CH:4]=[CH:5][C:6]1=[O:10],1,1
406,[c:1]1(/[CH:7]=[N:8]/[c:9]2[cH:11][cH:12][c:13]([O:20][CH3:21])[cH:14][cH:15]2)[c:2]2[c:3]([cH:4][cH:5][c:6]1[OH:10])[cH:16][cH:17][cH:18][cH:19]2>>[C:1]1(=[CH:7]/[NH:8][c:9]2[cH:11][cH:12][c:13]([O:20][CH3:21])[cH:14][cH:15]2)\[c:2]2[c:3]([cH:16][cH:17][cH:18][cH:19]2)[CH:4]=[CH:5][C:6]1=[O:10],0.1,25,ethanol,298,1.0,[c:1]1(/[CH:7]=[N:8]/[c:9]2[cH:11][cH:12][c:13]([O:20][CH3:21])[cH:14][cH:15]2)[c:2]2[c:3]([cH:4][cH:5][c:6]1[OH:10])[cH:16][cH:17][cH:18][cH:19]2,[C:1]1(=[CH:7]/[NH:8][c:9]2[cH:11][cH:12][c:13]([O:20][CH3:21])[cH:14][cH:15]2)\[c:2]2[c:3]([cH:16][cH:17][cH:18][cH:19]2)[CH:4]=[CH:5][C:6]1=[O:10],1,1
407,[c:1]1(/[CH:7]=[N:8]/[CH:9]([CH3:11])[CH3:12])[cH:2][cH:3][cH:4][cH:5][c:6]1[OH:10]>>[C:1]1(=[CH:7]/[NH:8][CH:9]([CH3:11])[CH3:12])\[CH:2]=[CH:3][CH:4]=[CH:5][C:6]1=[O:10],-1.15,30,propan-1-ol,303,1.0,[c:1]1(/[CH:7]=[N:8]/[CH:9]([CH3:11])[CH3:12])[cH:2][cH:3][cH:4][cH:5][c:6]1[OH:10],[C:1]1(=[CH:7]/[NH:8][CH:9]([CH3:11])[CH3:12])\[CH:2]=[CH:3][CH:4]=[CH:5][C:6]1=[O:10],1,1
408,[c:1]1(/[CH:7]=[N:8]/[CH:9]([CH3:10])[CH3:11])[cH:2][cH:3][c:4]([OH:12])[cH:5][cH:6]1>>[C:1]1(=[CH:7]/[NH:8][CH:9]([CH3:10])[CH3:11])\[CH:2]=[CH:3][C:4](=[O:12])[CH:5]=[CH:6]1,-1.4,30,propan-1-ol,303,1.0,[c:1]1(/[CH:7]=[N:8]/[CH:9]([CH3:10])[CH3:11])[cH:2][cH:3][c:4]([OH:12])[cH:5][cH:6]1,[C:1]1(=[CH:7]/[NH:8][CH:9]([CH3:10])[CH3:11])\[CH:2]=[CH:3][C:4](=[O:12])[CH:5]=[CH:6]1,1,1
409,[CH:1]1=[CH:2][CH:3]=[CH:4][C:5](=[S:7])/[C:6]1=[CH:8]/[NH:9][CH2:10][CH2:11][CH2:12][CH3:13]>>[cH:1]1[cH:2][cH:3][cH:4][c:5]([SH:7])[c:6]1/[CH:8]=[N:9]/[CH2:10][CH2:11][CH2:12][CH3:13],-0.25,20,toluene,293,1.0,[CH:1]1=[CH:2][CH:3]=[CH:4][C:5](=[S:7])/[C:6]1=[CH:8]/[NH:9][CH2:10][CH2:11][CH2:12][CH3:13],[cH:1]1[cH:2][cH:3][cH:4][c:5]([SH:7])[c:6]1/[CH:8]=[N:9]/[CH2:10][CH2:11][CH2:12][CH3:13],1,1
410,[CH:1]1=[CH:2][CH:3]=[CH:4][C:5](=[S:7])/[C:6]1=[CH:8]/[NH:9][CH2:10][CH2:11][CH2:12][CH3:13]>>[cH:1]1[cH:2][cH:3][cH:4][c:5]([SH:7])[c:6]1/[CH:8]=[N:9]/[CH2:10][CH2:11][CH2:12][CH3:13],-0.21,30,toluene,303,1.0,[CH:1]1=[CH:2][CH:3]=[CH:4][C:5](=[S:7])/[C:6]1=[CH:8]/[NH:9][CH2:10][CH2:11][CH2:12][CH3:13],[cH:1]1[cH:2][cH:3][cH:4][c:5]([SH:7])[c:6]1/[CH:8]=[N:9]/[CH2:10][CH2:11][CH2:12][CH3:13],1,1
411,[CH:1]1=[CH:2][CH:3]=[CH:4][C:5](=[S:7])/[C:6]1=[CH:8]/[NH:9][CH2:10][CH2:11][CH2:12][CH3:13]>>[cH:1]1[cH:2][cH:3][cH:4][c:5]([SH:7])[c:6]1/[CH:8]=[N:9]/[CH2:10][CH2:11][CH2:12][CH3:13],-0.19,40,toluene,313,1.0,[CH:1]1=[CH:2][CH:3]=[CH:4][C:5](=[S:7])/[C:6]1=[CH:8]/[NH:9][CH2:10][CH2:11][CH2:12][CH3:13],[cH:1]1[cH:2][cH:3][cH:4][c:5]([SH:7])[c:6]1/[CH:8]=[N:9]/[CH2:10][CH2:11][CH2:12][CH3:13],1,1
412,[CH:1]1=[CH:2][CH:3]=[CH:4][C:5](=[S:7])/[C:6]1=[CH:8]/[NH:9][c:10]1[cH:11][cH:12][cH:13][cH:14][cH:15]1>>[cH:1]1[cH:2][cH:3][cH:4][c:5]([SH:7])[c:6]1/[CH:8]=[N:9]/[c:10]1[cH:11][cH:12][cH:13][cH:14][cH:15]1,0.81,10,toluene,283,1.0,[CH:1]1=[CH:2][CH:3]=[CH:4][C:5](=[S:7])/[C:6]1=[CH:8]/[NH:9][c:10]1[cH:11][cH:12][cH:13][cH:14][cH:15]1,[cH:1]1[cH:2][cH:3][cH:4][c:5]([SH:7])[c:6]1/[CH:8]=[N:9]/[c:10]1[cH:11][cH:12][cH:13][cH:14][cH:15]1,1,1
413,[CH:1]1=[CH:2][CH:3]=[CH:4][C:5](=[S:7])/[C:6]1=[CH:8]/[NH:9][c:10]1[cH:11][cH:12][cH:13][cH:14][cH:15]1>>[cH:1]1[cH:2][cH:3][cH:4][c:5]([SH:7])[c:6]1/[CH:8]=[N:9]/[c:10]1[cH:11][cH:12][cH:13][cH:14][cH:15]1,0.86,20,toluene,293,1.0,[CH:1]1=[CH:2][CH:3]=[CH:4][C:5](=[S:7])/[C:6]1=[CH:8]/[NH:9][c:10]1[cH:11][cH:12][cH:13][cH:14][cH:15]1,[cH:1]1[cH:2][cH:3][cH:4][c:5]([SH:7])[c:6]1/[CH:8]=[N:9]/[c:10]1[cH:11][cH:12][cH:13][cH:14][cH:15]1,1,1
414,[CH:1]1=[CH:2][CH:3]=[CH:4][C:5](=[S:7])/[C:6]1=[CH:8]/[NH:9][c:10]1[cH:11][cH:12][cH:13][cH:14][cH:15]1>>[cH:1]1[cH:2][cH:3][cH:4][c:5]([SH:7])[c:6]1/[CH:8]=[N:9]/[c:10]1[cH:11][cH:12][cH:13][cH:14][cH:15]1,0.91,30,toluene,303,1.0,[CH:1]1=[CH:2][CH:3]=[CH:4][C:5](=[S:7])/[C:6]1=[CH:8]/[NH:9][c:10]1[cH:11][cH:12][cH:13][cH:14][cH:15]1,[cH:1]1[cH:2][cH:3][cH:4][c:5]([SH:7])[c:6]1/[CH:8]=[N:9]/[c:10]1[cH:11][cH:12][cH:13][cH:14][cH:15]1,1,1
415,[CH:1]1=[CH:2][CH:3]=[CH:4][C:5](=[S:7])/[C:6]1=[CH:8]/[NH:9][c:10]1[cH:11][cH:12][cH:13][cH:14][cH:15]1>>[cH:1]1[cH:2][cH:3][cH:4][c:5]([SH:7])[c:6]1/[CH:8]=[N:9]/[c:10]1[cH:11][cH:12][cH:13][cH:14][cH:15]1,-0.11,20,toluene,293,1.0,[CH:1]1=[CH:2][CH:3]=[CH:4][C:5](=[S:7])/[C:6]1=[CH:8]/[NH:9][c:10]1[cH:11][cH:12][cH:13][cH:14][cH:15]1,[cH:1]1[cH:2][cH:3][cH:4][c:5]([SH:7])[c:6]1/[CH:8]=[N:9]/[c:10]1[cH:11][cH:12][cH:13][cH:14][cH:15]1,1,1
416,[CH:1]1=[CH:2][CH:3]=[CH:4][C:5](=[S:7])/[C:6]1=[CH:8]/[NH:9][c:10]1[cH:11][cH:12][cH:13][cH:14][cH:15]1>>[cH:1]1[cH:2][cH:3][cH:4][c:5]([SH:7])[c:6]1/[CH:8]=[N:9]/[c:10]1[cH:11][cH:12][cH:13][cH:14][cH:15]1,-0.01,30,toluene,303,1.0,[CH:1]1=[CH:2][CH:3]=[CH:4][C:5](=[S:7])/[C:6]1=[CH:8]/[NH:9][c:10]1[cH:11][cH:12][cH:13][cH:14][cH:15]1,[cH:1]1[cH:2][cH:3][cH:4][c:5]([SH:7])[c:6]1/[CH:8]=[N:9]/[c:10]1[cH:11][cH:12][cH:13][cH:14][cH:15]1,1,1
417,[CH:1]1=[CH:2][CH:3]=[CH:4][C:5](=[S:7])/[C:6]1=[CH:8]/[NH:9][c:10]1[cH:11][cH:12][cH:13][cH:14][cH:15]1>>[cH:1]1[cH:2][cH:3][cH:4][c:5]([SH:7])[c:6]1/[CH:8]=[N:9]/[c:10]1[cH:11][cH:12][cH:13][cH:14][cH:15]1,0.08,40,toluene,313,1.0,[CH:1]1=[CH:2][CH:3]=[CH:4][C:5](=[S:7])/[C:6]1=[CH:8]/[NH:9][c:10]1[cH:11][cH:12][cH:13][cH:14][cH:15]1,[cH:1]1[cH:2][cH:3][cH:4][c:5]([SH:7])[c:6]1/[CH:8]=[N:9]/[c:10]1[cH:11][cH:12][cH:13][cH:14][cH:15]1,1,1
418,[cH:1]1[c:2]2[c:3]([c:4]([NH2:14])[cH:5][c:6]1[C:11](=[O:12])[OH:13])[cH:7][cH:8][cH:9][cH:10]2>>[cH:1]1[c:2]2[c:3]([c:4]([NH3+:14])[cH:5][c:6]1[C:11](=[O:12])[O-:13])[cH:7][cH:8][cH:9][cH:10]2,-0.26,25,water,298,1.0,[cH:1]1[c:2]2[c:3]([c:4]([NH2:14])[cH:5][c:6]1[C:11](=[O:12])[OH:13])[cH:7][cH:8][cH:9][cH:10]2,[cH:1]1[c:2]2[c:3]([c:4]([NH3+:14])[cH:5][c:6]1[C:11](=[O:12])[O-:13])[cH:7][cH:8][cH:9][cH:10]2,1,1
419,[c:1]1([C:12]([OH:13])=[O:14])[c:2]2[c:3]([cH:4][c:5]([NH2:11])[cH:6]1)[cH:7][cH:8][cH:9][cH:10]2>>[c:1]1([C:12]([O-:13])=[O:14])[c:2]2[c:3]([cH:4][c:5]([NH3+:11])[cH:6]1)[cH:7][cH:8][cH:9][cH:10]2,0.69,25,water,298,1.0,[c:1]1([C:12]([OH:13])=[O:14])[c:2]2[c:3]([cH:4][c:5]([NH2:11])[cH:6]1)[cH:7][cH:8][cH:9][cH:10]2,[c:1]1([C:12]([O-:13])=[O:14])[c:2]2[c:3]([cH:4][c:5]([NH3+:11])[cH:6]1)[cH:7][cH:8][cH:9][cH:10]2,1,1
420,[cH:1]1[cH:2][cH:3][cH:4][c:5]2[c:6]1[C:10](=[O:15])[c:9]1[c:8]([cH:11][cH:12][cH:13][cH:14]1)[CH2:7]2>>[cH:1]1[cH:2][cH:3][cH:4][c:5]2[c:6]1[c:10]([OH:15])[c:9]1[c:8]([cH:7]2)[cH:11][cH:12][cH:13][cH:14]1,-1.1,35,"1,4-dioxane",308,0.297,[cH:1]1[cH:2][cH:3][cH:4][c:5]2[c:6]1[C:10](=[O:15])[c:9]1[c:8]([cH:11][cH:12][cH:13][cH:14]1)[CH2:7]2,[cH:1]1[cH:2][cH:3][cH:4][c:5]2[c:6]1[c:10]([OH:15])[c:9]1[c:8]([cH:7]2)[cH:11][cH:12][cH:13][cH:14]1,1,1
421,[cH:1]1[c:2]([CH3:16])[cH:3][cH:4][c:5]2[c:6]1[C:10](=[O:15])[c:9]1[c:8]([cH:11][cH:12][cH:13][cH:14]1)[CH2:7]2>>[cH:1]1[c:2]([CH3:16])[cH:3][cH:4][c:5]2[c:6]1[c:10]([OH:15])[c:9]1[c:8]([cH:7]2)[cH:11][cH:12][cH:13][cH:14]1,-1.0,35,"1,4-dioxane",308,0.297,[cH:1]1[c:2]([CH3:16])[cH:3][cH:4][c:5]2[c:6]1[C:10](=[O:15])[c:9]1[c:8]([cH:11][cH:12][cH:13][cH:14]1)[CH2:7]2,[cH:1]1[c:2]([CH3:16])[cH:3][cH:4][c:5]2[c:6]1[c:10]([OH:15])[c:9]1[c:8]([cH:7]2)[cH:11][cH:12][cH:13][cH:14]1,1,1
422,[cH:1]1[c:2]([Cl:16])[cH:3][cH:4][c:5]2[c:6]1[C:10](=[O:15])[c:9]1[c:8]([cH:11][cH:12][cH:13][cH:14]1)[CH2:7]2>>[cH:1]1[c:2]([Cl:16])[cH:3][cH:4][c:5]2[c:6]1[c:10]([OH:15])[c:9]1[c:8]([cH:7]2)[cH:11][cH:12][cH:13][cH:14]1,-0.64,35,"1,4-dioxane",308,0.297,[cH:1]1[c:2]([Cl:16])[cH:3][cH:4][c:5]2[c:6]1[C:10](=[O:15])[c:9]1[c:8]([cH:11][cH:12][cH:13][cH:14]1)[CH2:7]2,[cH:1]1[c:2]([Cl:16])[cH:3][cH:4][c:5]2[c:6]1[c:10]([OH:15])[c:9]1[c:8]([cH:7]2)[cH:11][cH:12][cH:13][cH:14]1,1,1
423,[cH:1]1[c:2]([O:16][CH3:17])[cH:3][cH:4][c:5]2[c:6]1[C:10](=[O:15])[c:9]1[c:8]([cH:11][cH:12][cH:13][cH:14]1)[CH2:7]2>>[cH:1]1[c:2]([O:16][CH3:17])[cH:3][cH:4][c:5]2[c:6]1[c:10]([OH:15])[c:9]1[c:8]([cH:7]2)[cH:11][cH:12][cH:13][cH:14]1,-0.92,35,"1,4-dioxane",308,0.297,[cH:1]1[c:2]([O:16][CH3:17])[cH:3][cH:4][c:5]2[c:6]1[C:10](=[O:15])[c:9]1[c:8]([cH:11][cH:12][cH:13][cH:14]1)[CH2:7]2,[cH:1]1[c:2]([O:16][CH3:17])[cH:3][cH:4][c:5]2[c:6]1[c:10]([OH:15])[c:9]1[c:8]([cH:7]2)[cH:11][cH:12][cH:13][cH:14]1,1,1
424,[cH:1]1[cH:2][cH:3][cH:4][c:5]2[c:6]1[C:10](=[O:15])[c:9]1[c:8]([cH:11][cH:12][cH:13][cH:14]1)[CH2:7]2>>[cH:1]1[cH:2][cH:3][cH:4][c:5]2[c:6]1[c:10]([OH:15])[c:9]1[c:8]([cH:7]2)[cH:11][cH:12][cH:13][cH:14]1,-2.77,12,"2,2,4-trimethylpentane",285,1.0,[cH:1]1[cH:2][cH:3][cH:4][c:5]2[c:6]1[C:10](=[O:15])[c:9]1[c:8]([cH:11][cH:12][cH:13][cH:14]1)[CH2:7]2,[cH:1]1[cH:2][cH:3][cH:4][c:5]2[c:6]1[c:10]([OH:15])[c:9]1[c:8]([cH:7]2)[cH:11][cH:12][cH:13][cH:14]1,1,1
425,[cH:1]1[cH:2][cH:3][cH:4][c:5]2[c:6]1[C:10](=[O:15])[c:9]1[c:8]([cH:11][cH:12][cH:13][cH:14]1)[CH2:7]2>>[cH:1]1[cH:2][cH:3][cH:4][c:5]2[c:6]1[c:10]([OH:15])[c:9]1[c:8]([cH:7]2)[cH:11][cH:12][cH:13][cH:14]1,-2.68,20,"2,2,4-trimethylpentane",293,1.0,[cH:1]1[cH:2][cH:3][cH:4][c:5]2[c:6]1[C:10](=[O:15])[c:9]1[c:8]([cH:11][cH:12][cH:13][cH:14]1)[CH2:7]2,[cH:1]1[cH:2][cH:3][cH:4][c:5]2[c:6]1[c:10]([OH:15])[c:9]1[c:8]([cH:7]2)[cH:11][cH:12][cH:13][cH:14]1,1,1
426,[cH:1]1[cH:2][cH:3][cH:4][c:5]2[c:6]1[C:10](=[O:15])[c:9]1[c:8]([cH:11][cH:12][cH:13][cH:14]1)[CH2:7]2>>[cH:1]1[cH:2][cH:3][cH:4][c:5]2[c:6]1[c:10]([OH:15])[c:9]1[c:8]([cH:7]2)[cH:11][cH:12][cH:13][cH:14]1,-2.61,30,"2,2,4-trimethylpentane",303,1.0,[cH:1]1[cH:2][cH:3][cH:4][c:5]2[c:6]1[C:10](=[O:15])[c:9]1[c:8]([cH:11][cH:12][cH:13][cH:14]1)[CH2:7]2,[cH:1]1[cH:2][cH:3][cH:4][c:5]2[c:6]1[c:10]([OH:15])[c:9]1[c:8]([cH:7]2)[cH:11][cH:12][cH:13][cH:14]1,1,1
427,[c:1]1(/[CH:8]=[N:9]/[CH:10]([CH3:11])[CH3:12])[cH:2][cH:3][cH:4][cH:5][c:6]1[OH:7]>>[C:1]1(=[CH:8]/[NH:9][CH:10]([CH3:11])[CH3:12])\[CH:2]=[CH:3][CH:4]=[CH:5][C:6]1=[O:7],0.16,30,methanol,303,0.309,[c:1]1(/[CH:8]=[N:9]/[CH:10]([CH3:11])[CH3:12])[cH:2][cH:3][cH:4][cH:5][c:6]1[OH:7],[C:1]1(=[CH:8]/[NH:9][CH:10]([CH3:11])[CH3:12])\[CH:2]=[CH:3][CH:4]=[CH:5][C:6]1=[O:7],1,1
428,[c:1]1(/[CH:8]=[N:9]/[CH:10]([CH3:11])[CH3:12])[cH:2][cH:3][cH:4][cH:5][c:6]1[OH:7]>>[C:1]1(=[CH:8]/[NH:9][CH:10]([CH3:11])[CH3:12])\[CH:2]=[CH:3][CH:4]=[CH:5][C:6]1=[O:7],-0.02,30,methanol,303,0.471,[c:1]1(/[CH:8]=[N:9]/[CH:10]([CH3:11])[CH3:12])[cH:2][cH:3][cH:4][cH:5][c:6]1[OH:7],[C:1]1(=[CH:8]/[NH:9][CH:10]([CH3:11])[CH3:12])\[CH:2]=[CH:3][CH:4]=[CH:5][C:6]1=[O:7],1,1
429,[c:1]1(/[CH:8]=[N:9]/[CH:10]([CH3:11])[CH3:12])[cH:2][cH:3][cH:4][cH:5][c:6]1[OH:7]>>[C:1]1(=[CH:8]/[NH:9][CH:10]([CH3:11])[CH3:12])\[CH:2]=[CH:3][CH:4]=[CH:5][C:6]1=[O:7],-0.12,30,methanol,303,0.573,[c:1]1(/[CH:8]=[N:9]/[CH:10]([CH3:11])[CH3:12])[cH:2][cH:3][cH:4][cH:5][c:6]1[OH:7],[C:1]1(=[CH:8]/[NH:9][CH:10]([CH3:11])[CH3:12])\[CH:2]=[CH:3][CH:4]=[CH:5][C:6]1=[O:7],1,1
430,[c:1]1(/[CH:8]=[N:9]/[CH:10]([CH3:11])[CH3:12])[cH:2][cH:3][cH:4][cH:5][c:6]1[OH:7]>>[C:1]1(=[CH:8]/[NH:9][CH:10]([CH3:11])[CH3:12])\[CH:2]=[CH:3][CH:4]=[CH:5][C:6]1=[O:7],-0.39,30,methanol,303,0.782,[c:1]1(/[CH:8]=[N:9]/[CH:10]([CH3:11])[CH3:12])[cH:2][cH:3][cH:4][cH:5][c:6]1[OH:7],[C:1]1(=[CH:8]/[NH:9][CH:10]([CH3:11])[CH3:12])\[CH:2]=[CH:3][CH:4]=[CH:5][C:6]1=[O:7],1,1
431,[c:1]1(/[CH:7]=[N:8]/[CH:9]([CH3:10])[CH3:11])[cH:2][cH:3][c:4]([OH:12])[cH:5][cH:6]1>>[C:1]1(=[CH:7]/[NH:8][CH:9]([CH3:10])[CH3:11])\[CH:2]=[CH:3][C:4](=[O:12])[CH:5]=[CH:6]1,0.95,30,methanol,303,0.0694,[c:1]1(/[CH:7]=[N:8]/[CH:9]([CH3:10])[CH3:11])[cH:2][cH:3][c:4]([OH:12])[cH:5][cH:6]1,[C:1]1(=[CH:7]/[NH:8][CH:9]([CH3:10])[CH3:11])\[CH:2]=[CH:3][C:4](=[O:12])[CH:5]=[CH:6]1,1,1
432,[c:1]1(/[CH:7]=[N:8]/[CH:9]([CH3:10])[CH3:11])[cH:2][cH:3][c:4]([OH:12])[cH:5][cH:6]1>>[C:1]1(=[CH:7]/[NH:8][CH:9]([CH3:10])[CH3:11])\[CH:2]=[CH:3][C:4](=[O:12])[CH:5]=[CH:6]1,0.83,30,methanol,303,0.1,[c:1]1(/[CH:7]=[N:8]/[CH:9]([CH3:10])[CH3:11])[cH:2][cH:3][c:4]([OH:12])[cH:5][cH:6]1,[C:1]1(=[CH:7]/[NH:8][CH:9]([CH3:10])[CH3:11])\[CH:2]=[CH:3][C:4](=[O:12])[CH:5]=[CH:6]1,1,1
433,[c:1]1(/[CH:7]=[N:8]/[CH:9]([CH3:10])[CH3:11])[cH:2][cH:3][c:4]([OH:12])[cH:5][cH:6]1>>[C:1]1(=[CH:7]/[NH:8][CH:9]([CH3:10])[CH3:11])\[CH:2]=[CH:3][C:4](=[O:12])[CH:5]=[CH:6]1,0.55,30,methanol,303,0.18,[c:1]1(/[CH:7]=[N:8]/[CH:9]([CH3:10])[CH3:11])[cH:2][cH:3][c:4]([OH:12])[cH:5][cH:6]1,[C:1]1(=[CH:7]/[NH:8][CH:9]([CH3:10])[CH3:11])\[CH:2]=[CH:3][C:4](=[O:12])[CH:5]=[CH:6]1,1,1
434,[c:1]1(/[CH:7]=[N:8]/[CH:9]([CH3:10])[CH3:11])[cH:2][cH:3][c:4]([OH:12])[cH:5][cH:6]1>>[C:1]1(=[CH:7]/[NH:8][CH:9]([CH3:10])[CH3:11])\[CH:2]=[CH:3][C:4](=[O:12])[CH:5]=[CH:6]1,0.23,30,methanol,303,0.309,[c:1]1(/[CH:7]=[N:8]/[CH:9]([CH3:10])[CH3:11])[cH:2][cH:3][c:4]([OH:12])[cH:5][cH:6]1,[C:1]1(=[CH:7]/[NH:8][CH:9]([CH3:10])[CH3:11])\[CH:2]=[CH:3][C:4](=[O:12])[CH:5]=[CH:6]1,1,1
435,[c:1]1(/[CH:7]=[N:8]/[CH:9]([CH3:10])[CH3:11])[cH:2][cH:3][c:4]([OH:12])[cH:5][cH:6]1>>[C:1]1(=[CH:7]/[NH:8][CH:9]([CH3:10])[CH3:11])\[CH:2]=[CH:3][C:4](=[O:12])[CH:5]=[CH:6]1,-0.05,30,methanol,303,0.471,[c:1]1(/[CH:7]=[N:8]/[CH:9]([CH3:10])[CH3:11])[cH:2][cH:3][c:4]([OH:12])[cH:5][cH:6]1,[C:1]1(=[CH:7]/[NH:8][CH:9]([CH3:10])[CH3:11])\[CH:2]=[CH:3][C:4](=[O:12])[CH:5]=[CH:6]1,1,1
436,[c:1]1(/[CH:7]=[N:8]/[CH:9]([CH3:10])[CH3:11])[cH:2][cH:3][c:4]([OH:12])[cH:5][cH:6]1>>[C:1]1(=[CH:7]/[NH:8][CH:9]([CH3:10])[CH3:11])\[CH:2]=[CH:3][C:4](=[O:12])[CH:5]=[CH:6]1,-0.23,30,methanol,303,0.573,[c:1]1(/[CH:7]=[N:8]/[CH:9]([CH3:10])[CH3:11])[cH:2][cH:3][c:4]([OH:12])[cH:5][cH:6]1,[C:1]1(=[CH:7]/[NH:8][CH:9]([CH3:10])[CH3:11])\[CH:2]=[CH:3][C:4](=[O:12])[CH:5]=[CH:6]1,1,1
437,[c:1]1(/[CH:7]=[N:8]/[CH:9]([CH3:10])[CH3:11])[cH:2][cH:3][c:4]([OH:12])[cH:5][cH:6]1>>[C:1]1(=[CH:7]/[NH:8][CH:9]([CH3:10])[CH3:11])\[CH:2]=[CH:3][C:4](=[O:12])[CH:5]=[CH:6]1,-0.57,30,methanol,303,0.782,[c:1]1(/[CH:7]=[N:8]/[CH:9]([CH3:10])[CH3:11])[cH:2][cH:3][c:4]([OH:12])[cH:5][cH:6]1,[C:1]1(=[CH:7]/[NH:8][CH:9]([CH3:10])[CH3:11])\[CH:2]=[CH:3][C:4](=[O:12])[CH:5]=[CH:6]1,1,1
438,[c:1]1(/[CH:7]=[N:8]/[CH:9]([CH3:10])[CH3:11])[c:2]([OH:12])[cH:3][cH:4][cH:5][cH:6]1>>[C:1]1(=[CH:7]/[NH:8][CH:9]([CH3:10])[CH3:11])\[C:2](=[O:12])[CH:3]=[CH:4][CH:5]=[CH:6]1,0.52,30,propan-1-ol,303,0.06,[c:1]1(/[CH:7]=[N:8]/[CH:9]([CH3:10])[CH3:11])[c:2]([OH:12])[cH:3][cH:4][cH:5][cH:6]1,[C:1]1(=[CH:7]/[NH:8][CH:9]([CH3:10])[CH3:11])\[C:2](=[O:12])[CH:3]=[CH:4][CH:5]=[CH:6]1,1,1
439,[c:1]1(/[CH:7]=[N:8]/[CH:9]([CH3:10])[CH3:11])[c:2]([OH:12])[cH:3][cH:4][cH:5][cH:6]1>>[C:1]1(=[CH:7]/[NH:8][CH:9]([CH3:10])[CH3:11])\[C:2](=[O:12])[CH:3]=[CH:4][CH:5]=[CH:6]1,0.0,30,propan-1-ol,303,0.108,[c:1]1(/[CH:7]=[N:8]/[CH:9]([CH3:10])[CH3:11])[c:2]([OH:12])[cH:3][cH:4][cH:5][cH:6]1,[C:1]1(=[CH:7]/[NH:8][CH:9]([CH3:10])[CH3:11])\[C:2](=[O:12])[CH:3]=[CH:4][CH:5]=[CH:6]1,1,1
440,[c:1]1(/[CH:7]=[N:8]/[CH:9]([CH3:10])[CH3:11])[c:2]([OH:12])[cH:3][cH:4][cH:5][cH:6]1>>[C:1]1(=[CH:7]/[NH:8][CH:9]([CH3:10])[CH3:11])\[C:2](=[O:12])[CH:3]=[CH:4][CH:5]=[CH:6]1,-0.04,30,propan-1-ol,303,0.16,[c:1]1(/[CH:7]=[N:8]/[CH:9]([CH3:10])[CH3:11])[c:2]([OH:12])[cH:3][cH:4][cH:5][cH:6]1,[C:1]1(=[CH:7]/[NH:8][CH:9]([CH3:10])[CH3:11])\[C:2](=[O:12])[CH:3]=[CH:4][CH:5]=[CH:6]1,1,1
441,[c:1]1(/[CH:7]=[N:8]/[CH:9]([CH3:10])[CH3:11])[c:2]([OH:12])[cH:3][cH:4][cH:5][cH:6]1>>[C:1]1(=[CH:7]/[NH:8][CH:9]([CH3:10])[CH3:11])\[C:2](=[O:12])[CH:3]=[CH:4][CH:5]=[CH:6]1,-0.14,30,propan-1-ol,303,0.195,[c:1]1(/[CH:7]=[N:8]/[CH:9]([CH3:10])[CH3:11])[c:2]([OH:12])[cH:3][cH:4][cH:5][cH:6]1,[C:1]1(=[CH:7]/[NH:8][CH:9]([CH3:10])[CH3:11])\[C:2](=[O:12])[CH:3]=[CH:4][CH:5]=[CH:6]1,1,1
442,[c:1]1(/[CH:7]=[N:8]/[CH:9]([CH3:10])[CH3:11])[c:2]([OH:12])[cH:3][cH:4][cH:5][cH:6]1>>[C:1]1(=[CH:7]/[NH:8][CH:9]([CH3:10])[CH3:11])\[C:2](=[O:12])[CH:3]=[CH:4][CH:5]=[CH:6]1,-0.37,30,propan-1-ol,303,0.325,[c:1]1(/[CH:7]=[N:8]/[CH:9]([CH3:10])[CH3:11])[c:2]([OH:12])[cH:3][cH:4][cH:5][cH:6]1,[C:1]1(=[CH:7]/[NH:8][CH:9]([CH3:10])[CH3:11])\[C:2](=[O:12])[CH:3]=[CH:4][CH:5]=[CH:6]1,1,1
443,[c:1]1(/[CH:7]=[N:8]/[CH:9]([CH3:10])[CH3:11])[c:2]([OH:12])[cH:3][cH:4][cH:5][cH:6]1>>[C:1]1(=[CH:7]/[NH:8][CH:9]([CH3:10])[CH3:11])\[C:2](=[O:12])[CH:3]=[CH:4][CH:5]=[CH:6]1,-0.3,30,propan-1-ol,303,0.37,[c:1]1(/[CH:7]=[N:8]/[CH:9]([CH3:10])[CH3:11])[c:2]([OH:12])[cH:3][cH:4][cH:5][cH:6]1,[C:1]1(=[CH:7]/[NH:8][CH:9]([CH3:10])[CH3:11])\[C:2](=[O:12])[CH:3]=[CH:4][CH:5]=[CH:6]1,1,1
444,[c:1]1(/[CH:7]=[N:8]/[CH:9]([CH3:10])[CH3:11])[c:2]([OH:12])[cH:3][cH:4][cH:5][cH:6]1>>[C:1]1(=[CH:7]/[NH:8][CH:9]([CH3:10])[CH3:11])\[C:2](=[O:12])[CH:3]=[CH:4][CH:5]=[CH:6]1,-0.52,30,propan-1-ol,303,0.47,[c:1]1(/[CH:7]=[N:8]/[CH:9]([CH3:10])[CH3:11])[c:2]([OH:12])[cH:3][cH:4][cH:5][cH:6]1,[C:1]1(=[CH:7]/[NH:8][CH:9]([CH3:10])[CH3:11])\[C:2](=[O:12])[CH:3]=[CH:4][CH:5]=[CH:6]1,1,1
445,[c:1]1(/[CH:7]=[N:8]/[CH:9]([CH3:10])[CH3:11])[c:2]([OH:12])[cH:3][cH:4][cH:5][cH:6]1>>[C:1]1(=[CH:7]/[NH:8][CH:9]([CH3:10])[CH3:11])\[C:2](=[O:12])[CH:3]=[CH:4][CH:5]=[CH:6]1,-0.57,30,propan-1-ol,303,0.492,[c:1]1(/[CH:7]=[N:8]/[CH:9]([CH3:10])[CH3:11])[c:2]([OH:12])[cH:3][cH:4][cH:5][cH:6]1,[C:1]1(=[CH:7]/[NH:8][CH:9]([CH3:10])[CH3:11])\[C:2](=[O:12])[CH:3]=[CH:4][CH:5]=[CH:6]1,1,1
446,[c:1]1(/[CH:7]=[N:8]/[CH:9]([CH3:10])[CH3:11])[c:2]([OH:12])[cH:3][cH:4][cH:5][cH:6]1>>[C:1]1(=[CH:7]/[NH:8][CH:9]([CH3:10])[CH3:11])\[C:2](=[O:12])[CH:3]=[CH:4][CH:5]=[CH:6]1,-0.6,30,propan-1-ol,303,0.659,[c:1]1(/[CH:7]=[N:8]/[CH:9]([CH3:10])[CH3:11])[c:2]([OH:12])[cH:3][cH:4][cH:5][cH:6]1,[C:1]1(=[CH:7]/[NH:8][CH:9]([CH3:10])[CH3:11])\[C:2](=[O:12])[CH:3]=[CH:4][CH:5]=[CH:6]1,1,1
447,[c:1]1(/[CH:7]=[N:8]/[CH:9]([CH3:10])[CH3:11])[cH:2][cH:3][c:4]([OH:12])[cH:5][cH:6]1>>[C:1]1(=[CH:7]/[NH:8][CH:9]([CH3:10])[CH3:11])\[CH:2]=[CH:3][C:4](=[O:12])[CH:5]=[CH:6]1,0.55,30,propan-1-ol,303,0.0388,[c:1]1(/[CH:7]=[N:8]/[CH:9]([CH3:10])[CH3:11])[cH:2][cH:3][c:4]([OH:12])[cH:5][cH:6]1,[C:1]1(=[CH:7]/[NH:8][CH:9]([CH3:10])[CH3:11])\[CH:2]=[CH:3][C:4](=[O:12])[CH:5]=[CH:6]1,1,1
448,[c:1]1(/[CH:7]=[N:8]/[CH:9]([CH3:10])[CH3:11])[cH:2][cH:3][c:4]([OH:12])[cH:5][cH:6]1>>[C:1]1(=[CH:7]/[NH:8][CH:9]([CH3:10])[CH3:11])\[CH:2]=[CH:3][C:4](=[O:12])[CH:5]=[CH:6]1,0.19,30,propan-1-ol,303,0.108,[c:1]1(/[CH:7]=[N:8]/[CH:9]([CH3:10])[CH3:11])[cH:2][cH:3][c:4]([OH:12])[cH:5][cH:6]1,[C:1]1(=[CH:7]/[NH:8][CH:9]([CH3:10])[CH3:11])\[CH:2]=[CH:3][C:4](=[O:12])[CH:5]=[CH:6]1,1,1
449,[c:1]1(/[CH:7]=[N:8]/[CH:9]([CH3:10])[CH3:11])[cH:2][cH:3][c:4]([OH:12])[cH:5][cH:6]1>>[C:1]1(=[CH:7]/[NH:8][CH:9]([CH3:10])[CH3:11])\[CH:2]=[CH:3][C:4](=[O:12])[CH:5]=[CH:6]1,-0.05,30,propan-1-ol,303,0.195,[c:1]1(/[CH:7]=[N:8]/[CH:9]([CH3:10])[CH3:11])[cH:2][cH:3][c:4]([OH:12])[cH:5][cH:6]1,[C:1]1(=[CH:7]/[NH:8][CH:9]([CH3:10])[CH3:11])\[CH:2]=[CH:3][C:4](=[O:12])[CH:5]=[CH:6]1,1,1
450,[c:1]1(/[CH:7]=[N:8]/[CH:9]([CH3:10])[CH3:11])[cH:2][cH:3][c:4]([OH:12])[cH:5][cH:6]1>>[C:1]1(=[CH:7]/[NH:8][CH:9]([CH3:10])[CH3:11])\[CH:2]=[CH:3][C:4](=[O:12])[CH:5]=[CH:6]1,-0.23,30,propan-1-ol,303,0.325,[c:1]1(/[CH:7]=[N:8]/[CH:9]([CH3:10])[CH3:11])[cH:2][cH:3][c:4]([OH:12])[cH:5][cH:6]1,[C:1]1(=[CH:7]/[NH:8][CH:9]([CH3:10])[CH3:11])\[CH:2]=[CH:3][C:4](=[O:12])[CH:5]=[CH:6]1,1,1
451,[c:1]1(/[CH:7]=[N:8]/[CH:9]([CH3:10])[CH3:11])[cH:2][cH:3][c:4]([OH:12])[cH:5][cH:6]1>>[C:1]1(=[CH:7]/[NH:8][CH:9]([CH3:10])[CH3:11])\[CH:2]=[CH:3][C:4](=[O:12])[CH:5]=[CH:6]1,-0.64,30,propan-1-ol,303,0.492,[c:1]1(/[CH:7]=[N:8]/[CH:9]([CH3:10])[CH3:11])[cH:2][cH:3][c:4]([OH:12])[cH:5][cH:6]1,[C:1]1(=[CH:7]/[NH:8][CH:9]([CH3:10])[CH3:11])\[CH:2]=[CH:3][C:4](=[O:12])[CH:5]=[CH:6]1,1,1
452,[C:1]([CH2:2][C:5]([CH3:6])=[O:7])([CH3:3])=[O:4]>>[C:1](/[CH:2]=[C:5](\[CH3:6])[OH:7])([CH3:3])=[O:4],-0.13,25,methanol,298,0.306,[C:1]([CH2:2][C:5]([CH3:6])=[O:7])([CH3:3])=[O:4],[C:1](/[CH:2]=[C:5](\[CH3:6])[OH:7])([CH3:3])=[O:4],1,1
453,[C:1]([CH2:2][C:5]([CH3:6])=[O:7])([CH3:3])=[O:4]>>[C:1](/[CH:2]=[C:5](\[CH3:6])[OH:7])([CH3:3])=[O:4],-0.37,25,methanol,298,0.427,[C:1]([CH2:2][C:5]([CH3:6])=[O:7])([CH3:3])=[O:4],[C:1](/[CH:2]=[C:5](\[CH3:6])[OH:7])([CH3:3])=[O:4],1,1
454,[C:1]([CH2:2][C:5]([CH3:6])=[O:7])([CH3:3])=[O:4]>>[C:1](/[CH:2]=[C:5](\[CH3:6])[OH:7])([CH3:3])=[O:4],-0.46,25,methanol,298,0.544,[C:1]([CH2:2][C:5]([CH3:6])=[O:7])([CH3:3])=[O:4],[C:1](/[CH:2]=[C:5](\[CH3:6])[OH:7])([CH3:3])=[O:4],1,1
455,[C:1]([CH2:2][C:5]([CH3:6])=[O:7])([CH3:3])=[O:4]>>[C:1](/[CH:2]=[C:5](\[CH3:6])[OH:7])([CH3:3])=[O:4],-0.58,25,methanol,298,0.679,[C:1]([CH2:2][C:5]([CH3:6])=[O:7])([CH3:3])=[O:4],[C:1](/[CH:2]=[C:5](\[CH3:6])[OH:7])([CH3:3])=[O:4],1,1
456,[C:1]([CH2:2][C:5]([CH3:6])=[O:7])([CH3:3])=[O:4]>>[C:1](/[CH:2]=[C:5](\[CH3:6])[OH:7])([CH3:3])=[O:4],0.365,25,ethanol,298,0.0646,[C:1]([CH2:2][C:5]([CH3:6])=[O:7])([CH3:3])=[O:4],[C:1](/[CH:2]=[C:5](\[CH3:6])[OH:7])([CH3:3])=[O:4],1,1
457,[C:1]([CH2:2][C:5]([CH3:6])=[O:7])([CH3:3])=[O:4]>>[C:1](/[CH:2]=[C:5](\[CH3:6])[OH:7])([CH3:3])=[O:4],0.18,25,ethanol,298,0.144,[C:1]([CH2:2][C:5]([CH3:6])=[O:7])([CH3:3])=[O:4],[C:1](/[CH:2]=[C:5](\[CH3:6])[OH:7])([CH3:3])=[O:4],1,1
458,[C:1]([CH2:2][C:5]([CH3:6])=[O:7])([CH3:3])=[O:4]>>[C:1](/[CH:2]=[C:5](\[CH3:6])[OH:7])([CH3:3])=[O:4],0.01,25,ethanol,298,0.235,[C:1]([CH2:2][C:5]([CH3:6])=[O:7])([CH3:3])=[O:4],[C:1](/[CH:2]=[C:5](\[CH3:6])[OH:7])([CH3:3])=[O:4],1,1
459,[C:1]([CH2:2][C:5]([CH3:6])=[O:7])([CH3:3])=[O:4]>>[C:1](/[CH:2]=[C:5](\[CH3:6])[OH:7])([CH3:3])=[O:4],-0.15,25,ethanol,298,0.341,[C:1]([CH2:2][C:5]([CH3:6])=[O:7])([CH3:3])=[O:4],[C:1](/[CH:2]=[C:5](\[CH3:6])[OH:7])([CH3:3])=[O:4],1,1
460,[C:1]([CH2:2][C:5]([CH3:6])=[O:7])([CH3:3])=[O:4]>>[C:1](/[CH:2]=[C:5](\[CH3:6])[OH:7])([CH3:3])=[O:4],-0.355,25,ethanol,298,0.4539999999999999,[C:1]([CH2:2][C:5]([CH3:6])=[O:7])([CH3:3])=[O:4],[C:1](/[CH:2]=[C:5](\[CH3:6])[OH:7])([CH3:3])=[O:4],1,1
461,[C:1]([CH2:2][C:5]([CH3:6])=[O:7])([CH3:3])=[O:4]>>[C:1](/[CH:2]=[C:5](\[CH3:6])[OH:7])([CH3:3])=[O:4],-0.555,25,ethanol,298,0.595,[C:1]([CH2:2][C:5]([CH3:6])=[O:7])([CH3:3])=[O:4],[C:1](/[CH:2]=[C:5](\[CH3:6])[OH:7])([CH3:3])=[O:4],1,1
462,[C:1]([CH2:2][C:5]([CH3:6])=[O:7])([CH3:3])=[O:4]>>[C:1](/[CH:2]=[C:5](\[CH3:6])[OH:7])([CH3:3])=[O:4],-0.64,25,ethanol,298,0.779,[C:1]([CH2:2][C:5]([CH3:6])=[O:7])([CH3:3])=[O:4],[C:1](/[CH:2]=[C:5](\[CH3:6])[OH:7])([CH3:3])=[O:4],1,1
463,[C:1]([CH2:2][C:5]([CH3:6])=[O:7])([CH3:3])=[O:4]>>[C:1](/[CH:2]=[C:5](\[CH3:6])[OH:7])([CH3:3])=[O:4],0.53,33,ethanol,306,0.8815000000000001,[C:1]([CH2:2][C:5]([CH3:6])=[O:7])([CH3:3])=[O:4],[C:1](/[CH:2]=[C:5](\[CH3:6])[OH:7])([CH3:3])=[O:4],1,1
464,[C:1]([CH2:2][C:5]([O:6][CH2:8][CH3:9])=[O:7])([CH3:3])=[O:4]>>[C:1](=[CH:2]\[C:5]([O:6][CH2:8][CH3:9])=[O:7])(\[CH3:3])[OH:4],-1.11,33,ethanol,306,1.0,[C:1]([CH2:2][C:5]([O:6][CH2:8][CH3:9])=[O:7])([CH3:3])=[O:4],[C:1](=[CH:2]\[C:5]([O:6][CH2:8][CH3:9])=[O:7])(\[CH3:3])[OH:4],1,1
465,[C:1]([CH2:2][C:5](=[O:6])[NH:7][c:8]1[cH:11][cH:10][cH:9][cH:13][c:12]1[CH3:14])([CH3:3])=[O:4]>>[C:1](=[CH:2]\[C:5](=[O:6])[NH:7][c:8]1[cH:11][cH:10][cH:9][cH:13][c:12]1[CH3:14])(\[CH3:3])[OH:4],-0.55,30,ethanol,303,0.17,[C:1]([CH2:2][C:5](=[O:6])[NH:7][c:8]1[cH:11][cH:10][cH:9][cH:13][c:12]1[CH3:14])([CH3:3])=[O:4],[C:1](=[CH:2]\[C:5](=[O:6])[NH:7][c:8]1[cH:11][cH:10][cH:9][cH:13][c:12]1[CH3:14])(\[CH3:3])[OH:4],1,1
466,[C:1]([CH2:2][C:5](=[O:6])[NH:7][c:8]1[cH:11][cH:10][cH:9][cH:13][c:12]1[CH3:14])([CH3:3])=[O:4]>>[C:1](=[CH:2]\[C:5](=[O:6])[NH:7][c:8]1[cH:11][cH:10][cH:9][cH:13][c:12]1[CH3:14])(\[CH3:3])[OH:4],-0.42,30,ethanol,303,0.315,[C:1]([CH2:2][C:5](=[O:6])[NH:7][c:8]1[cH:11][cH:10][cH:9][cH:13][c:12]1[CH3:14])([CH3:3])=[O:4],[C:1](=[CH:2]\[C:5](=[O:6])[NH:7][c:8]1[cH:11][cH:10][cH:9][cH:13][c:12]1[CH3:14])(\[CH3:3])[OH:4],1,1
467,[C:1]([CH2:2][C:5](=[O:6])[NH:7][c:8]1[cH:11][cH:10][cH:9][cH:13][c:12]1[CH3:14])([CH3:3])=[O:4]>>[C:1](=[CH:2]\[C:5](=[O:6])[NH:7][c:8]1[cH:11][cH:10][cH:9][cH:13][c:12]1[CH3:14])(\[CH3:3])[OH:4],-0.05,30,ethanol,303,0.551,[C:1]([CH2:2][C:5](=[O:6])[NH:7][c:8]1[cH:11][cH:10][cH:9][cH:13][c:12]1[CH3:14])([CH3:3])=[O:4],[C:1](=[CH:2]\[C:5](=[O:6])[NH:7][c:8]1[cH:11][cH:10][cH:9][cH:13][c:12]1[CH3:14])(\[CH3:3])[OH:4],1,1
468,[C:1]([CH2:2][C:5](=[O:6])[NH:7][c:8]1[cH:11][cH:10][cH:9][cH:13][c:12]1[Cl:14])([CH3:3])=[O:4]>>[C:1](=[CH:2]\[C:5](=[O:6])[NH:7][c:8]1[cH:11][cH:10][cH:9][cH:13][c:12]1[Cl:14])(\[CH3:3])[OH:4],-0.32,30,ethanol,303,0.17,[C:1]([CH2:2][C:5](=[O:6])[NH:7][c:8]1[cH:11][cH:10][cH:9][cH:13][c:12]1[Cl:14])([CH3:3])=[O:4],[C:1](=[CH:2]\[C:5](=[O:6])[NH:7][c:8]1[cH:11][cH:10][cH:9][cH:13][c:12]1[Cl:14])(\[CH3:3])[OH:4],1,1
469,[C:1]([CH2:2][C:5](=[O:6])[NH:7][c:8]1[cH:11][cH:10][cH:9][cH:13][c:12]1[Cl:14])([CH3:3])=[O:4]>>[C:1](=[CH:2]\[C:5](=[O:6])[NH:7][c:8]1[cH:11][cH:10][cH:9][cH:13][c:12]1[Cl:14])(\[CH3:3])[OH:4],-0.36,30,ethanol,303,0.315,[C:1]([CH2:2][C:5](=[O:6])[NH:7][c:8]1[cH:11][cH:10][cH:9][cH:13][c:12]1[Cl:14])([CH3:3])=[O:4],[C:1](=[CH:2]\[C:5](=[O:6])[NH:7][c:8]1[cH:11][cH:10][cH:9][cH:13][c:12]1[Cl:14])(\[CH3:3])[OH:4],1,1
470,[C:1]([CH2:2][C:5](=[O:6])[NH:7][c:8]1[cH:11][cH:10][cH:9][cH:13][c:12]1[Cl:14])([CH3:3])=[O:4]>>[C:1](=[CH:2]\[C:5](=[O:6])[NH:7][c:8]1[cH:11][cH:10][cH:9][cH:13][c:12]1[Cl:14])(\[CH3:3])[OH:4],-0.09,30,ethanol,303,0.551,[C:1]([CH2:2][C:5](=[O:6])[NH:7][c:8]1[cH:11][cH:10][cH:9][cH:13][c:12]1[Cl:14])([CH3:3])=[O:4],[C:1](=[CH:2]\[C:5](=[O:6])[NH:7][c:8]1[cH:11][cH:10][cH:9][cH:13][c:12]1[Cl:14])(\[CH3:3])[OH:4],1,1
471,[C:1]([CH2:2][C:5](=[O:6])[NH:7][c:8]1[cH:11][cH:10][cH:9][cH:13][c:12]1[O:14][CH3:15])([CH3:3])=[O:4]>>[C:1](=[CH:2]\[C:5](=[O:6])[NH:7][c:8]1[cH:11][cH:10][cH:9][cH:13][c:12]1[O:14][CH3:15])(\[CH3:3])[OH:4],-0.44,30,ethanol,303,0.17,[C:1]([CH2:2][C:5](=[O:6])[NH:7][c:8]1[cH:11][cH:10][cH:9][cH:13][c:12]1[O:14][CH3:15])([CH3:3])=[O:4],[C:1](=[CH:2]\[C:5](=[O:6])[NH:7][c:8]1[cH:11][cH:10][cH:9][cH:13][c:12]1[O:14][CH3:15])(\[CH3:3])[OH:4],1,1
472,[C:1]([CH2:2][C:5](=[O:6])[NH:7][c:8]1[cH:11][cH:10][cH:9][cH:13][c:12]1[O:14][CH3:15])([CH3:3])=[O:4]>>[C:1](=[CH:2]\[C:5](=[O:6])[NH:7][c:8]1[cH:11][cH:10][cH:9][cH:13][c:12]1[O:14][CH3:15])(\[CH3:3])[OH:4],-0.17,30,ethanol,303,0.315,[C:1]([CH2:2][C:5](=[O:6])[NH:7][c:8]1[cH:11][cH:10][cH:9][cH:13][c:12]1[O:14][CH3:15])([CH3:3])=[O:4],[C:1](=[CH:2]\[C:5](=[O:6])[NH:7][c:8]1[cH:11][cH:10][cH:9][cH:13][c:12]1[O:14][CH3:15])(\[CH3:3])[OH:4],1,1
473,[C:1]([CH2:2][C:5](=[O:6])[NH:7][c:8]1[cH:11][cH:10][cH:9][cH:13][c:12]1[O:14][CH3:15])([CH3:3])=[O:4]>>[C:1](=[CH:2]\[C:5](=[O:6])[NH:7][c:8]1[cH:11][cH:10][cH:9][cH:13][c:12]1[O:14][CH3:15])(\[CH3:3])[OH:4],-0.05,30,ethanol,303,0.551,[C:1]([CH2:2][C:5](=[O:6])[NH:7][c:8]1[cH:11][cH:10][cH:9][cH:13][c:12]1[O:14][CH3:15])([CH3:3])=[O:4],[C:1](=[CH:2]\[C:5](=[O:6])[NH:7][c:8]1[cH:11][cH:10][cH:9][cH:13][c:12]1[O:14][CH3:15])(\[CH3:3])[OH:4],1,1
474,[C:1]([CH2:2][C:5](=[O:6])[NH:7][c:8]1[cH:11][cH:10][c:9]([CH3:15])[cH:13][c:12]1[CH3:14])([CH3:3])=[O:4]>>[C:1](=[CH:2]\[C:5](=[O:6])[NH:7][c:8]1[cH:11][cH:10][c:9]([CH3:15])[cH:13][c:12]1[CH3:14])(\[CH3:3])[OH:4],-0.44,30,ethanol,303,0.17,[C:1]([CH2:2][C:5](=[O:6])[NH:7][c:8]1[cH:11][cH:10][c:9]([CH3:15])[cH:13][c:12]1[CH3:14])([CH3:3])=[O:4],[C:1](=[CH:2]\[C:5](=[O:6])[NH:7][c:8]1[cH:11][cH:10][c:9]([CH3:15])[cH:13][c:12]1[CH3:14])(\[CH3:3])[OH:4],1,1
475,[C:1]([CH2:2][C:5](=[O:6])[NH:7][c:8]1[cH:11][cH:10][c:9]([CH3:15])[cH:13][c:12]1[CH3:14])([CH3:3])=[O:4]>>[C:1](=[CH:2]\[C:5](=[O:6])[NH:7][c:8]1[cH:11][cH:10][c:9]([CH3:15])[cH:13][c:12]1[CH3:14])(\[CH3:3])[OH:4],-0.25,30,ethanol,303,0.315,[C:1]([CH2:2][C:5](=[O:6])[NH:7][c:8]1[cH:11][cH:10][c:9]([CH3:15])[cH:13][c:12]1[CH3:14])([CH3:3])=[O:4],[C:1](=[CH:2]\[C:5](=[O:6])[NH:7][c:8]1[cH:11][cH:10][c:9]([CH3:15])[cH:13][c:12]1[CH3:14])(\[CH3:3])[OH:4],1,1
476,[C:1]([CH2:2][C:5](=[O:6])[NH:7][c:8]1[cH:11][cH:10][c:9]([CH3:15])[cH:13][c:12]1[CH3:14])([CH3:3])=[O:4]>>[C:1](=[CH:2]\[C:5](=[O:6])[NH:7][c:8]1[cH:11][cH:10][c:9]([CH3:15])[cH:13][c:12]1[CH3:14])(\[CH3:3])[OH:4],-0.07,30,ethanol,303,0.551,[C:1]([CH2:2][C:5](=[O:6])[NH:7][c:8]1[cH:11][cH:10][c:9]([CH3:15])[cH:13][c:12]1[CH3:14])([CH3:3])=[O:4],[C:1](=[CH:2]\[C:5](=[O:6])[NH:7][c:8]1[cH:11][cH:10][c:9]([CH3:15])[cH:13][c:12]1[CH3:14])(\[CH3:3])[OH:4],1,1
477,[C:1]([CH2:2][C:5](=[O:6])[O:12][CH2:13][CH3:14])([c:3]1[cH:7][cH:8][cH:9][cH:10][cH:11]1)=[O:4]>>[C:1](=[CH:2]\[C:5](=[O:6])[O:12][CH2:13][CH3:14])(\[c:3]1[cH:7][cH:8][cH:9][cH:10][cH:11]1)[OH:4],-0.94,25,ethanol,298,0.54,[C:1]([CH2:2][C:5](=[O:6])[O:12][CH2:13][CH3:14])([c:3]1[cH:7][cH:8][cH:9][cH:10][cH:11]1)=[O:4],[C:1](=[CH:2]\[C:5](=[O:6])[O:12][CH2:13][CH3:14])(\[c:3]1[cH:7][cH:8][cH:9][cH:10][cH:11]1)[OH:4],1,1
478,[C:1]([CH2:2][C:5](=[O:6])[O:12][CH2:13][CH3:14])([c:3]1[cH:7][cH:8][c:9]([CH3:15])[cH:10][cH:11]1)=[O:4]>>[C:1](=[CH:2]\[C:5](=[O:6])[O:12][CH2:13][CH3:14])(\[c:3]1[cH:7][cH:8][c:9]([CH3:15])[cH:10][cH:11]1)[OH:4],-0.98,25,ethanol,298,0.54,[C:1]([CH2:2][C:5](=[O:6])[O:12][CH2:13][CH3:14])([c:3]1[cH:7][cH:8][c:9]([CH3:15])[cH:10][cH:11]1)=[O:4],[C:1](=[CH:2]\[C:5](=[O:6])[O:12][CH2:13][CH3:14])(\[c:3]1[cH:7][cH:8][c:9]([CH3:15])[cH:10][cH:11]1)[OH:4],1,1
479,[C:1]([CH2:2][C:5](=[O:6])[O:12][CH2:13][CH3:14])([c:3]1[cH:7][cH:8][c:9]([Cl:15])[cH:10][cH:11]1)=[O:4]>>[C:1](=[CH:2]\[C:5](=[O:6])[O:12][CH2:13][CH3:14])(\[c:3]1[cH:7][cH:8][c:9]([Cl:15])[cH:10][cH:11]1)[OH:4],-0.84,25,ethanol,298,0.54,[C:1]([CH2:2][C:5](=[O:6])[O:12][CH2:13][CH3:14])([c:3]1[cH:7][cH:8][c:9]([Cl:15])[cH:10][cH:11]1)=[O:4],[C:1](=[CH:2]\[C:5](=[O:6])[O:12][CH2:13][CH3:14])(\[c:3]1[cH:7][cH:8][c:9]([Cl:15])[cH:10][cH:11]1)[OH:4],1,1
480,[C:1]([CH2:2][C:5](=[O:6])[O:12][CH2:13][CH3:14])([c:3]1[cH:7][cH:8][c:9]([O:15][CH3:16])[cH:10][cH:11]1)=[O:4]>>[C:1](=[CH:2]\[C:5](=[O:6])[O:12][CH2:13][CH3:14])(\[c:3]1[cH:7][cH:8][c:9]([O:15][CH3:16])[cH:10][cH:11]1)[OH:4],-1.42,25,ethanol,298,0.54,[C:1]([CH2:2][C:5](=[O:6])[O:12][CH2:13][CH3:14])([c:3]1[cH:7][cH:8][c:9]([O:15][CH3:16])[cH:10][cH:11]1)=[O:4],[C:1](=[CH:2]\[C:5](=[O:6])[O:12][CH2:13][CH3:14])(\[c:3]1[cH:7][cH:8][c:9]([O:15][CH3:16])[cH:10][cH:11]1)[OH:4],1,1
481,[C:1]([CH2:2][C:5](=[O:6])[O:12][CH2:13][CH3:14])([c:3]1[cH:7][cH:8][c:9]([C:15]#[N:16])[cH:10][cH:11]1)=[O:4]>>[C:1](=[CH:2]\[C:5](=[O:6])[O:12][CH2:13][CH3:14])(\[c:3]1[cH:7][cH:8][c:9]([C:15]#[N:16])[cH:10][cH:11]1)[OH:4],-0.38,25,ethanol,298,0.54,[C:1]([CH2:2][C:5](=[O:6])[O:12][CH2:13][CH3:14])([c:3]1[cH:7][cH:8][c:9]([C:15]#[N:16])[cH:10][cH:11]1)=[O:4],[C:1](=[CH:2]\[C:5](=[O:6])[O:12][CH2:13][CH3:14])(\[c:3]1[cH:7][cH:8][c:9]([C:15]#[N:16])[cH:10][cH:11]1)[OH:4],1,1
482,[C:1]([CH2:2][C:5](=[O:6])[O:12][CH2:13][CH3:14])([c:3]1[cH:7][cH:8][c:9]([N+:15](=[O:16])[O-:17])[cH:10][cH:11]1)=[O:4]>>[C:1](=[CH:2]\[C:5](=[O:6])[O:12][CH2:13][CH3:14])(\[c:3]1[cH:7][cH:8][c:9]([N+:15](=[O:16])[O-:17])[cH:10][cH:11]1)[OH:4],-0.3,25,ethanol,298,0.54,[C:1]([CH2:2][C:5](=[O:6])[O:12][CH2:13][CH3:14])([c:3]1[cH:7][cH:8][c:9]([N+:15](=[O:16])[O-:17])[cH:10][cH:11]1)=[O:4],[C:1](=[CH:2]\[C:5](=[O:6])[O:12][CH2:13][CH3:14])(\[c:3]1[cH:7][cH:8][c:9]([N+:15](=[O:16])[O-:17])[cH:10][cH:11]1)[OH:4],1,1
483,[C:1]([CH:2]1[C:5](=[O:7])[CH2:10][CH2:6][CH2:8][CH2:9]1)([c:3]1[cH:11][cH:12][cH:13][cH:14][cH:15]1)=[O:4]>>[C:1](=[C:2]1\[C:5](=[O:7])[CH2:10][CH2:6][CH2:8][CH2:9]1)(\[c:3]1[cH:11][cH:12][cH:13][cH:14][cH:15]1)[OH:4],-1.47,28,ethanol,301,0.8809999999999999,[C:1]([CH:2]1[C:5](=[O:7])[CH2:10][CH2:6][CH2:8][CH2:9]1)([c:3]1[cH:11][cH:12][cH:13][cH:14][cH:15]1)=[O:4],[C:1](=[C:2]1\[C:5](=[O:7])[CH2:10][CH2:6][CH2:8][CH2:9]1)(\[c:3]1[cH:11][cH:12][cH:13][cH:14][cH:15]1)[OH:4],1,1
484,[CH2:1]1[CH2:2][CH2:3][CH:14]([C:15](=[O:12])[c:13]2[c:5]([CH3:16])[cH:6][cH:7][cH:8][cH:9]2)[C:11](=[O:10])[CH2:4]1>>[CH2:1]1[CH2:2][CH2:3]/[C:14](=[C:15](\[OH:12])[c:13]2[c:5]([CH3:16])[cH:6][cH:7][cH:8][cH:9]2)[C:11](=[O:10])[CH2:4]1,0.0,28,ethanol,301,0.8809999999999999,[CH2:1]1[CH2:2][CH2:3][CH:14]([C:15](=[O:12])[c:13]2[c:5]([CH3:16])[cH:6][cH:7][cH:8][cH:9]2)[C:11](=[O:10])[CH2:4]1,[CH2:1]1[CH2:2][CH2:3]/[C:14](=[C:15](\[OH:12])[c:13]2[c:5]([CH3:16])[cH:6][cH:7][cH:8][cH:9]2)[C:11](=[O:10])[CH2:4]1,1,1
485,[C:1]([CH:2]1[C:5](=[O:7])[CH2:10][CH2:6][CH2:8][CH2:9]1)([c:3]1[cH:12][cH:13][c:14]([CH3:11])[cH:15][cH:16]1)=[O:4]>>[C:1](=[C:2]1\[C:5](=[O:7])[CH2:10][CH2:6][CH2:8][CH2:9]1)(\[c:3]1[cH:12][cH:13][c:14]([CH3:11])[cH:15][cH:16]1)[OH:4],-1.51,28,ethanol,301,0.8809999999999999,[C:1]([CH:2]1[C:5](=[O:7])[CH2:10][CH2:6][CH2:8][CH2:9]1)([c:3]1[cH:12][cH:13][c:14]([CH3:11])[cH:15][cH:16]1)=[O:4],[C:1](=[C:2]1\[C:5](=[O:7])[CH2:10][CH2:6][CH2:8][CH2:9]1)(\[c:3]1[cH:12][cH:13][c:14]([CH3:11])[cH:15][cH:16]1)[OH:4],1,1
486,[C:1]([CH:2]1[C:5](=[O:7])[CH2:10][CH2:6][CH2:8][CH2:9]1)([c:3]1[cH:12][cH:13][cH:14][cH:15][c:16]1[F:11])=[O:4]>>[C:1](=[C:2]1\[C:5](=[O:7])[CH2:10][CH2:6][CH2:8][CH2:9]1)(\[c:3]1[cH:12][cH:13][cH:14][cH:15][c:16]1[F:11])[OH:4],-0.01,28,ethanol,301,0.8809999999999999,[C:1]([CH:2]1[C:5](=[O:7])[CH2:10][CH2:6][CH2:8][CH2:9]1)([c:3]1[cH:12][cH:13][cH:14][cH:15][c:16]1[F:11])=[O:4],[C:1](=[C:2]1\[C:5](=[O:7])[CH2:10][CH2:6][CH2:8][CH2:9]1)(\[c:3]1[cH:12][cH:13][cH:14][cH:15][c:16]1[F:11])[OH:4],1,1
487,[C:1]([CH:2]1[C:5](=[O:7])[CH2:10][CH2:6][CH2:8][CH2:9]1)([c:3]1[cH:12][cH:13][c:14]([F:11])[cH:15][cH:16]1)=[O:4]>>[C:1](=[C:2]1\[C:5](=[O:7])[CH2:10][CH2:6][CH2:8][CH2:9]1)(\[c:3]1[cH:12][cH:13][c:14]([F:11])[cH:15][cH:16]1)[OH:4],-1.37,28,ethanol,301,0.8809999999999999,[C:1]([CH:2]1[C:5](=[O:7])[CH2:10][CH2:6][CH2:8][CH2:9]1)([c:3]1[cH:12][cH:13][c:14]([F:11])[cH:15][cH:16]1)=[O:4],[C:1](=[C:2]1\[C:5](=[O:7])[CH2:10][CH2:6][CH2:8][CH2:9]1)(\[c:3]1[cH:12][cH:13][c:14]([F:11])[cH:15][cH:16]1)[OH:4],1,1
488,[C:1]([CH:2]1[C:5](=[O:7])[CH2:10][CH2:6][CH2:8][CH2:9]1)([c:3]1[cH:12][cH:13][cH:14][cH:15][c:16]1[Cl:11])=[O:4]>>[C:1](=[C:2]1\[C:5](=[O:7])[CH2:10][CH2:6][CH2:8][CH2:9]1)(\[c:3]1[cH:12][cH:13][cH:14][cH:15][c:16]1[Cl:11])[OH:4],0.9,28,ethanol,301,0.8809999999999999,[C:1]([CH:2]1[C:5](=[O:7])[CH2:10][CH2:6][CH2:8][CH2:9]1)([c:3]1[cH:12][cH:13][cH:14][cH:15][c:16]1[Cl:11])=[O:4],[C:1](=[C:2]1\[C:5](=[O:7])[CH2:10][CH2:6][CH2:8][CH2:9]1)(\[c:3]1[cH:12][cH:13][cH:14][cH:15][c:16]1[Cl:11])[OH:4],1,1
489,[C:1]([CH:2]1[C:5](=[O:7])[CH2:10][CH2:6][CH2:8][CH2:9]1)([c:3]1[cH:12][cH:13][cH:14][c:15]([Cl:11])[cH:16]1)=[O:4]>>[C:1](=[C:2]1\[C:5](=[O:7])[CH2:10][CH2:6][CH2:8][CH2:9]1)(\[c:3]1[cH:12][cH:13][cH:14][c:15]([Cl:11])[cH:16]1)[OH:4],-1.13,28,ethanol,301,0.8809999999999999,[C:1]([CH:2]1[C:5](=[O:7])[CH2:10][CH2:6][CH2:8][CH2:9]1)([c:3]1[cH:12][cH:13][cH:14][c:15]([Cl:11])[cH:16]1)=[O:4],[C:1](=[C:2]1\[C:5](=[O:7])[CH2:10][CH2:6][CH2:8][CH2:9]1)(\[c:3]1[cH:12][cH:13][cH:14][c:15]([Cl:11])[cH:16]1)[OH:4],1,1
490,[C:1]([CH:2]1[C:5](=[O:7])[CH2:10][CH2:6][CH2:8][CH2:9]1)([c:3]1[cH:12][cH:13][c:14]([CH3:11])[cH:15][cH:16]1)=[O:4]>>[C:1](=[C:2]1\[C:5](=[O:7])[CH2:10][CH2:6][CH2:8][CH2:9]1)(\[c:3]1[cH:12][cH:13][c:14]([CH3:11])[cH:15][cH:16]1)[OH:4],-1.38,28,ethanol,301,0.8809999999999999,[C:1]([CH:2]1[C:5](=[O:7])[CH2:10][CH2:6][CH2:8][CH2:9]1)([c:3]1[cH:12][cH:13][c:14]([CH3:11])[cH:15][cH:16]1)=[O:4],[C:1](=[C:2]1\[C:5](=[O:7])[CH2:10][CH2:6][CH2:8][CH2:9]1)(\[c:3]1[cH:12][cH:13][c:14]([CH3:11])[cH:15][cH:16]1)[OH:4],1,1
491,[C:1]([CH:2]1[C:5](=[O:7])[CH2:10][CH2:6][CH2:8][CH2:9]1)([c:3]1[cH:12][cH:13][cH:14][cH:15][c:16]1[Br:11])=[O:4]>>[C:1](=[C:2]1\[C:5](=[O:7])[CH2:10][CH2:6][CH2:8][CH2:9]1)(\[c:3]1[cH:12][cH:13][cH:14][cH:15][c:16]1[Br:11])[OH:4],1.12,28,ethanol,301,0.8809999999999999,[C:1]([CH:2]1[C:5](=[O:7])[CH2:10][CH2:6][CH2:8][CH2:9]1)([c:3]1[cH:12][cH:13][cH:14][cH:15][c:16]1[Br:11])=[O:4],[C:1](=[C:2]1\[C:5](=[O:7])[CH2:10][CH2:6][CH2:8][CH2:9]1)(\[c:3]1[cH:12][cH:13][cH:14][cH:15][c:16]1[Br:11])[OH:4],1,1
492,[C:1]([CH:2]1[C:5](=[O:7])[CH2:10][CH2:6][CH2:8][CH2:9]1)([c:3]1[cH:13][cH:14][c:15]([O:11][CH3:12])[cH:16][cH:17]1)=[O:4]>>[C:1](=[C:2]1\[C:5](=[O:7])[CH2:10][CH2:6][CH2:8][CH2:9]1)(\[c:3]1[cH:13][cH:14][c:15]([O:11][CH3:12])[cH:16][cH:17]1)[OH:4],-1.57,28,ethanol,301,0.8809999999999999,[C:1]([CH:2]1[C:5](=[O:7])[CH2:10][CH2:6][CH2:8][CH2:9]1)([c:3]1[cH:13][cH:14][c:15]([O:11][CH3:12])[cH:16][cH:17]1)=[O:4],[C:1](=[C:2]1\[C:5](=[O:7])[CH2:10][CH2:6][CH2:8][CH2:9]1)(\[c:3]1[cH:13][cH:14][c:15]([O:11][CH3:12])[cH:16][cH:17]1)[OH:4],1,1
493,[cH:1]1[cH:2][cH:3][cH:4][c:5]2[c:6]1[C:7](=[O:10])[CH2:9][S:8]2>>[cH:1]1[cH:2][cH:3][cH:4][c:5]2[c:6]1[c:7]([OH:10])[cH:9][s:8]2,-0.74,20,ethanol,293,0.0202,[cH:1]1[cH:2][cH:3][cH:4][c:5]2[c:6]1[C:7](=[O:10])[CH2:9][S:8]2,[cH:1]1[cH:2][cH:3][cH:4][c:5]2[c:6]1[c:7]([OH:10])[cH:9][s:8]2,1,1
494,[C:1]([CH2:2][C:5]([CH3:6])=[O:7])([CH3:3])=[O:4]>>[C:1](/[CH:2]=[C:5](\[CH3:6])[OH:7])([CH3:3])=[O:4],0.325,25,"1,4-dioxane",298,0.0297,[C:1]([CH2:2][C:5]([CH3:6])=[O:7])([CH3:3])=[O:4],[C:1](/[CH:2]=[C:5](\[CH3:6])[OH:7])([CH3:3])=[O:4],1,1
495,[C:1]([CH2:2][C:5]([CH3:6])=[O:7])([CH3:3])=[O:4]>>[C:1](/[CH:2]=[C:5](\[CH3:6])[OH:7])([CH3:3])=[O:4],0.165,25,"1,4-dioxane",298,0.0545,[C:1]([CH2:2][C:5]([CH3:6])=[O:7])([CH3:3])=[O:4],[C:1](/[CH:2]=[C:5](\[CH3:6])[OH:7])([CH3:3])=[O:4],1,1
496,[C:1]([CH2:2][C:5]([CH3:6])=[O:7])([CH3:3])=[O:4]>>[C:1](/[CH:2]=[C:5](\[CH3:6])[OH:7])([CH3:3])=[O:4],0.06,25,"1,4-dioxane",298,0.0915,[C:1]([CH2:2][C:5]([CH3:6])=[O:7])([CH3:3])=[O:4],[C:1](/[CH:2]=[C:5](\[CH3:6])[OH:7])([CH3:3])=[O:4],1,1
497,[C:1]([CH2:2][C:5]([CH3:6])=[O:7])([CH3:3])=[O:4]>>[C:1](/[CH:2]=[C:5](\[CH3:6])[OH:7])([CH3:3])=[O:4],-0.1,25,"1,4-dioxane",298,0.129,[C:1]([CH2:2][C:5]([CH3:6])=[O:7])([CH3:3])=[O:4],[C:1](/[CH:2]=[C:5](\[CH3:6])[OH:7])([CH3:3])=[O:4],1,1
498,[C:1]([CH2:2][C:5]([CH3:6])=[O:7])([CH3:3])=[O:4]>>[C:1](/[CH:2]=[C:5](\[CH3:6])[OH:7])([CH3:3])=[O:4],-0.215,25,"1,4-dioxane",298,0.181,[C:1]([CH2:2][C:5]([CH3:6])=[O:7])([CH3:3])=[O:4],[C:1](/[CH:2]=[C:5](\[CH3:6])[OH:7])([CH3:3])=[O:4],1,1
499,[C:1]([CH2:2][C:5]([CH3:6])=[O:7])([CH3:3])=[O:4]>>[C:1](/[CH:2]=[C:5](\[CH3:6])[OH:7])([CH3:3])=[O:4],-0.32,25,"1,4-dioxane",298,0.242,[C:1]([CH2:2][C:5]([CH3:6])=[O:7])([CH3:3])=[O:4],[C:1](/[CH:2]=[C:5](\[CH3:6])[OH:7])([CH3:3])=[O:4],1,1
500,[C:1]([CH2:2][C:5]([CH3:6])=[O:7])([CH3:3])=[O:4]>>[C:1](/[CH:2]=[C:5](\[CH3:6])[OH:7])([CH3:3])=[O:4],-0.495,25,"1,4-dioxane",298,0.3339999999999999,[C:1]([CH2:2][C:5]([CH3:6])=[O:7])([CH3:3])=[O:4],[C:1](/[CH:2]=[C:5](\[CH3:6])[OH:7])([CH3:3])=[O:4],1,1
501,[C:1]([CH2:2][C:5]([CH3:6])=[O:7])([CH3:3])=[O:4]>>[C:1](/[CH:2]=[C:5](\[CH3:6])[OH:7])([CH3:3])=[O:4],-0.565,25,"1,4-dioxane",298,0.45,[C:1]([CH2:2][C:5]([CH3:6])=[O:7])([CH3:3])=[O:4],[C:1](/[CH:2]=[C:5](\[CH3:6])[OH:7])([CH3:3])=[O:4],1,1
502,[C:1]([CH2:2][C:5]([CH3:6])=[O:7])([CH3:3])=[O:4]>>[C:1](/[CH:2]=[C:5](\[CH3:6])[OH:7])([CH3:3])=[O:4],-0.665,25,"1,4-dioxane",298,0.648,[C:1]([CH2:2][C:5]([CH3:6])=[O:7])([CH3:3])=[O:4],[C:1](/[CH:2]=[C:5](\[CH3:6])[OH:7])([CH3:3])=[O:4],1,1
503,[C:1]([CH2:2][C:5](=[O:6])[NH:7][c:8]1[cH:11][cH:10][cH:9][cH:13][c:12]1[CH3:14])([CH3:3])=[O:4]>>[C:1](=[CH:2]\[C:5](=[O:6])[NH:7][c:8]1[cH:11][cH:10][cH:9][cH:13][c:12]1[CH3:14])(\[CH3:3])[OH:4],-0.4,30,"1,4-dioxane",303,0.124,[C:1]([CH2:2][C:5](=[O:6])[NH:7][c:8]1[cH:11][cH:10][cH:9][cH:13][c:12]1[CH3:14])([CH3:3])=[O:4],[C:1](=[CH:2]\[C:5](=[O:6])[NH:7][c:8]1[cH:11][cH:10][cH:9][cH:13][c:12]1[CH3:14])(\[CH3:3])[OH:4],1,1
504,[C:1]([CH2:2][C:5](=[O:6])[NH:7][c:8]1[cH:11][cH:10][cH:9][cH:13][c:12]1[CH3:14])([CH3:3])=[O:4]>>[C:1](=[CH:2]\[C:5](=[O:6])[NH:7][c:8]1[cH:11][cH:10][cH:9][cH:13][c:12]1[CH3:14])(\[CH3:3])[OH:4],-0.36,30,"1,4-dioxane",303,0.241,[C:1]([CH2:2][C:5](=[O:6])[NH:7][c:8]1[cH:11][cH:10][cH:9][cH:13][c:12]1[CH3:14])([CH3:3])=[O:4],[C:1](=[CH:2]\[C:5](=[O:6])[NH:7][c:8]1[cH:11][cH:10][cH:9][cH:13][c:12]1[CH3:14])(\[CH3:3])[OH:4],1,1
505,[C:1]([CH2:2][C:5](=[O:6])[NH:7][c:8]1[cH:11][cH:10][cH:9][cH:13][c:12]1[CH3:14])([CH3:3])=[O:4]>>[C:1](=[CH:2]\[C:5](=[O:6])[NH:7][c:8]1[cH:11][cH:10][cH:9][cH:13][c:12]1[CH3:14])(\[CH3:3])[OH:4],-0.1,30,"1,4-dioxane",303,0.4579999999999999,[C:1]([CH2:2][C:5](=[O:6])[NH:7][c:8]1[cH:11][cH:10][cH:9][cH:13][c:12]1[CH3:14])([CH3:3])=[O:4],[C:1](=[CH:2]\[C:5](=[O:6])[NH:7][c:8]1[cH:11][cH:10][cH:9][cH:13][c:12]1[CH3:14])(\[CH3:3])[OH:4],1,1
506,[C:1]([CH2:2][C:5](=[O:6])[NH:7][c:8]1[cH:11][cH:10][cH:9][cH:13][c:12]1[Cl:14])([CH3:3])=[O:4]>>[C:1](=[CH:2]\[C:5](=[O:6])[NH:7][c:8]1[cH:11][cH:10][cH:9][cH:13][c:12]1[Cl:14])(\[CH3:3])[OH:4],-0.38,30,"1,4-dioxane",303,0.124,[C:1]([CH2:2][C:5](=[O:6])[NH:7][c:8]1[cH:11][cH:10][cH:9][cH:13][c:12]1[Cl:14])([CH3:3])=[O:4],[C:1](=[CH:2]\[C:5](=[O:6])[NH:7][c:8]1[cH:11][cH:10][cH:9][cH:13][c:12]1[Cl:14])(\[CH3:3])[OH:4],1,1
507,[C:1]([CH2:2][C:5](=[O:6])[NH:7][c:8]1[cH:11][cH:10][cH:9][cH:13][c:12]1[Cl:14])([CH3:3])=[O:4]>>[C:1](=[CH:2]\[C:5](=[O:6])[NH:7][c:8]1[cH:11][cH:10][cH:9][cH:13][c:12]1[Cl:14])(\[CH3:3])[OH:4],-0.16,25,"1,4-dioxane",298,0.241,[C:1]([CH2:2][C:5](=[O:6])[NH:7][c:8]1[cH:11][cH:10][cH:9][cH:13][c:12]1[Cl:14])([CH3:3])=[O:4],[C:1](=[CH:2]\[C:5](=[O:6])[NH:7][c:8]1[cH:11][cH:10][cH:9][cH:13][c:12]1[Cl:14])(\[CH3:3])[OH:4],1,1
508,[C:1]([CH2:2][C:5](=[O:6])[NH:7][c:8]1[cH:11][cH:10][cH:9][cH:13][c:12]1[Cl:14])([CH3:3])=[O:4]>>[C:1](=[CH:2]\[C:5](=[O:6])[NH:7][c:8]1[cH:11][cH:10][cH:9][cH:13][c:12]1[Cl:14])(\[CH3:3])[OH:4],0.07,30,"1,4-dioxane",303,0.4579999999999999,[C:1]([CH2:2][C:5](=[O:6])[NH:7][c:8]1[cH:11][cH:10][cH:9][cH:13][c:12]1[Cl:14])([CH3:3])=[O:4],[C:1](=[CH:2]\[C:5](=[O:6])[NH:7][c:8]1[cH:11][cH:10][cH:9][cH:13][c:12]1[Cl:14])(\[CH3:3])[OH:4],1,1
509,[C:1]([CH2:2][C:5](=[O:6])[NH:7][c:8]1[cH:11][cH:10][cH:9][cH:13][c:12]1[O:14][CH3:15])([CH3:3])=[O:4]>>[C:1](=[CH:2]\[C:5](=[O:6])[NH:7][c:8]1[cH:11][cH:10][cH:9][cH:13][c:12]1[O:14][CH3:15])(\[CH3:3])[OH:4],-0.36,30,"1,4-dioxane",303,0.124,[C:1]([CH2:2][C:5](=[O:6])[NH:7][c:8]1[cH:11][cH:10][cH:9][cH:13][c:12]1[O:14][CH3:15])([CH3:3])=[O:4],[C:1](=[CH:2]\[C:5](=[O:6])[NH:7][c:8]1[cH:11][cH:10][cH:9][cH:13][c:12]1[O:14][CH3:15])(\[CH3:3])[OH:4],1,1
510,[C:1]([CH2:2][C:5](=[O:6])[NH:7][c:8]1[cH:11][cH:10][cH:9][cH:13][c:12]1[O:14][CH3:15])([CH3:3])=[O:4]>>[C:1](=[CH:2]\[C:5](=[O:6])[NH:7][c:8]1[cH:11][cH:10][cH:9][cH:13][c:12]1[O:14][CH3:15])(\[CH3:3])[OH:4],-0.19,30,"1,4-dioxane",303,0.241,[C:1]([CH2:2][C:5](=[O:6])[NH:7][c:8]1[cH:11][cH:10][cH:9][cH:13][c:12]1[O:14][CH3:15])([CH3:3])=[O:4],[C:1](=[CH:2]\[C:5](=[O:6])[NH:7][c:8]1[cH:11][cH:10][cH:9][cH:13][c:12]1[O:14][CH3:15])(\[CH3:3])[OH:4],1,1
511,[C:1]([CH2:2][C:5](=[O:6])[NH:7][c:8]1[cH:11][cH:10][cH:9][cH:13][c:12]1[O:14][CH3:15])([CH3:3])=[O:4]>>[C:1](=[CH:2]\[C:5](=[O:6])[NH:7][c:8]1[cH:11][cH:10][cH:9][cH:13][c:12]1[O:14][CH3:15])(\[CH3:3])[OH:4],0.14,30,"1,4-dioxane",303,0.4579999999999999,[C:1]([CH2:2][C:5](=[O:6])[NH:7][c:8]1[cH:11][cH:10][cH:9][cH:13][c:12]1[O:14][CH3:15])([CH3:3])=[O:4],[C:1](=[CH:2]\[C:5](=[O:6])[NH:7][c:8]1[cH:11][cH:10][cH:9][cH:13][c:12]1[O:14][CH3:15])(\[CH3:3])[OH:4],1,1
512,[C:1]([CH2:2][C:5](=[O:6])[NH:7][c:8]1[cH:11][cH:10][c:9]([O:16][CH3:17])[cH:13][c:12]1[O:14][CH3:15])([CH3:3])=[O:4]>>[C:1](=[CH:2]\[C:5](=[O:6])[NH:7][c:8]1[cH:11][cH:10][c:9]([O:16][CH3:17])[cH:13][c:12]1[O:14][CH3:15])(\[CH3:3])[OH:4],-0.45,30,"1,4-dioxane",303,0.124,[C:1]([CH2:2][C:5](=[O:6])[NH:7][c:8]1[cH:11][cH:10][c:9]([O:16][CH3:17])[cH:13][c:12]1[O:14][CH3:15])([CH3:3])=[O:4],[C:1](=[CH:2]\[C:5](=[O:6])[NH:7][c:8]1[cH:11][cH:10][c:9]([O:16][CH3:17])[cH:13][c:12]1[O:14][CH3:15])(\[CH3:3])[OH:4],1,1
513,[C:1]([CH2:2][C:5](=[O:6])[NH:7][c:8]1[cH:11][cH:10][c:9]([O:16][CH3:17])[cH:13][c:12]1[O:14][CH3:15])([CH3:3])=[O:4]>>[C:1](=[CH:2]\[C:5](=[O:6])[NH:7][c:8]1[cH:11][cH:10][c:9]([O:16][CH3:17])[cH:13][c:12]1[O:14][CH3:15])(\[CH3:3])[OH:4],-0.36,30,"1,4-dioxane",303,0.241,[C:1]([CH2:2][C:5](=[O:6])[NH:7][c:8]1[cH:11][cH:10][c:9]([O:16][CH3:17])[cH:13][c:12]1[O:14][CH3:15])([CH3:3])=[O:4],[C:1](=[CH:2]\[C:5](=[O:6])[NH:7][c:8]1[cH:11][cH:10][c:9]([O:16][CH3:17])[cH:13][c:12]1[O:14][CH3:15])(\[CH3:3])[OH:4],1,1
514,[C:1]([CH2:2][C:5](=[O:6])[NH:7][c:8]1[cH:11][cH:10][c:9]([O:16][CH3:17])[cH:13][c:12]1[O:14][CH3:15])([CH3:3])=[O:4]>>[C:1](=[CH:2]\[C:5](=[O:6])[NH:7][c:8]1[cH:11][cH:10][c:9]([O:16][CH3:17])[cH:13][c:12]1[O:14][CH3:15])(\[CH3:3])[OH:4],0.03,30,"1,4-dioxane",303,0.4579999999999999,[C:1]([CH2:2][C:5](=[O:6])[NH:7][c:8]1[cH:11][cH:10][c:9]([O:16][CH3:17])[cH:13][c:12]1[O:14][CH3:15])([CH3:3])=[O:4],[C:1](=[CH:2]\[C:5](=[O:6])[NH:7][c:8]1[cH:11][cH:10][c:9]([O:16][CH3:17])[cH:13][c:12]1[O:14][CH3:15])(\[CH3:3])[OH:4],1,1
515,[C:1]([CH2:2][C:5](=[O:7])[NH:8][c:9]1[cH:12][cH:11][cH:10][c:14]([N+:19](=[O:20])[O-:21])[cH:13]1)([c:3]1[cH:17][cH:16][cH:15][cH:6][cH:18]1)=[O:4]>>[C:1](=[CH:2]\[C:5](=[O:7])[NH:8][c:9]1[cH:12][cH:11][cH:10][c:14]([N+:19](=[O:20])[O-:21])[cH:13]1)(\[c:3]1[cH:17][cH:16][cH:15][cH:6][cH:18]1)[OH:4],-0.17,30,"1,4-dioxane",303,0.241,[C:1]([CH2:2][C:5](=[O:7])[NH:8][c:9]1[cH:12][cH:11][cH:10][c:14]([N+:19](=[O:20])[O-:21])[cH:13]1)([c:3]1[cH:17][cH:16][cH:15][cH:6][cH:18]1)=[O:4],[C:1](=[CH:2]\[C:5](=[O:7])[NH:8][c:9]1[cH:12][cH:11][cH:10][c:14]([N+:19](=[O:20])[O-:21])[cH:13]1)(\[c:3]1[cH:17][cH:16][cH:15][cH:6][cH:18]1)[OH:4],1,1
516,[C:1]([CH2:2][C:5](=[O:7])[NH:8][c:9]1[cH:12][cH:11][cH:10][c:14]([N+:19](=[O:20])[O-:21])[cH:13]1)([c:3]1[cH:17][cH:16][cH:15][cH:6][cH:18]1)=[O:4]>>[C:1](=[CH:2]\[C:5](=[O:7])[NH:8][c:9]1[cH:12][cH:11][cH:10][c:14]([N+:19](=[O:20])[O-:21])[cH:13]1)(\[c:3]1[cH:17][cH:16][cH:15][cH:6][cH:18]1)[OH:4],0.2,30,"1,4-dioxane",303,0.4579999999999999,[C:1]([CH2:2][C:5](=[O:7])[NH:8][c:9]1[cH:12][cH:11][cH:10][c:14]([N+:19](=[O:20])[O-:21])[cH:13]1)([c:3]1[cH:17][cH:16][cH:15][cH:6][cH:18]1)=[O:4],[C:1](=[CH:2]\[C:5](=[O:7])[NH:8][c:9]1[cH:12][cH:11][cH:10][c:14]([N+:19](=[O:20])[O-:21])[cH:13]1)(\[c:3]1[cH:17][cH:16][cH:15][cH:6][cH:18]1)[OH:4],1,1
517,[C:1]([CH2:2][C:10]([OH:11])=[O:12])(=[O:3])[c:9]1[cH:4][cH:8][cH:7][cH:6][cH:5]1>>[C:1](=[CH:2]\[C:10]([OH:11])=[O:12])(\[OH:3])[c:9]1[cH:4][cH:8][cH:7][cH:6][cH:5]1,-0.24,-40,propan-2-one,233,1.0,[C:1]([CH2:2][C:10]([OH:11])=[O:12])(=[O:3])[c:9]1[cH:4][cH:8][cH:7][cH:6][cH:5]1,[C:1](=[CH:2]\[C:10]([OH:11])=[O:12])(\[OH:3])[c:9]1[cH:4][cH:8][cH:7][cH:6][cH:5]1,1,1
518,[C:1]([CH2:2][C:10]([OH:11])=[O:12])(=[O:3])[c:9]1[cH:4][cH:8][cH:7][cH:6][cH:5]1>>[C:1](=[CH:2]\[C:10]([OH:11])=[O:12])(\[OH:3])[c:9]1[cH:4][cH:8][cH:7][cH:6][cH:5]1,-0.28,-20,propan-2-one,253,1.0,[C:1]([CH2:2][C:10]([OH:11])=[O:12])(=[O:3])[c:9]1[cH:4][cH:8][cH:7][cH:6][cH:5]1,[C:1](=[CH:2]\[C:10]([OH:11])=[O:12])(\[OH:3])[c:9]1[cH:4][cH:8][cH:7][cH:6][cH:5]1,1,1
519,[C:1]([CH2:2][C:10]([OH:11])=[O:12])(=[O:3])[c:9]1[cH:4][cH:8][cH:7][cH:6][cH:5]1>>[C:1](=[CH:2]\[C:10]([OH:11])=[O:12])(\[OH:3])[c:9]1[cH:4][cH:8][cH:7][cH:6][cH:5]1,-0.37,20,propan-2-one,293,1.0,[C:1]([CH2:2][C:10]([OH:11])=[O:12])(=[O:3])[c:9]1[cH:4][cH:8][cH:7][cH:6][cH:5]1,[C:1](=[CH:2]\[C:10]([OH:11])=[O:12])(\[OH:3])[c:9]1[cH:4][cH:8][cH:7][cH:6][cH:5]1,1,1
520,[C:1]([CH2:2][C:10]([OH:11])=[O:12])(=[O:3])[c:9]1[cH:4][cH:8][cH:7][cH:6][cH:5]1>>[C:1](=[CH:2]\[C:10]([OH:11])=[O:12])(\[OH:3])[c:9]1[cH:4][cH:8][cH:7][cH:6][cH:5]1,-0.39,33,propan-2-one,306,1.0,[C:1]([CH2:2][C:10]([OH:11])=[O:12])(=[O:3])[c:9]1[cH:4][cH:8][cH:7][cH:6][cH:5]1,[C:1](=[CH:2]\[C:10]([OH:11])=[O:12])(\[OH:3])[c:9]1[cH:4][cH:8][cH:7][cH:6][cH:5]1,1,1
521,[C:1]([CH2:2][C:10]([OH:11])=[O:12])(=[O:3])[c:9]1[cH:4][cH:8][cH:7][cH:6][cH:5]1>>[C:1](=[CH:2]\[C:10]([OH:11])=[O:12])(\[OH:3])[c:9]1[cH:4][cH:8][cH:7][cH:6][cH:5]1,-0.42,50,propan-2-one,323,1.0,[C:1]([CH2:2][C:10]([OH:11])=[O:12])(=[O:3])[c:9]1[cH:4][cH:8][cH:7][cH:6][cH:5]1,[C:1](=[CH:2]\[C:10]([OH:11])=[O:12])(\[OH:3])[c:9]1[cH:4][cH:8][cH:7][cH:6][cH:5]1,1,1
522,[C:1]([CH2:2][C:10]([OH:11])=[O:12])(=[O:3])[c:9]1[cH:4][cH:8][c:7]([CH3:13])[cH:6][cH:5]1>>[C:1](=[CH:2]\[C:10]([OH:11])=[O:12])(\[OH:3])[c:9]1[cH:4][cH:8][c:7]([CH3:13])[cH:6][cH:5]1,-0.41,-40,propan-2-one,233,1.0,[C:1]([CH2:2][C:10]([OH:11])=[O:12])(=[O:3])[c:9]1[cH:4][cH:8][c:7]([CH3:13])[cH:6][cH:5]1,[C:1](=[CH:2]\[C:10]([OH:11])=[O:12])(\[OH:3])[c:9]1[cH:4][cH:8][c:7]([CH3:13])[cH:6][cH:5]1,1,1
523,[C:1]([CH2:2][C:10]([OH:11])=[O:12])(=[O:3])[c:9]1[cH:4][cH:8][c:7]([CH3:13])[cH:6][cH:5]1>>[C:1](=[CH:2]\[C:10]([OH:11])=[O:12])(\[OH:3])[c:9]1[cH:4][cH:8][c:7]([CH3:13])[cH:6][cH:5]1,-0.43,-20,propan-2-one,253,1.0,[C:1]([CH2:2][C:10]([OH:11])=[O:12])(=[O:3])[c:9]1[cH:4][cH:8][c:7]([CH3:13])[cH:6][cH:5]1,[C:1](=[CH:2]\[C:10]([OH:11])=[O:12])(\[OH:3])[c:9]1[cH:4][cH:8][c:7]([CH3:13])[cH:6][cH:5]1,1,1
524,[C:1]([CH2:2][C:10]([OH:11])=[O:12])(=[O:3])[c:9]1[cH:4][cH:8][c:7]([CH3:13])[cH:6][cH:5]1>>[C:1](=[CH:2]\[C:10]([OH:11])=[O:12])(\[OH:3])[c:9]1[cH:4][cH:8][c:7]([CH3:13])[cH:6][cH:5]1,-0.45,0,propan-2-one,273,1.0,[C:1]([CH2:2][C:10]([OH:11])=[O:12])(=[O:3])[c:9]1[cH:4][cH:8][c:7]([CH3:13])[cH:6][cH:5]1,[C:1](=[CH:2]\[C:10]([OH:11])=[O:12])(\[OH:3])[c:9]1[cH:4][cH:8][c:7]([CH3:13])[cH:6][cH:5]1,1,1
525,[C:1]([CH2:2][C:10]([OH:11])=[O:12])(=[O:3])[c:9]1[cH:4][cH:8][c:7]([CH3:13])[cH:6][cH:5]1>>[C:1](=[CH:2]\[C:10]([OH:11])=[O:12])(\[OH:3])[c:9]1[cH:4][cH:8][c:7]([CH3:13])[cH:6][cH:5]1,-0.49,33,propan-2-one,306,1.0,[C:1]([CH2:2][C:10]([OH:11])=[O:12])(=[O:3])[c:9]1[cH:4][cH:8][c:7]([CH3:13])[cH:6][cH:5]1,[C:1](=[CH:2]\[C:10]([OH:11])=[O:12])(\[OH:3])[c:9]1[cH:4][cH:8][c:7]([CH3:13])[cH:6][cH:5]1,1,1
526,[C:1]([CH2:2][C:10]([OH:11])=[O:12])(=[O:3])[c:9]1[cH:4][cH:8][c:7]([CH3:13])[cH:6][cH:5]1>>[C:1](=[CH:2]\[C:10]([OH:11])=[O:12])(\[OH:3])[c:9]1[cH:4][cH:8][c:7]([CH3:13])[cH:6][cH:5]1,-0.54,50,propan-2-one,323,1.0,[C:1]([CH2:2][C:10]([OH:11])=[O:12])(=[O:3])[c:9]1[cH:4][cH:8][c:7]([CH3:13])[cH:6][cH:5]1,[C:1](=[CH:2]\[C:10]([OH:11])=[O:12])(\[OH:3])[c:9]1[cH:4][cH:8][c:7]([CH3:13])[cH:6][cH:5]1,1,1
527,[C:1]([CH2:2][C:10]([OH:11])=[O:12])(=[O:3])[c:9]1[cH:4][cH:8][c:7]([Cl:13])[cH:6][cH:5]1>>[C:1](=[CH:2]\[C:10]([OH:11])=[O:12])(\[OH:3])[c:9]1[cH:4][cH:8][c:7]([Cl:13])[cH:6][cH:5]1,-0.24,-20,propan-2-one,253,1.0,[C:1]([CH2:2][C:10]([OH:11])=[O:12])(=[O:3])[c:9]1[cH:4][cH:8][c:7]([Cl:13])[cH:6][cH:5]1,[C:1](=[CH:2]\[C:10]([OH:11])=[O:12])(\[OH:3])[c:9]1[cH:4][cH:8][c:7]([Cl:13])[cH:6][cH:5]1,1,1
528,[C:1]([CH2:2][C:10]([OH:11])=[O:12])(=[O:3])[c:9]1[cH:4][cH:8][c:7]([Cl:13])[cH:6][cH:5]1>>[C:1](=[CH:2]\[C:10]([OH:11])=[O:12])(\[OH:3])[c:9]1[cH:4][cH:8][c:7]([Cl:13])[cH:6][cH:5]1,-0.25,0,propan-2-one,273,1.0,[C:1]([CH2:2][C:10]([OH:11])=[O:12])(=[O:3])[c:9]1[cH:4][cH:8][c:7]([Cl:13])[cH:6][cH:5]1,[C:1](=[CH:2]\[C:10]([OH:11])=[O:12])(\[OH:3])[c:9]1[cH:4][cH:8][c:7]([Cl:13])[cH:6][cH:5]1,1,1
529,[C:1]([CH2:2][C:10]([OH:11])=[O:12])(=[O:3])[c:9]1[cH:4][cH:8][c:7]([Cl:13])[cH:6][cH:5]1>>[C:1](=[CH:2]\[C:10]([OH:11])=[O:12])(\[OH:3])[c:9]1[cH:4][cH:8][c:7]([Cl:13])[cH:6][cH:5]1,-0.28,20,propan-2-one,293,1.0,[C:1]([CH2:2][C:10]([OH:11])=[O:12])(=[O:3])[c:9]1[cH:4][cH:8][c:7]([Cl:13])[cH:6][cH:5]1,[C:1](=[CH:2]\[C:10]([OH:11])=[O:12])(\[OH:3])[c:9]1[cH:4][cH:8][c:7]([Cl:13])[cH:6][cH:5]1,1,1
530,[C:1]([CH2:2][C:10]([OH:11])=[O:12])(=[O:3])[c:9]1[cH:4][cH:8][c:7]([Cl:13])[cH:6][cH:5]1>>[C:1](=[CH:2]\[C:10]([OH:11])=[O:12])(\[OH:3])[c:9]1[cH:4][cH:8][c:7]([Cl:13])[cH:6][cH:5]1,-0.36,50,propan-2-one,323,1.0,[C:1]([CH2:2][C:10]([OH:11])=[O:12])(=[O:3])[c:9]1[cH:4][cH:8][c:7]([Cl:13])[cH:6][cH:5]1,[C:1](=[CH:2]\[C:10]([OH:11])=[O:12])(\[OH:3])[c:9]1[cH:4][cH:8][c:7]([Cl:13])[cH:6][cH:5]1,1,1
531,[C:1]([CH2:2][C:10]([OH:11])=[O:12])(=[O:3])[c:9]1[cH:4][cH:8][c:7]([O:13][CH3:14])[cH:6][cH:5]1>>[C:1](=[CH:2]\[C:10]([OH:11])=[O:12])(\[OH:3])[c:9]1[cH:4][cH:8][c:7]([O:13][CH3:14])[cH:6][cH:5]1,-0.64,-40,propan-2-one,233,1.0,[C:1]([CH2:2][C:10]([OH:11])=[O:12])(=[O:3])[c:9]1[cH:4][cH:8][c:7]([O:13][CH3:14])[cH:6][cH:5]1,[C:1](=[CH:2]\[C:10]([OH:11])=[O:12])(\[OH:3])[c:9]1[cH:4][cH:8][c:7]([O:13][CH3:14])[cH:6][cH:5]1,1,1
532,[C:1]([CH2:2][C:10]([OH:11])=[O:12])(=[O:3])[c:9]1[cH:4][cH:8][c:7]([O:13][CH3:14])[cH:6][cH:5]1>>[C:1](=[CH:2]\[C:10]([OH:11])=[O:12])(\[OH:3])[c:9]1[cH:4][cH:8][c:7]([O:13][CH3:14])[cH:6][cH:5]1,-0.68,-20,propan-2-one,253,1.0,[C:1]([CH2:2][C:10]([OH:11])=[O:12])(=[O:3])[c:9]1[cH:4][cH:8][c:7]([O:13][CH3:14])[cH:6][cH:5]1,[C:1](=[CH:2]\[C:10]([OH:11])=[O:12])(\[OH:3])[c:9]1[cH:4][cH:8][c:7]([O:13][CH3:14])[cH:6][cH:5]1,1,1
533,[C:1]([CH2:2][C:10]([OH:11])=[O:12])(=[O:3])[c:9]1[cH:4][cH:8][c:7]([O:13][CH3:14])[cH:6][cH:5]1>>[C:1](=[CH:2]\[C:10]([OH:11])=[O:12])(\[OH:3])[c:9]1[cH:4][cH:8][c:7]([O:13][CH3:14])[cH:6][cH:5]1,-0.72,10,propan-2-one,283,1.0,[C:1]([CH2:2][C:10]([OH:11])=[O:12])(=[O:3])[c:9]1[cH:4][cH:8][c:7]([O:13][CH3:14])[cH:6][cH:5]1,[C:1](=[CH:2]\[C:10]([OH:11])=[O:12])(\[OH:3])[c:9]1[cH:4][cH:8][c:7]([O:13][CH3:14])[cH:6][cH:5]1,1,1
534,[C:1]([CH2:2][C:10]([OH:11])=[O:12])(=[O:3])[c:9]1[cH:4][cH:8][c:7]([O:13][CH3:14])[cH:6][cH:5]1>>[C:1](=[CH:2]\[C:10]([OH:11])=[O:12])(\[OH:3])[c:9]1[cH:4][cH:8][c:7]([O:13][CH3:14])[cH:6][cH:5]1,-0.74,50,propan-2-one,323,1.0,[C:1]([CH2:2][C:10]([OH:11])=[O:12])(=[O:3])[c:9]1[cH:4][cH:8][c:7]([O:13][CH3:14])[cH:6][cH:5]1,[C:1](=[CH:2]\[C:10]([OH:11])=[O:12])(\[OH:3])[c:9]1[cH:4][cH:8][c:7]([O:13][CH3:14])[cH:6][cH:5]1,1,1
535,[C:1]([CH2:2][C:10]([OH:11])=[O:12])(=[O:3])[c:9]1[cH:4][cH:8][c:7]([N+:13](=[O:14])[O-:15])[cH:6][cH:5]1>>[C:1](=[CH:2]\[C:10]([OH:11])=[O:12])(\[OH:3])[c:9]1[cH:4][cH:8][c:7]([N+:13](=[O:14])[O-:15])[cH:6][cH:5]1,0.38,-20,propan-2-one,253,1.0,[C:1]([CH2:2][C:10]([OH:11])=[O:12])(=[O:3])[c:9]1[cH:4][cH:8][c:7]([N+:13](=[O:14])[O-:15])[cH:6][cH:5]1,[C:1](=[CH:2]\[C:10]([OH:11])=[O:12])(\[OH:3])[c:9]1[cH:4][cH:8][c:7]([N+:13](=[O:14])[O-:15])[cH:6][cH:5]1,1,1
536,[C:1]([CH2:2][C:10]([OH:11])=[O:12])(=[O:3])[c:9]1[cH:4][cH:8][c:7]([N+:13](=[O:14])[O-:15])[cH:6][cH:5]1>>[C:1](=[CH:2]\[C:10]([OH:11])=[O:12])(\[OH:3])[c:9]1[cH:4][cH:8][c:7]([N+:13](=[O:14])[O-:15])[cH:6][cH:5]1,0.28,0,propan-2-one,273,1.0,[C:1]([CH2:2][C:10]([OH:11])=[O:12])(=[O:3])[c:9]1[cH:4][cH:8][c:7]([N+:13](=[O:14])[O-:15])[cH:6][cH:5]1,[C:1](=[CH:2]\[C:10]([OH:11])=[O:12])(\[OH:3])[c:9]1[cH:4][cH:8][c:7]([N+:13](=[O:14])[O-:15])[cH:6][cH:5]1,1,1
537,[C:1]([CH2:2][C:10]([OH:11])=[O:12])(=[O:3])[c:9]1[cH:4][cH:8][c:7]([N+:13](=[O:14])[O-:15])[cH:6][cH:5]1>>[C:1](=[CH:2]\[C:10]([OH:11])=[O:12])(\[OH:3])[c:9]1[cH:4][cH:8][c:7]([N+:13](=[O:14])[O-:15])[cH:6][cH:5]1,0.16,20,propan-2-one,293,1.0,[C:1]([CH2:2][C:10]([OH:11])=[O:12])(=[O:3])[c:9]1[cH:4][cH:8][c:7]([N+:13](=[O:14])[O-:15])[cH:6][cH:5]1,[C:1](=[CH:2]\[C:10]([OH:11])=[O:12])(\[OH:3])[c:9]1[cH:4][cH:8][c:7]([N+:13](=[O:14])[O-:15])[cH:6][cH:5]1,1,1
538,[C:1]([CH2:2][C:10]([OH:11])=[O:12])(=[O:3])[c:9]1[cH:4][cH:8][c:7]([N+:13](=[O:14])[O-:15])[cH:6][cH:5]1>>[C:1](=[CH:2]\[C:10]([OH:11])=[O:12])(\[OH:3])[c:9]1[cH:4][cH:8][c:7]([N+:13](=[O:14])[O-:15])[cH:6][cH:5]1,0.12,33,propan-2-one,306,1.0,[C:1]([CH2:2][C:10]([OH:11])=[O:12])(=[O:3])[c:9]1[cH:4][cH:8][c:7]([N+:13](=[O:14])[O-:15])[cH:6][cH:5]1,[C:1](=[CH:2]\[C:10]([OH:11])=[O:12])(\[OH:3])[c:9]1[cH:4][cH:8][c:7]([N+:13](=[O:14])[O-:15])[cH:6][cH:5]1,1,1
539,[CH:1]([CH:2]([c:4]1[cH:8][cH:7][cH:6][cH:10][cH:9]1)[CH3:5])=[O:3]>>[CH:1](=[C:2](/[c:4]1[cH:8][cH:7][cH:6][cH:10][cH:9]1)[CH3:5])\[OH:3],-1.02,60,methanesulfinylmethane,333,1.0,[CH:1]([CH:2]([c:4]1[cH:8][cH:7][cH:6][cH:10][cH:9]1)[CH3:5])=[O:3],[CH:1](=[C:2](/[c:4]1[cH:8][cH:7][cH:6][cH:10][cH:9]1)[CH3:5])\[OH:3],1,1
540,[CH:1]([CH:2]([c:4]1[cH:8][c:7]([CH3:11])[cH:6][cH:10][cH:9]1)[CH3:5])=[O:3]>>[CH:1](=[C:2](/[c:4]1[cH:8][c:7]([CH3:11])[cH:6][cH:10][cH:9]1)[CH3:5])\[OH:3],-1.01,60,methanesulfinylmethane,333,1.0,[CH:1]([CH:2]([c:4]1[cH:8][c:7]([CH3:11])[cH:6][cH:10][cH:9]1)[CH3:5])=[O:3],[CH:1](=[C:2](/[c:4]1[cH:8][c:7]([CH3:11])[cH:6][cH:10][cH:9]1)[CH3:5])\[OH:3],1,1
541,[CH:1]([CH:2]([c:4]1[cH:8][cH:7][c:6]([CH3:11])[cH:10][cH:9]1)[CH3:5])=[O:3]>>[CH:1](=[C:2](/[c:4]1[cH:8][cH:7][c:6]([CH3:11])[cH:10][cH:9]1)[CH3:5])\[OH:3],-1.09,60,methanesulfinylmethane,333,1.0,[CH:1]([CH:2]([c:4]1[cH:8][cH:7][c:6]([CH3:11])[cH:10][cH:9]1)[CH3:5])=[O:3],[CH:1](=[C:2](/[c:4]1[cH:8][cH:7][c:6]([CH3:11])[cH:10][cH:9]1)[CH3:5])\[OH:3],1,1
542,[CH:1]([CH:2]([c:4]1[cH:8][cH:7][c:6]([F:11])[cH:10][cH:9]1)[CH3:5])=[O:3]>>[CH:1](=[C:2](/[c:4]1[cH:8][cH:7][c:6]([F:11])[cH:10][cH:9]1)[CH3:5])\[OH:3],-1.09,60,methanesulfinylmethane,333,1.0,[CH:1]([CH:2]([c:4]1[cH:8][cH:7][c:6]([F:11])[cH:10][cH:9]1)[CH3:5])=[O:3],[CH:1](=[C:2](/[c:4]1[cH:8][cH:7][c:6]([F:11])[cH:10][cH:9]1)[CH3:5])\[OH:3],1,1
543,[CH:1]([CH:2]([c:4]1[cH:8][cH:7][c:6]([Cl:11])[cH:10][cH:9]1)[CH3:5])=[O:3]>>[CH:1](=[C:2](/[c:4]1[cH:8][cH:7][c:6]([Cl:11])[cH:10][cH:9]1)[CH3:5])\[OH:3],-0.74,60,methanesulfinylmethane,333,1.0,[CH:1]([CH:2]([c:4]1[cH:8][cH:7][c:6]([Cl:11])[cH:10][cH:9]1)[CH3:5])=[O:3],[CH:1](=[C:2](/[c:4]1[cH:8][cH:7][c:6]([Cl:11])[cH:10][cH:9]1)[CH3:5])\[OH:3],1,1
544,[CH:1]([CH:2]([c:4]1[cH:8][cH:7][c:6]([Br:11])[cH:10][cH:9]1)[CH3:5])=[O:3]>>[CH:1](=[C:2](/[c:4]1[cH:8][cH:7][c:6]([Br:11])[cH:10][cH:9]1)[CH3:5])\[OH:3],-0.78,60,methanesulfinylmethane,333,1.0,[CH:1]([CH:2]([c:4]1[cH:8][cH:7][c:6]([Br:11])[cH:10][cH:9]1)[CH3:5])=[O:3],[CH:1](=[C:2](/[c:4]1[cH:8][cH:7][c:6]([Br:11])[cH:10][cH:9]1)[CH3:5])\[OH:3],1,1
545,[CH:1]([CH:2]([c:4]1[cH:8][c:7]([Br:11])[cH:6][cH:10][cH:9]1)[CH3:5])=[O:3]>>[CH:1](=[C:2](/[c:4]1[cH:8][c:7]([Br:11])[cH:6][cH:10][cH:9]1)[CH3:5])\[OH:3],-0.64,60,methanesulfinylmethane,333,1.0,[CH:1]([CH:2]([c:4]1[cH:8][c:7]([Br:11])[cH:6][cH:10][cH:9]1)[CH3:5])=[O:3],[CH:1](=[C:2](/[c:4]1[cH:8][c:7]([Br:11])[cH:6][cH:10][cH:9]1)[CH3:5])\[OH:3],1,1
546,[CH:1]([CH:2]([c:4]1[cH:8][c:7]([O:11][CH3:12])[cH:6][cH:10][cH:9]1)[CH3:5])=[O:3]>>[CH:1](=[C:2](/[c:4]1[cH:8][c:7]([O:11][CH3:12])[cH:6][cH:10][cH:9]1)[CH3:5])\[OH:3],-0.94,60,methanesulfinylmethane,333,1.0,[CH:1]([CH:2]([c:4]1[cH:8][c:7]([O:11][CH3:12])[cH:6][cH:10][cH:9]1)[CH3:5])=[O:3],[CH:1](=[C:2](/[c:4]1[cH:8][c:7]([O:11][CH3:12])[cH:6][cH:10][cH:9]1)[CH3:5])\[OH:3],1,1
547,[CH:1]([CH:2]([c:4]1[cH:8][cH:7][c:6]([O:11][CH3:12])[cH:10][cH:9]1)[CH3:5])=[O:3]>>[CH:1](=[C:2](/[c:4]1[cH:8][cH:7][c:6]([O:11][CH3:12])[cH:10][cH:9]1)[CH3:5])\[OH:3],-1.17,60,methanesulfinylmethane,333,1.0,[CH:1]([CH:2]([c:4]1[cH:8][cH:7][c:6]([O:11][CH3:12])[cH:10][cH:9]1)[CH3:5])=[O:3],[CH:1](=[C:2](/[c:4]1[cH:8][cH:7][c:6]([O:11][CH3:12])[cH:10][cH:9]1)[CH3:5])\[OH:3],1,1
548,[CH:1]([CH:2]([c:4]1[cH:8][cH:7][c:6]([N+:11]([O-:12])=[O:13])[cH:10][cH:9]1)[CH3:5])=[O:3]>>[CH:1](=[C:2](/[c:4]1[cH:8][cH:7][c:6]([N+:11]([O-:12])=[O:13])[cH:10][cH:9]1)[CH3:5])\[OH:3],-0.002,60,methanesulfinylmethane,333,1.0,[CH:1]([CH:2]([c:4]1[cH:8][cH:7][c:6]([N+:11]([O-:12])=[O:13])[cH:10][cH:9]1)[CH3:5])=[O:3],[CH:1](=[C:2](/[c:4]1[cH:8][cH:7][c:6]([N+:11]([O-:12])=[O:13])[cH:10][cH:9]1)[CH3:5])\[OH:3],1,1
549,[CH:1]([CH:2]([c:4]1[cH:8][c:7]([N+:11](=[O:12])[O-:13])[cH:6][cH:10][cH:9]1)[CH3:5])=[O:3]>>[CH:1](=[C:2](/[c:4]1[cH:8][c:7]([N+:11](=[O:12])[O-:13])[cH:6][cH:10][cH:9]1)[CH3:5])\[OH:3],-0.47,60,methanesulfinylmethane,333,1.0,[CH:1]([CH:2]([c:4]1[cH:8][c:7]([N+:11](=[O:12])[O-:13])[cH:6][cH:10][cH:9]1)[CH3:5])=[O:3],[CH:1](=[C:2](/[c:4]1[cH:8][c:7]([N+:11](=[O:12])[O-:13])[cH:6][cH:10][cH:9]1)[CH3:5])\[OH:3],1,1
550,[cH:1]1[cH:2][cH:3][n:4][c:5]([NH:7][S:8](=[O:9])(=[O:10])[c:11]2[cH:13][cH:12][cH:16][cH:15][cH:14]2)[cH:6]1>>[cH:1]1[cH:2][cH:3][nH:4]/[c:5](=[N:7]/[S:8](=[O:9])(=[O:10])[c:11]2[cH:13][cH:12][cH:16][cH:15][cH:14]2)[cH:6]1,0.68,20,ethanol,293,0.28125,[cH:1]1[cH:2][cH:3][n:4][c:5]([NH:7][S:8](=[O:9])(=[O:10])[c:11]2[cH:13][cH:12][cH:16][cH:15][cH:14]2)[cH:6]1,[cH:1]1[cH:2][cH:3][nH:4]/[c:5](=[N:7]/[S:8](=[O:9])(=[O:10])[c:11]2[cH:13][cH:12][cH:16][cH:15][cH:14]2)[cH:6]1,1,1
551,[cH:1]1[cH:2][cH:3][n:4][c:5]([NH:7][S:8](=[O:9])(=[O:10])[c:11]2[cH:13][cH:12][cH:16][cH:15][cH:14]2)[cH:6]1>>[cH:1]1[cH:2][cH:3][nH:4]/[c:5](=[N:7]/[S:8](=[O:9])(=[O:10])[c:11]2[cH:13][cH:12][cH:16][cH:15][cH:14]2)[cH:6]1,0.21,20,ethanol,293,0.61017,[cH:1]1[cH:2][cH:3][n:4][c:5]([NH:7][S:8](=[O:9])(=[O:10])[c:11]2[cH:13][cH:12][cH:16][cH:15][cH:14]2)[cH:6]1,[cH:1]1[cH:2][cH:3][nH:4]/[c:5](=[N:7]/[S:8](=[O:9])(=[O:10])[c:11]2[cH:13][cH:12][cH:16][cH:15][cH:14]2)[cH:6]1,1,1
552,[cH:1]1[cH:2][cH:3][n:4][c:5]([NH:7][S:8](=[O:9])(=[O:10])[c:11]2[cH:13][cH:12][c:16]([CH3:17])[cH:15][cH:14]2)[cH:6]1>>[cH:1]1[cH:2][cH:3][nH:4]/[c:5](=[N:7]/[S:8](=[O:9])(=[O:10])[c:11]2[cH:13][cH:12][c:16]([CH3:17])[cH:15][cH:14]2)[cH:6]1,0.55,20,ethanol,293,0.28125,[cH:1]1[cH:2][cH:3][n:4][c:5]([NH:7][S:8](=[O:9])(=[O:10])[c:11]2[cH:13][cH:12][c:16]([CH3:17])[cH:15][cH:14]2)[cH:6]1,[cH:1]1[cH:2][cH:3][nH:4]/[c:5](=[N:7]/[S:8](=[O:9])(=[O:10])[c:11]2[cH:13][cH:12][c:16]([CH3:17])[cH:15][cH:14]2)[cH:6]1,1,1
553,[cH:1]1[cH:2][cH:3][n:4][c:5]([NH:7][S:8](=[O:9])(=[O:10])[c:11]2[cH:13][cH:12][c:16]([CH3:17])[cH:15][cH:14]2)[cH:6]1>>[cH:1]1[cH:2][cH:3][nH:4]/[c:5](=[N:7]/[S:8](=[O:9])(=[O:10])[c:11]2[cH:13][cH:12][c:16]([CH3:17])[cH:15][cH:14]2)[cH:6]1,0.1,20,ethanol,293,0.61017,[cH:1]1[cH:2][cH:3][n:4][c:5]([NH:7][S:8](=[O:9])(=[O:10])[c:11]2[cH:13][cH:12][c:16]([CH3:17])[cH:15][cH:14]2)[cH:6]1,[cH:1]1[cH:2][cH:3][nH:4]/[c:5](=[N:7]/[S:8](=[O:9])(=[O:10])[c:11]2[cH:13][cH:12][c:16]([CH3:17])[cH:15][cH:14]2)[cH:6]1,1,1
554,[cH:1]1[cH:2][cH:3][n:4][c:5]([NH:7][S:8](=[O:9])(=[O:10])[c:11]2[cH:13][cH:12][c:16]([F:17])[cH:15][cH:14]2)[cH:6]1>>[cH:1]1[cH:2][cH:3][nH:4]/[c:5](=[N:7]/[S:8](=[O:9])(=[O:10])[c:11]2[cH:13][cH:12][c:16]([F:17])[cH:15][cH:14]2)[cH:6]1,0.78,20,ethanol,293,0.28125,[cH:1]1[cH:2][cH:3][n:4][c:5]([NH:7][S:8](=[O:9])(=[O:10])[c:11]2[cH:13][cH:12][c:16]([F:17])[cH:15][cH:14]2)[cH:6]1,[cH:1]1[cH:2][cH:3][nH:4]/[c:5](=[N:7]/[S:8](=[O:9])(=[O:10])[c:11]2[cH:13][cH:12][c:16]([F:17])[cH:15][cH:14]2)[cH:6]1,1,1
555,[cH:1]1[cH:2][cH:3][n:4][c:5]([NH:7][S:8](=[O:9])(=[O:10])[c:11]2[cH:13][cH:12][c:16]([F:17])[cH:15][cH:14]2)[cH:6]1>>[cH:1]1[cH:2][cH:3][nH:4]/[c:5](=[N:7]/[S:8](=[O:9])(=[O:10])[c:11]2[cH:13][cH:12][c:16]([F:17])[cH:15][cH:14]2)[cH:6]1,0.29,20,ethanol,293,0.61017,[cH:1]1[cH:2][cH:3][n:4][c:5]([NH:7][S:8](=[O:9])(=[O:10])[c:11]2[cH:13][cH:12][c:16]([F:17])[cH:15][cH:14]2)[cH:6]1,[cH:1]1[cH:2][cH:3][nH:4]/[c:5](=[N:7]/[S:8](=[O:9])(=[O:10])[c:11]2[cH:13][cH:12][c:16]([F:17])[cH:15][cH:14]2)[cH:6]1,1,1
556,[cH:1]1[cH:2][cH:3][n:4][c:5]([NH:7][S:8](=[O:9])(=[O:10])[c:11]2[cH:13][cH:12][c:16]([Cl:17])[cH:15][cH:14]2)[cH:6]1>>[cH:1]1[cH:2][cH:3][nH:4]/[c:5](=[N:7]/[S:8](=[O:9])(=[O:10])[c:11]2[cH:13][cH:12][c:16]([Cl:17])[cH:15][cH:14]2)[cH:6]1,0.86,20,ethanol,293,0.28125,[cH:1]1[cH:2][cH:3][n:4][c:5]([NH:7][S:8](=[O:9])(=[O:10])[c:11]2[cH:13][cH:12][c:16]([Cl:17])[cH:15][cH:14]2)[cH:6]1,[cH:1]1[cH:2][cH:3][nH:4]/[c:5](=[N:7]/[S:8](=[O:9])(=[O:10])[c:11]2[cH:13][cH:12][c:16]([Cl:17])[cH:15][cH:14]2)[cH:6]1,1,1
557,[cH:1]1[cH:2][cH:3][n:4][c:5]([NH:7][S:8](=[O:9])(=[O:10])[c:11]2[cH:13][cH:12][c:16]([Cl:17])[cH:15][cH:14]2)[cH:6]1>>[cH:1]1[cH:2][cH:3][nH:4]/[c:5](=[N:7]/[S:8](=[O:9])(=[O:10])[c:11]2[cH:13][cH:12][c:16]([Cl:17])[cH:15][cH:14]2)[cH:6]1,0.86,20,ethanol,293,0.28125,[cH:1]1[cH:2][cH:3][n:4][c:5]([NH:7][S:8](=[O:9])(=[O:10])[c:11]2[cH:13][cH:12][c:16]([Cl:17])[cH:15][cH:14]2)[cH:6]1,[cH:1]1[cH:2][cH:3][nH:4]/[c:5](=[N:7]/[S:8](=[O:9])(=[O:10])[c:11]2[cH:13][cH:12][c:16]([Cl:17])[cH:15][cH:14]2)[cH:6]1,1,1
558,[cH:1]1[cH:2][cH:3][n:4][c:5]([NH:7][S:8](=[O:9])(=[O:10])[c:11]2[cH:13][cH:12][c:16]([Cl:17])[cH:15][cH:14]2)[cH:6]1>>[cH:1]1[cH:2][cH:3][nH:4]/[c:5](=[N:7]/[S:8](=[O:9])(=[O:10])[c:11]2[cH:13][cH:12][c:16]([Cl:17])[cH:15][cH:14]2)[cH:6]1,0.39,20,ethanol,293,0.61017,[cH:1]1[cH:2][cH:3][n:4][c:5]([NH:7][S:8](=[O:9])(=[O:10])[c:11]2[cH:13][cH:12][c:16]([Cl:17])[cH:15][cH:14]2)[cH:6]1,[cH:1]1[cH:2][cH:3][nH:4]/[c:5](=[N:7]/[S:8](=[O:9])(=[O:10])[c:11]2[cH:13][cH:12][c:16]([Cl:17])[cH:15][cH:14]2)[cH:6]1,1,1
559,[cH:1]1[cH:2][cH:3][n:4][c:5]([NH:7][S:8](=[O:9])(=[O:10])[c:11]2[cH:13][cH:12][c:16]([Br:17])[cH:15][cH:14]2)[cH:6]1>>[cH:1]1[cH:2][cH:3][nH:4]/[c:5](=[N:7]/[S:8](=[O:9])(=[O:10])[c:11]2[cH:13][cH:12][c:16]([Br:17])[cH:15][cH:14]2)[cH:6]1,0.405,20,ethanol,293,0.6102000000000001,[cH:1]1[cH:2][cH:3][n:4][c:5]([NH:7][S:8](=[O:9])(=[O:10])[c:11]2[cH:13][cH:12][c:16]([Br:17])[cH:15][cH:14]2)[cH:6]1,[cH:1]1[cH:2][cH:3][nH:4]/[c:5](=[N:7]/[S:8](=[O:9])(=[O:10])[c:11]2[cH:13][cH:12][c:16]([Br:17])[cH:15][cH:14]2)[cH:6]1,1,1
560,[cH:1]1[cH:2][cH:3][n:4][c:5]([NH:7][S:8](=[O:9])(=[O:10])[c:11]2[cH:13][cH:12][c:16]([O:17][CH3:18])[cH:15][cH:14]2)[cH:6]1>>[cH:1]1[cH:2][cH:3][nH:4]/[c:5](=[N:7]/[S:8](=[O:9])(=[O:10])[c:11]2[cH:13][cH:12][c:16]([O:17][CH3:18])[cH:15][cH:14]2)[cH:6]1,0.5,20,ethanol,293,0.28125,[cH:1]1[cH:2][cH:3][n:4][c:5]([NH:7][S:8](=[O:9])(=[O:10])[c:11]2[cH:13][cH:12][c:16]([O:17][CH3:18])[cH:15][cH:14]2)[cH:6]1,[cH:1]1[cH:2][cH:3][nH:4]/[c:5](=[N:7]/[S:8](=[O:9])(=[O:10])[c:11]2[cH:13][cH:12][c:16]([O:17][CH3:18])[cH:15][cH:14]2)[cH:6]1,1,1
561,[cH:1]1[cH:2][cH:3][n:4][c:5]([NH:7][S:8](=[O:9])(=[O:10])[c:11]2[cH:13][cH:12][c:16]([O:17][CH3:18])[cH:15][cH:14]2)[cH:6]1>>[cH:1]1[cH:2][cH:3][nH:4]/[c:5](=[N:7]/[S:8](=[O:9])(=[O:10])[c:11]2[cH:13][cH:12][c:16]([O:17][CH3:18])[cH:15][cH:14]2)[cH:6]1,0.095,20,ethanol,293,0.61017,[cH:1]1[cH:2][cH:3][n:4][c:5]([NH:7][S:8](=[O:9])(=[O:10])[c:11]2[cH:13][cH:12][c:16]([O:17][CH3:18])[cH:15][cH:14]2)[cH:6]1,[cH:1]1[cH:2][cH:3][nH:4]/[c:5](=[N:7]/[S:8](=[O:9])(=[O:10])[c:11]2[cH:13][cH:12][c:16]([O:17][CH3:18])[cH:15][cH:14]2)[cH:6]1,1,1
562,[cH:1]1[cH:2][cH:3][n:4][c:5]([NH:7][S:8](=[O:9])(=[O:10])[c:11]2[cH:13][cH:12][c:16]([O:17][c:18]3[cH:19][cH:23][cH:22][cH:21][cH:20]3)[cH:15][cH:14]2)[cH:6]1>>[cH:1]1[cH:2][cH:3][nH:4]/[c:5](=[N:7]/[S:8](=[O:9])(=[O:10])[c:11]2[cH:13][cH:12][c:16]([O:17][c:18]3[cH:19][cH:23][cH:22][cH:21][cH:20]3)[cH:15][cH:14]2)[cH:6]1,0.63,20,ethanol,293,0.28125,[cH:1]1[cH:2][cH:3][n:4][c:5]([NH:7][S:8](=[O:9])(=[O:10])[c:11]2[cH:13][cH:12][c:16]([O:17][c:18]3[cH:19][cH:23][cH:22][cH:21][cH:20]3)[cH:15][cH:14]2)[cH:6]1,[cH:1]1[cH:2][cH:3][nH:4]/[c:5](=[N:7]/[S:8](=[O:9])(=[O:10])[c:11]2[cH:13][cH:12][c:16]([O:17][c:18]3[cH:19][cH:23][cH:22][cH:21][cH:20]3)[cH:15][cH:14]2)[cH:6]1,1,1
563,[cH:1]1[cH:2][cH:3][n:4][c:5]([NH:7][S:8](=[O:9])(=[O:10])[c:11]2[cH:13][cH:12][c:16]([O:17][c:18]3[cH:19][cH:23][cH:22][cH:21][cH:20]3)[cH:15][cH:14]2)[cH:6]1>>[cH:1]1[cH:2][cH:3][nH:4]/[c:5](=[N:7]/[S:8](=[O:9])(=[O:10])[c:11]2[cH:13][cH:12][c:16]([O:17][c:18]3[cH:19][cH:23][cH:22][cH:21][cH:20]3)[cH:15][cH:14]2)[cH:6]1,0.2,20,ethanol,293,0.61017,[cH:1]1[cH:2][cH:3][n:4][c:5]([NH:7][S:8](=[O:9])(=[O:10])[c:11]2[cH:13][cH:12][c:16]([O:17][c:18]3[cH:19][cH:23][cH:22][cH:21][cH:20]3)[cH:15][cH:14]2)[cH:6]1,[cH:1]1[cH:2][cH:3][nH:4]/[c:5](=[N:7]/[S:8](=[O:9])(=[O:10])[c:11]2[cH:13][cH:12][c:16]([O:17][c:18]3[cH:19][cH:23][cH:22][cH:21][cH:20]3)[cH:15][cH:14]2)[cH:6]1,1,1
564,[cH:1]1[cH:2][cH:3][n:4][c:5]([NH:7][S:8](=[O:9])(=[O:10])[c:11]2[cH:13][cH:12][c:16]([NH2:17])[cH:15][cH:14]2)[cH:6]1>>[cH:1]1[cH:2][cH:3][nH:4]/[c:5](=[N:7]/[S:8](=[O:9])(=[O:10])[c:11]2[cH:13][cH:12][c:16]([NH2:17])[cH:15][cH:14]2)[cH:6]1,0.21,20,ethanol,293,0.28125,[cH:1]1[cH:2][cH:3][n:4][c:5]([NH:7][S:8](=[O:9])(=[O:10])[c:11]2[cH:13][cH:12][c:16]([NH2:17])[cH:15][cH:14]2)[cH:6]1,[cH:1]1[cH:2][cH:3][nH:4]/[c:5](=[N:7]/[S:8](=[O:9])(=[O:10])[c:11]2[cH:13][cH:12][c:16]([NH2:17])[cH:15][cH:14]2)[cH:6]1,1,1
565,[cH:1]1[cH:2][cH:3][n:4][c:5]([NH:7][S:8](=[O:9])(=[O:10])[c:11]2[cH:13][cH:12][c:16]([NH:17][C:18](=[O:19])[CH3:20])[cH:15][cH:14]2)[cH:6]1>>[cH:1]1[cH:2][cH:3][nH:4]/[c:5](=[N:7]/[S:8](=[O:9])(=[O:10])[c:11]2[cH:13][cH:12][c:16]([NH:17][C:18](=[O:19])[CH3:20])[cH:15][cH:14]2)[cH:6]1,0.67,20,ethanol,293,0.28125,[cH:1]1[cH:2][cH:3][n:4][c:5]([NH:7][S:8](=[O:9])(=[O:10])[c:11]2[cH:13][cH:12][c:16]([NH:17][C:18](=[O:19])[CH3:20])[cH:15][cH:14]2)[cH:6]1,[cH:1]1[cH:2][cH:3][nH:4]/[c:5](=[N:7]/[S:8](=[O:9])(=[O:10])[c:11]2[cH:13][cH:12][c:16]([NH:17][C:18](=[O:19])[CH3:20])[cH:15][cH:14]2)[cH:6]1,1,1
566,[cH:1]1[cH:2][cH:3][n:4][c:5]([NH:7][S:8](=[O:9])(=[O:10])[c:11]2[cH:13][cH:12][c:16]([NH:17][C:18](=[O:19])[CH3:20])[cH:15][cH:14]2)[cH:6]1>>[cH:1]1[cH:2][cH:3][nH:4]/[c:5](=[N:7]/[S:8](=[O:9])(=[O:10])[c:11]2[cH:13][cH:12][c:16]([NH:17][C:18](=[O:19])[CH3:20])[cH:15][cH:14]2)[cH:6]1,0.23,20,ethanol,293,0.61017,[cH:1]1[cH:2][cH:3][n:4][c:5]([NH:7][S:8](=[O:9])(=[O:10])[c:11]2[cH:13][cH:12][c:16]([NH:17][C:18](=[O:19])[CH3:20])[cH:15][cH:14]2)[cH:6]1,[cH:1]1[cH:2][cH:3][nH:4]/[c:5](=[N:7]/[S:8](=[O:9])(=[O:10])[c:11]2[cH:13][cH:12][c:16]([NH:17][C:18](=[O:19])[CH3:20])[cH:15][cH:14]2)[cH:6]1,1,1
567,[cH:1]1[cH:2][cH:3][n:4][c:5]([NH:7][S:8](=[O:9])(=[O:10])[c:11]2[cH:13][cH:12][c:16]([N:17]([CH3:18])[CH3:19])[cH:15][cH:14]2)[cH:6]1>>[cH:1]1[cH:2][cH:3][nH:4]/[c:5](=[N:7]/[S:8](=[O:9])(=[O:10])[c:11]2[cH:13][cH:12][c:16]([N:17]([CH3:18])[CH3:19])[cH:15][cH:14]2)[cH:6]1,0.26,20,ethanol,293,0.28125,[cH:1]1[cH:2][cH:3][n:4][c:5]([NH:7][S:8](=[O:9])(=[O:10])[c:11]2[cH:13][cH:12][c:16]([N:17]([CH3:18])[CH3:19])[cH:15][cH:14]2)[cH:6]1,[cH:1]1[cH:2][cH:3][nH:4]/[c:5](=[N:7]/[S:8](=[O:9])(=[O:10])[c:11]2[cH:13][cH:12][c:16]([N:17]([CH3:18])[CH3:19])[cH:15][cH:14]2)[cH:6]1,1,1
568,[cH:1]1[cH:2][cH:3][n:4][c:5]([NH:7][S:8](=[O:9])(=[O:10])[c:11]2[cH:13][cH:12][c:16]([N:17]([CH3:18])[CH3:19])[cH:15][cH:14]2)[cH:6]1>>[cH:1]1[cH:2][cH:3][nH:4]/[c:5](=[N:7]/[S:8](=[O:9])(=[O:10])[c:11]2[cH:13][cH:12][c:16]([N:17]([CH3:18])[CH3:19])[cH:15][cH:14]2)[cH:6]1,-0.18,20,ethanol,293,0.61017,[cH:1]1[cH:2][cH:3][n:4][c:5]([NH:7][S:8](=[O:9])(=[O:10])[c:11]2[cH:13][cH:12][c:16]([N:17]([CH3:18])[CH3:19])[cH:15][cH:14]2)[cH:6]1,[cH:1]1[cH:2][cH:3][nH:4]/[c:5](=[N:7]/[S:8](=[O:9])(=[O:10])[c:11]2[cH:13][cH:12][c:16]([N:17]([CH3:18])[CH3:19])[cH:15][cH:14]2)[cH:6]1,1,1
569,[cH:1]1[cH:2][cH:3][n:4][c:5]([NH:7][S:8](=[O:9])(=[O:10])[c:11]2[cH:13][cH:12][c:16]([C:17]#[N:18])[cH:15][cH:14]2)[cH:6]1>>[cH:1]1[cH:2][cH:3][nH:4]/[c:5](=[N:7]/[S:8](=[O:9])(=[O:10])[c:11]2[cH:13][cH:12][c:16]([C:17]#[N:18])[cH:15][cH:14]2)[cH:6]1,1.2,20,ethanol,293,0.28125,[cH:1]1[cH:2][cH:3][n:4][c:5]([NH:7][S:8](=[O:9])(=[O:10])[c:11]2[cH:13][cH:12][c:16]([C:17]#[N:18])[cH:15][cH:14]2)[cH:6]1,[cH:1]1[cH:2][cH:3][nH:4]/[c:5](=[N:7]/[S:8](=[O:9])(=[O:10])[c:11]2[cH:13][cH:12][c:16]([C:17]#[N:18])[cH:15][cH:14]2)[cH:6]1,1,1
570,[cH:1]1[cH:2][cH:3][n:4][c:5]([NH:7][S:8](=[O:9])(=[O:10])[c:11]2[cH:13][cH:12][c:16]([C:17]#[N:18])[cH:15][cH:14]2)[cH:6]1>>[cH:1]1[cH:2][cH:3][nH:4]/[c:5](=[N:7]/[S:8](=[O:9])(=[O:10])[c:11]2[cH:13][cH:12][c:16]([C:17]#[N:18])[cH:15][cH:14]2)[cH:6]1,0.78,20,ethanol,293,0.6107,[cH:1]1[cH:2][cH:3][n:4][c:5]([NH:7][S:8](=[O:9])(=[O:10])[c:11]2[cH:13][cH:12][c:16]([C:17]#[N:18])[cH:15][cH:14]2)[cH:6]1,[cH:1]1[cH:2][cH:3][nH:4]/[c:5](=[N:7]/[S:8](=[O:9])(=[O:10])[c:11]2[cH:13][cH:12][c:16]([C:17]#[N:18])[cH:15][cH:14]2)[cH:6]1,1,1
571,[cH:1]1[cH:2][cH:3][n:4][c:5]([NH:7][S:8](=[O:9])(=[O:10])[c:11]2[cH:13][cH:12][c:16]([N+:17]([O-:18])=[O:19])[cH:15][cH:14]2)[cH:6]1>>[cH:1]1[cH:2][cH:3][nH:4]/[c:5](=[N:7]/[S:8](=[O:9])(=[O:10])[c:11]2[cH:13][cH:12][c:16]([N+:17]([O-:18])=[O:19])[cH:15][cH:14]2)[cH:6]1,1.38,20,ethanol,293,0.28125,[cH:1]1[cH:2][cH:3][n:4][c:5]([NH:7][S:8](=[O:9])(=[O:10])[c:11]2[cH:13][cH:12][c:16]([N+:17]([O-:18])=[O:19])[cH:15][cH:14]2)[cH:6]1,[cH:1]1[cH:2][cH:3][nH:4]/[c:5](=[N:7]/[S:8](=[O:9])(=[O:10])[c:11]2[cH:13][cH:12][c:16]([N+:17]([O-:18])=[O:19])[cH:15][cH:14]2)[cH:6]1,1,1
572,[cH:1]1[cH:2][cH:3][n:4][c:5]([NH:7][S:8](=[O:9])(=[O:10])[c:11]2[cH:13][cH:12][c:16]([N+:17]([O-:18])=[O:19])[cH:15][cH:14]2)[cH:6]1>>[cH:1]1[cH:2][cH:3][nH:4]/[c:5](=[N:7]/[S:8](=[O:9])(=[O:10])[c:11]2[cH:13][cH:12][c:16]([N+:17]([O-:18])=[O:19])[cH:15][cH:14]2)[cH:6]1,0.77,20,ethanol,293,0.61017,[cH:1]1[cH:2][cH:3][n:4][c:5]([NH:7][S:8](=[O:9])(=[O:10])[c:11]2[cH:13][cH:12][c:16]([N+:17]([O-:18])=[O:19])[cH:15][cH:14]2)[cH:6]1,[cH:1]1[cH:2][cH:3][nH:4]/[c:5](=[N:7]/[S:8](=[O:9])(=[O:10])[c:11]2[cH:13][cH:12][c:16]([N+:17]([O-:18])=[O:19])[cH:15][cH:14]2)[cH:6]1,1,1
573,[cH:1]1[cH:2][cH:3][n:4][c:5]([NH:7][S:8](=[O:9])(=[O:10])[c:11]2[cH:12][cH:16][cH:15][cH:14][cH:13]2)[cH:6]1>>[cH:1]1[cH:2][cH:3][nH:4]/[c:5](=[N:7]/[S:8](=[O:9])(=[O:10])[c:11]2[cH:12][cH:16][cH:15][cH:14][cH:13]2)[cH:6]1,-0.19,20,"1,4-dioxane",293,0.4496,[cH:1]1[cH:2][cH:3][n:4][c:5]([NH:7][S:8](=[O:9])(=[O:10])[c:11]2[cH:12][cH:16][cH:15][cH:14][cH:13]2)[cH:6]1,[cH:1]1[cH:2][cH:3][nH:4]/[c:5](=[N:7]/[S:8](=[O:9])(=[O:10])[c:11]2[cH:12][cH:16][cH:15][cH:14][cH:13]2)[cH:6]1,1,1
574,[cH:1]1[cH:2][cH:3][n:4][c:5]([NH:7][S:8](=[O:9])(=[O:10])[c:11]2[cH:12][cH:16][c:15]([CH3:17])[cH:14][cH:13]2)[cH:6]1>>[cH:1]1[cH:2][cH:3][nH:4]/[c:5](=[N:7]/[S:8](=[O:9])(=[O:10])[c:11]2[cH:12][cH:16][c:15]([CH3:17])[cH:14][cH:13]2)[cH:6]1,-0.36,20,"1,4-dioxane",293,0.4496,[cH:1]1[cH:2][cH:3][n:4][c:5]([NH:7][S:8](=[O:9])(=[O:10])[c:11]2[cH:12][cH:16][c:15]([CH3:17])[cH:14][cH:13]2)[cH:6]1,[cH:1]1[cH:2][cH:3][nH:4]/[c:5](=[N:7]/[S:8](=[O:9])(=[O:10])[c:11]2[cH:12][cH:16][c:15]([CH3:17])[cH:14][cH:13]2)[cH:6]1,1,1
575,[cH:1]1[cH:2][cH:3][n:4][c:5]([NH:7][S:8](=[O:9])(=[O:10])[c:11]2[cH:12][cH:16][c:15]([F:17])[cH:14][cH:13]2)[cH:6]1>>[cH:1]1[cH:2][cH:3][nH:4]/[c:5](=[N:7]/[S:8](=[O:9])(=[O:10])[c:11]2[cH:12][cH:16][c:15]([F:17])[cH:14][cH:13]2)[cH:6]1,-0.01,20,"1,4-dioxane",293,0.4496,[cH:1]1[cH:2][cH:3][n:4][c:5]([NH:7][S:8](=[O:9])(=[O:10])[c:11]2[cH:12][cH:16][c:15]([F:17])[cH:14][cH:13]2)[cH:6]1,[cH:1]1[cH:2][cH:3][nH:4]/[c:5](=[N:7]/[S:8](=[O:9])(=[O:10])[c:11]2[cH:12][cH:16][c:15]([F:17])[cH:14][cH:13]2)[cH:6]1,1,1
576,[cH:1]1[cH:2][cH:3][n:4][c:5]([NH:7][S:8](=[O:9])(=[O:10])[c:11]2[cH:12][cH:16][c:15]([Cl:17])[cH:14][cH:13]2)[cH:6]1>>[cH:1]1[cH:2][cH:3][nH:4]/[c:5](=[N:7]/[S:8](=[O:9])(=[O:10])[c:11]2[cH:12][cH:16][c:15]([Cl:17])[cH:14][cH:13]2)[cH:6]1,0.1,20,"1,4-dioxane",293,0.4496,[cH:1]1[cH:2][cH:3][n:4][c:5]([NH:7][S:8](=[O:9])(=[O:10])[c:11]2[cH:12][cH:16][c:15]([Cl:17])[cH:14][cH:13]2)[cH:6]1,[cH:1]1[cH:2][cH:3][nH:4]/[c:5](=[N:7]/[S:8](=[O:9])(=[O:10])[c:11]2[cH:12][cH:16][c:15]([Cl:17])[cH:14][cH:13]2)[cH:6]1,1,1
577,[cH:1]1[cH:2][cH:3][n:4][c:5]([NH:7][S:8](=[O:9])(=[O:10])[c:11]2[cH:12][cH:16][c:15]([Br:17])[cH:14][cH:13]2)[cH:6]1>>[cH:1]1[cH:2][cH:3][nH:4]/[c:5](=[N:7]/[S:8](=[O:9])(=[O:10])[c:11]2[cH:12][cH:16][c:15]([Br:17])[cH:14][cH:13]2)[cH:6]1,0.09,20,"1,4-dioxane",293,0.4496,[cH:1]1[cH:2][cH:3][n:4][c:5]([NH:7][S:8](=[O:9])(=[O:10])[c:11]2[cH:12][cH:16][c:15]([Br:17])[cH:14][cH:13]2)[cH:6]1,[cH:1]1[cH:2][cH:3][nH:4]/[c:5](=[N:7]/[S:8](=[O:9])(=[O:10])[c:11]2[cH:12][cH:16][c:15]([Br:17])[cH:14][cH:13]2)[cH:6]1,1,1
578,[cH:1]1[cH:2][cH:3][n:4][c:5]([NH:7][S:8](=[O:9])(=[O:10])[c:11]2[cH:12][cH:16][c:15]([O:17][CH3:18])[cH:14][cH:13]2)[cH:6]1>>[cH:1]1[cH:2][cH:3][nH:4]/[c:5](=[N:7]/[S:8](=[O:9])(=[O:10])[c:11]2[cH:12][cH:16][c:15]([O:17][CH3:18])[cH:14][cH:13]2)[cH:6]1,-0.4,20,"1,4-dioxane",293,0.4496,[cH:1]1[cH:2][cH:3][n:4][c:5]([NH:7][S:8](=[O:9])(=[O:10])[c:11]2[cH:12][cH:16][c:15]([O:17][CH3:18])[cH:14][cH:13]2)[cH:6]1,[cH:1]1[cH:2][cH:3][nH:4]/[c:5](=[N:7]/[S:8](=[O:9])(=[O:10])[c:11]2[cH:12][cH:16][c:15]([O:17][CH3:18])[cH:14][cH:13]2)[cH:6]1,1,1
579,[cH:1]1[cH:2][cH:3][n:4][c:5]([NH:7][S:8](=[O:9])(=[O:10])[c:11]2[cH:12][cH:16][c:15]([O:17][c:18]3[cH:21][cH:20][cH:19][cH:23][cH:22]3)[cH:14][cH:13]2)[cH:6]1>>[cH:1]1[cH:2][cH:3][nH:4]/[c:5](=[N:7]/[S:8](=[O:9])(=[O:10])[c:11]2[cH:12][cH:16][c:15]([O:17][c:18]3[cH:21][cH:20][cH:19][cH:23][cH:22]3)[cH:14][cH:13]2)[cH:6]1,-0.14,20,"1,4-dioxane",293,0.4496,[cH:1]1[cH:2][cH:3][n:4][c:5]([NH:7][S:8](=[O:9])(=[O:10])[c:11]2[cH:12][cH:16][c:15]([O:17][c:18]3[cH:21][cH:20][cH:19][cH:23][cH:22]3)[cH:14][cH:13]2)[cH:6]1,[cH:1]1[cH:2][cH:3][nH:4]/[c:5](=[N:7]/[S:8](=[O:9])(=[O:10])[c:11]2[cH:12][cH:16][c:15]([O:17][c:18]3[cH:21][cH:20][cH:19][cH:23][cH:22]3)[cH:14][cH:13]2)[cH:6]1,1,1
580,[cH:1]1[cH:2][cH:3][n:4][c:5]([NH:7][S:8](=[O:9])(=[O:10])[c:11]2[cH:12][cH:16][c:15]([NH2:17])[cH:14][cH:13]2)[cH:6]1>>[cH:1]1[cH:2][cH:3][nH:4]/[c:5](=[N:7]/[S:8](=[O:9])(=[O:10])[c:11]2[cH:12][cH:16][c:15]([NH2:17])[cH:14][cH:13]2)[cH:6]1,-0.8,20,"1,4-dioxane",293,0.4496,[cH:1]1[cH:2][cH:3][n:4][c:5]([NH:7][S:8](=[O:9])(=[O:10])[c:11]2[cH:12][cH:16][c:15]([NH2:17])[cH:14][cH:13]2)[cH:6]1,[cH:1]1[cH:2][cH:3][nH:4]/[c:5](=[N:7]/[S:8](=[O:9])(=[O:10])[c:11]2[cH:12][cH:16][c:15]([NH2:17])[cH:14][cH:13]2)[cH:6]1,1,1
581,[cH:1]1[cH:2][cH:3][n:4][c:5]([NH:7][S:8](=[O:9])(=[O:10])[c:11]2[cH:12][cH:16][c:15]([NH:17][C:18]([CH3:19])=[O:20])[cH:14][cH:13]2)[cH:6]1>>[cH:1]1[cH:2][cH:3][nH:4]/[c:5](=[N:7]/[S:8](=[O:9])(=[O:10])[c:11]2[cH:12][cH:16][c:15]([NH:17][C:18]([CH3:19])=[O:20])[cH:14][cH:13]2)[cH:6]1,-0.27,20,"1,4-dioxane",293,0.4496,[cH:1]1[cH:2][cH:3][n:4][c:5]([NH:7][S:8](=[O:9])(=[O:10])[c:11]2[cH:12][cH:16][c:15]([NH:17][C:18]([CH3:19])=[O:20])[cH:14][cH:13]2)[cH:6]1,[cH:1]1[cH:2][cH:3][nH:4]/[c:5](=[N:7]/[S:8](=[O:9])(=[O:10])[c:11]2[cH:12][cH:16][c:15]([NH:17][C:18]([CH3:19])=[O:20])[cH:14][cH:13]2)[cH:6]1,1,1
582,[cH:1]1[cH:2][cH:3][n:4][c:5]([NH:7][S:8](=[O:9])(=[O:10])[c:11]2[cH:12][cH:16][c:15]([N:17]([CH3:18])[CH3:19])[cH:14][cH:13]2)[cH:6]1>>[cH:1]1[cH:2][cH:3][nH:4]/[c:5](=[N:7]/[S:8](=[O:9])(=[O:10])[c:11]2[cH:12][cH:16][c:15]([N:17]([CH3:18])[CH3:19])[cH:14][cH:13]2)[cH:6]1,-0.815,20,"1,4-dioxane",293,0.4496,[cH:1]1[cH:2][cH:3][n:4][c:5]([NH:7][S:8](=[O:9])(=[O:10])[c:11]2[cH:12][cH:16][c:15]([N:17]([CH3:18])[CH3:19])[cH:14][cH:13]2)[cH:6]1,[cH:1]1[cH:2][cH:3][nH:4]/[c:5](=[N:7]/[S:8](=[O:9])(=[O:10])[c:11]2[cH:12][cH:16][c:15]([N:17]([CH3:18])[CH3:19])[cH:14][cH:13]2)[cH:6]1,1,1
583,[cH:1]1[cH:2][cH:3][n:4][c:5]([NH:7][S:8](=[O:9])(=[O:10])[c:11]2[cH:12][cH:16][c:15]([C:17]#[N:18])[cH:14][cH:13]2)[cH:6]1>>[cH:1]1[cH:2][cH:3][nH:4]/[c:5](=[N:7]/[S:8](=[O:9])(=[O:10])[c:11]2[cH:12][cH:16][c:15]([C:17]#[N:18])[cH:14][cH:13]2)[cH:6]1,0.6,20,"1,4-dioxane",293,0.4496,[cH:1]1[cH:2][cH:3][n:4][c:5]([NH:7][S:8](=[O:9])(=[O:10])[c:11]2[cH:12][cH:16][c:15]([C:17]#[N:18])[cH:14][cH:13]2)[cH:6]1,[cH:1]1[cH:2][cH:3][nH:4]/[c:5](=[N:7]/[S:8](=[O:9])(=[O:10])[c:11]2[cH:12][cH:16][c:15]([C:17]#[N:18])[cH:14][cH:13]2)[cH:6]1,1,1
584,[cH:1]1[cH:2][cH:3][n:4][c:5]([NH:7][S:8](=[O:9])(=[O:10])[c:11]2[cH:12][cH:16][c:15]([N+:17](=[O:18])[O-:19])[cH:14][cH:13]2)[cH:6]1>>[cH:1]1[cH:2][cH:3][nH:4]/[c:5](=[N:7]/[S:8](=[O:9])(=[O:10])[c:11]2[cH:12][cH:16][c:15]([N+:17](=[O:18])[O-:19])[cH:14][cH:13]2)[cH:6]1,0.565,20,"1,4-dioxane",293,0.4496,[cH:1]1[cH:2][cH:3][n:4][c:5]([NH:7][S:8](=[O:9])(=[O:10])[c:11]2[cH:12][cH:16][c:15]([N+:17](=[O:18])[O-:19])[cH:14][cH:13]2)[cH:6]1,[cH:1]1[cH:2][cH:3][nH:4]/[c:5](=[N:7]/[S:8](=[O:9])(=[O:10])[c:11]2[cH:12][cH:16][c:15]([N+:17](=[O:18])[O-:19])[cH:14][cH:13]2)[cH:6]1,1,1
585,[cH:1]1[cH:2][cH:3][n:4][c:5]([NH:7][S:8](=[O:9])(=[O:10])[c:11]2[cH:12][c:16]([N+:17](=[O:18])[O-:19])[cH:15][cH:14][cH:13]2)[cH:6]1>>[cH:1]1[cH:2][cH:3][nH:4]/[c:5](=[N:7]/[S:8](=[O:9])(=[O:10])[c:11]2[cH:12][c:16]([N+:17](=[O:18])[O-:19])[cH:15][cH:14][cH:13]2)[cH:6]1,0.635,20,"1,4-dioxane",293,0.4496,[cH:1]1[cH:2][cH:3][n:4][c:5]([NH:7][S:8](=[O:9])(=[O:10])[c:11]2[cH:12][c:16]([N+:17](=[O:18])[O-:19])[cH:15][cH:14][cH:13]2)[cH:6]1,[cH:1]1[cH:2][cH:3][nH:4]/[c:5](=[N:7]/[S:8](=[O:9])(=[O:10])[c:11]2[cH:12][c:16]([N+:17](=[O:18])[O-:19])[cH:15][cH:14][cH:13]2)[cH:6]1,1,1
586,[CH:1](=[C:2](/[c:3]1[cH:7][cH:11][cH:10][cH:9][cH:8]1)[CH3:5])\[NH:4][CH3:6]>>[CH:1](\[CH:2]([c:3]1[cH:7][cH:11][cH:10][cH:9][cH:8]1)[CH3:5])=[N:4]/[CH3:6],0.29,60,bromobenzene,333,1.0,[CH:1](=[C:2](/[c:3]1[cH:7][cH:11][cH:10][cH:9][cH:8]1)[CH3:5])\[NH:4][CH3:6],[CH:1](\[CH:2]([c:3]1[cH:7][cH:11][cH:10][cH:9][cH:8]1)[CH3:5])=[N:4]/[CH3:6],1,1
587,[CH:1](=[C:2](/[c:3]1[cH:7][cH:11][cH:10][c:9]([CH3:12])[cH:8]1)[CH3:5])\[NH:4][CH3:6]>>[CH:1](\[CH:2]([c:3]1[cH:7][cH:11][cH:10][c:9]([CH3:12])[cH:8]1)[CH3:5])=[N:4]/[CH3:6],0.35,60,bromobenzene,333,1.0,[CH:1](=[C:2](/[c:3]1[cH:7][cH:11][cH:10][c:9]([CH3:12])[cH:8]1)[CH3:5])\[NH:4][CH3:6],[CH:1](\[CH:2]([c:3]1[cH:7][cH:11][cH:10][c:9]([CH3:12])[cH:8]1)[CH3:5])=[N:4]/[CH3:6],1,1
588,[CH:1](=[C:2](/[c:3]1[cH:7][cH:11][c:10]([CH3:12])[cH:9][cH:8]1)[CH3:5])\[NH:4][CH3:6]>>[CH:1](\[CH:2]([c:3]1[cH:7][cH:11][c:10]([CH3:12])[cH:9][cH:8]1)[CH3:5])=[N:4]/[CH3:6],0.38,60,bromobenzene,333,1.0,[CH:1](=[C:2](/[c:3]1[cH:7][cH:11][c:10]([CH3:12])[cH:9][cH:8]1)[CH3:5])\[NH:4][CH3:6],[CH:1](\[CH:2]([c:3]1[cH:7][cH:11][c:10]([CH3:12])[cH:9][cH:8]1)[CH3:5])=[N:4]/[CH3:6],1,1
589,[CH:1](=[C:2](/[c:3]1[cH:7][cH:11][c:10]([F:12])[cH:9][cH:8]1)[CH3:5])\[NH:4][CH3:6]>>[CH:1](\[CH:2]([c:3]1[cH:7][cH:11][c:10]([F:12])[cH:9][cH:8]1)[CH3:5])=[N:4]/[CH3:6],0.31,60,bromobenzene,333,1.0,[CH:1](=[C:2](/[c:3]1[cH:7][cH:11][c:10]([F:12])[cH:9][cH:8]1)[CH3:5])\[NH:4][CH3:6],[CH:1](\[CH:2]([c:3]1[cH:7][cH:11][c:10]([F:12])[cH:9][cH:8]1)[CH3:5])=[N:4]/[CH3:6],1,1
590,[CH:1](=[C:2](/[c:3]1[cH:7][cH:11][c:10]([Cl:12])[cH:9][cH:8]1)[CH3:5])\[NH:4][CH3:6]>>[CH:1](\[CH:2]([c:3]1[cH:7][cH:11][c:10]([Cl:12])[cH:9][cH:8]1)[CH3:5])=[N:4]/[CH3:6],0.08,60,bromobenzene,333,1.0,[CH:1](=[C:2](/[c:3]1[cH:7][cH:11][c:10]([Cl:12])[cH:9][cH:8]1)[CH3:5])\[NH:4][CH3:6],[CH:1](\[CH:2]([c:3]1[cH:7][cH:11][c:10]([Cl:12])[cH:9][cH:8]1)[CH3:5])=[N:4]/[CH3:6],1,1
591,[CH:1](=[C:2](/[c:3]1[cH:7][cH:11][cH:10][c:9]([Br:12])[cH:8]1)[CH3:5])\[NH:4][CH3:6]>>[CH:1](\[CH:2]([c:3]1[cH:7][cH:11][cH:10][c:9]([Br:12])[cH:8]1)[CH3:5])=[N:4]/[CH3:6],-0.03,60,bromobenzene,333,1.0,[CH:1](=[C:2](/[c:3]1[cH:7][cH:11][cH:10][c:9]([Br:12])[cH:8]1)[CH3:5])\[NH:4][CH3:6],[CH:1](\[CH:2]([c:3]1[cH:7][cH:11][cH:10][c:9]([Br:12])[cH:8]1)[CH3:5])=[N:4]/[CH3:6],1,1
592,[CH:1](=[C:2](/[c:3]1[cH:7][cH:11][cH:10][c:9]([Br:12])[cH:8]1)[CH3:5])\[NH:4][CH3:6]>>[CH:1](\[CH:2]([c:3]1[cH:7][cH:11][cH:10][c:9]([Br:12])[cH:8]1)[CH3:5])=[N:4]/[CH3:6],-0.03,60,bromobenzene,333,1.0,[CH:1](=[C:2](/[c:3]1[cH:7][cH:11][cH:10][c:9]([Br:12])[cH:8]1)[CH3:5])\[NH:4][CH3:6],[CH:1](\[CH:2]([c:3]1[cH:7][cH:11][cH:10][c:9]([Br:12])[cH:8]1)[CH3:5])=[N:4]/[CH3:6],1,1
593,[CH:1](=[C:2](/[c:3]1[cH:7][cH:11][c:10]([Br:12])[cH:9][cH:8]1)[CH3:5])\[NH:4][CH3:6]>>[CH:1](\[CH:2]([c:3]1[cH:7][cH:11][c:10]([Br:12])[cH:9][cH:8]1)[CH3:5])=[N:4]/[CH3:6],0.02,60,bromobenzene,333,1.0,[CH:1](=[C:2](/[c:3]1[cH:7][cH:11][c:10]([Br:12])[cH:9][cH:8]1)[CH3:5])\[NH:4][CH3:6],[CH:1](\[CH:2]([c:3]1[cH:7][cH:11][c:10]([Br:12])[cH:9][cH:8]1)[CH3:5])=[N:4]/[CH3:6],1,1
594,[CH:1](=[C:2](/[c:3]1[cH:7][cH:11][c:10]([O:12][CH3:13])[cH:9][cH:8]1)[CH3:5])\[NH:4][CH3:6]>>[CH:1](\[CH:2]([c:3]1[cH:7][cH:11][c:10]([O:12][CH3:13])[cH:9][cH:8]1)[CH3:5])=[N:4]/[CH3:6],0.48,60,bromobenzene,333,1.0,[CH:1](=[C:2](/[c:3]1[cH:7][cH:11][c:10]([O:12][CH3:13])[cH:9][cH:8]1)[CH3:5])\[NH:4][CH3:6],[CH:1](\[CH:2]([c:3]1[cH:7][cH:11][c:10]([O:12][CH3:13])[cH:9][cH:8]1)[CH3:5])=[N:4]/[CH3:6],1,1
595,[CH:1](=[C:2](/[c:3]1[cH:7][cH:11][cH:10][c:9]([N+:12]([O-:13])=[O:14])[cH:8]1)[CH3:5])\[NH:4][CH3:6]>>[CH:1](\[CH:2]([c:3]1[cH:7][cH:11][cH:10][c:9]([N+:12]([O-:13])=[O:14])[cH:8]1)[CH3:5])=[N:4]/[CH3:6],-0.32,60,bromobenzene,333,1.0,[CH:1](=[C:2](/[c:3]1[cH:7][cH:11][cH:10][c:9]([N+:12]([O-:13])=[O:14])[cH:8]1)[CH3:5])\[NH:4][CH3:6],[CH:1](\[CH:2]([c:3]1[cH:7][cH:11][cH:10][c:9]([N+:12]([O-:13])=[O:14])[cH:8]1)[CH3:5])=[N:4]/[CH3:6],1,1
596,[CH:1](=[C:2](/[c:3]1[cH:7][cH:11][c:10]([N+:12]([O-:13])=[O:14])[cH:9][cH:8]1)[CH3:5])\[NH:4][CH3:6]>>[CH:1](\[CH:2]([c:3]1[cH:7][cH:11][c:10]([N+:12]([O-:13])=[O:14])[cH:9][cH:8]1)[CH3:5])=[N:4]/[CH3:6],-0.88,60,bromobenzene,333,1.0,[CH:1](=[C:2](/[c:3]1[cH:7][cH:11][c:10]([N+:12]([O-:13])=[O:14])[cH:9][cH:8]1)[CH3:5])\[NH:4][CH3:6],[CH:1](\[CH:2]([c:3]1[cH:7][cH:11][c:10]([N+:12]([O-:13])=[O:14])[cH:9][cH:8]1)[CH3:5])=[N:4]/[CH3:6],1,1
597,[CH:1](=[C:2](/[c:3]1[cH:7][cH:11][cH:10][cH:9][cH:8]1)[CH3:5])\[NH:4][c:6]1[cH:12][cH:13][cH:14][cH:15][cH:16]1>>[CH:1](\[CH:2]([c:3]1[cH:7][cH:11][cH:10][cH:9][cH:8]1)[CH3:5])=[N:4]/[c:6]1[cH:12][cH:13][cH:14][cH:15][cH:16]1,-1.08,60,bromobenzene,333,1.0,[CH:1](=[C:2](/[c:3]1[cH:7][cH:11][cH:10][cH:9][cH:8]1)[CH3:5])\[NH:4][c:6]1[cH:12][cH:13][cH:14][cH:15][cH:16]1,[CH:1](\[CH:2]([c:3]1[cH:7][cH:11][cH:10][cH:9][cH:8]1)[CH3:5])=[N:4]/[c:6]1[cH:12][cH:13][cH:14][cH:15][cH:16]1,1,1
598,[CH:1](=[C:2](/[c:3]1[cH:7][cH:11][cH:10][cH:9][cH:8]1)[CH3:5])\[NH:4][c:6]1[cH:12][cH:13][cH:14][c:15]([CH3:17])[cH:16]1>>[CH:1](\[CH:2]([c:3]1[cH:7][cH:11][cH:10][cH:9][cH:8]1)[CH3:5])=[N:4]/[c:6]1[cH:12][cH:13][cH:14][c:15]([CH3:17])[cH:16]1,-1.04,60,bromobenzene,333,1.0,[CH:1](=[C:2](/[c:3]1[cH:7][cH:11][cH:10][cH:9][cH:8]1)[CH3:5])\[NH:4][c:6]1[cH:12][cH:13][cH:14][c:15]([CH3:17])[cH:16]1,[CH:1](\[CH:2]([c:3]1[cH:7][cH:11][cH:10][cH:9][cH:8]1)[CH3:5])=[N:4]/[c:6]1[cH:12][cH:13][cH:14][c:15]([CH3:17])[cH:16]1,1,1
599,[CH:1](=[C:2](/[c:3]1[cH:7][cH:11][cH:10][cH:9][cH:8]1)[CH3:5])\[NH:4][c:6]1[cH:12][cH:13][c:14]([CH3:17])[cH:15][cH:16]1>>[CH:1](\[CH:2]([c:3]1[cH:7][cH:11][cH:10][cH:9][cH:8]1)[CH3:5])=[N:4]/[c:6]1[cH:12][cH:13][c:14]([CH3:17])[cH:15][cH:16]1,-0.86,60,bromobenzene,333,1.0,[CH:1](=[C:2](/[c:3]1[cH:7][cH:11][cH:10][cH:9][cH:8]1)[CH3:5])\[NH:4][c:6]1[cH:12][cH:13][c:14]([CH3:17])[cH:15][cH:16]1,[CH:1](\[CH:2]([c:3]1[cH:7][cH:11][cH:10][cH:9][cH:8]1)[CH3:5])=[N:4]/[c:6]1[cH:12][cH:13][c:14]([CH3:17])[cH:15][cH:16]1,1,1
600,[CH:1](=[C:2](/[c:3]1[cH:7][cH:11][cH:10][cH:9][cH:8]1)[CH3:5])\[NH:4][c:6]1[cH:12][cH:13][cH:14][c:15]([F:17])[cH:16]1>>[CH:1](\[CH:2]([c:3]1[cH:7][cH:11][cH:10][cH:9][cH:8]1)[CH3:5])=[N:4]/[c:6]1[cH:12][cH:13][cH:14][c:15]([F:17])[cH:16]1,-1.22,60,bromobenzene,333,1.0,[CH:1](=[C:2](/[c:3]1[cH:7][cH:11][cH:10][cH:9][cH:8]1)[CH3:5])\[NH:4][c:6]1[cH:12][cH:13][cH:14][c:15]([F:17])[cH:16]1,[CH:1](\[CH:2]([c:3]1[cH:7][cH:11][cH:10][cH:9][cH:8]1)[CH3:5])=[N:4]/[c:6]1[cH:12][cH:13][cH:14][c:15]([F:17])[cH:16]1,1,1
601,[CH:1](=[C:2](/[c:3]1[cH:7][cH:11][cH:10][cH:9][cH:8]1)[CH3:5])\[NH:4][c:6]1[cH:12][cH:13][c:14]([F:17])[cH:15][cH:16]1>>[CH:1](\[CH:2]([c:3]1[cH:7][cH:11][cH:10][cH:9][cH:8]1)[CH3:5])=[N:4]/[c:6]1[cH:12][cH:13][c:14]([F:17])[cH:15][cH:16]1,-0.73,60,bromobenzene,333,1.0,[CH:1](=[C:2](/[c:3]1[cH:7][cH:11][cH:10][cH:9][cH:8]1)[CH3:5])\[NH:4][c:6]1[cH:12][cH:13][c:14]([F:17])[cH:15][cH:16]1,[CH:1](\[CH:2]([c:3]1[cH:7][cH:11][cH:10][cH:9][cH:8]1)[CH3:5])=[N:4]/[c:6]1[cH:12][cH:13][c:14]([F:17])[cH:15][cH:16]1,1,1
602,[CH:1](=[C:2](/[c:3]1[cH:7][cH:11][cH:10][cH:9][cH:8]1)[CH3:5])\[NH:4][c:6]1[cH:12][cH:13][c:14]([Cl:17])[cH:15][cH:16]1>>[CH:1](\[CH:2]([c:3]1[cH:7][cH:11][cH:10][cH:9][cH:8]1)[CH3:5])=[N:4]/[c:6]1[cH:12][cH:13][c:14]([Cl:17])[cH:15][cH:16]1,-1.05,60,bromobenzene,333,1.0,[CH:1](=[C:2](/[c:3]1[cH:7][cH:11][cH:10][cH:9][cH:8]1)[CH3:5])\[NH:4][c:6]1[cH:12][cH:13][c:14]([Cl:17])[cH:15][cH:16]1,[CH:1](\[CH:2]([c:3]1[cH:7][cH:11][cH:10][cH:9][cH:8]1)[CH3:5])=[N:4]/[c:6]1[cH:12][cH:13][c:14]([Cl:17])[cH:15][cH:16]1,1,1
603,[CH:1](=[C:2](/[c:3]1[cH:7][cH:11][cH:10][cH:9][cH:8]1)[CH3:5])\[NH:4][c:6]1[cH:12][cH:13][cH:14][c:15]([Br:17])[cH:16]1>>[CH:1](\[CH:2]([c:3]1[cH:7][cH:11][cH:10][cH:9][cH:8]1)[CH3:5])=[N:4]/[c:6]1[cH:12][cH:13][cH:14][c:15]([Br:17])[cH:16]1,-1.22,60,bromobenzene,333,1.0,[CH:1](=[C:2](/[c:3]1[cH:7][cH:11][cH:10][cH:9][cH:8]1)[CH3:5])\[NH:4][c:6]1[cH:12][cH:13][cH:14][c:15]([Br:17])[cH:16]1,[CH:1](\[CH:2]([c:3]1[cH:7][cH:11][cH:10][cH:9][cH:8]1)[CH3:5])=[N:4]/[c:6]1[cH:12][cH:13][cH:14][c:15]([Br:17])[cH:16]1,1,1
604,[CH:1](=[C:2](/[c:3]1[cH:7][cH:11][cH:10][cH:9][cH:8]1)[CH3:5])\[NH:4][c:6]1[cH:12][cH:13][c:14]([Br:17])[cH:15][cH:16]1>>[CH:1](\[CH:2]([c:3]1[cH:7][cH:11][cH:10][cH:9][cH:8]1)[CH3:5])=[N:4]/[c:6]1[cH:12][cH:13][c:14]([Br:17])[cH:15][cH:16]1,-1.05,60,bromobenzene,333,1.0,[CH:1](=[C:2](/[c:3]1[cH:7][cH:11][cH:10][cH:9][cH:8]1)[CH3:5])\[NH:4][c:6]1[cH:12][cH:13][c:14]([Br:17])[cH:15][cH:16]1,[CH:1](\[CH:2]([c:3]1[cH:7][cH:11][cH:10][cH:9][cH:8]1)[CH3:5])=[N:4]/[c:6]1[cH:12][cH:13][c:14]([Br:17])[cH:15][cH:16]1,1,1
605,[CH:1](=[C:2](/[c:3]1[cH:7][cH:11][cH:10][cH:9][cH:8]1)[CH3:5])\[NH:4][c:6]1[cH:12][cH:13][cH:14][c:15]([O:17][CH3:18])[cH:16]1>>[CH:1](\[CH:2]([c:3]1[cH:7][cH:11][cH:10][cH:9][cH:8]1)[CH3:5])=[N:4]/[c:6]1[cH:12][cH:13][cH:14][c:15]([O:17][CH3:18])[cH:16]1,-1.12,60,bromobenzene,333,1.0,[CH:1](=[C:2](/[c:3]1[cH:7][cH:11][cH:10][cH:9][cH:8]1)[CH3:5])\[NH:4][c:6]1[cH:12][cH:13][cH:14][c:15]([O:17][CH3:18])[cH:16]1,[CH:1](\[CH:2]([c:3]1[cH:7][cH:11][cH:10][cH:9][cH:8]1)[CH3:5])=[N:4]/[c:6]1[cH:12][cH:13][cH:14][c:15]([O:17][CH3:18])[cH:16]1,1,1
606,[CH:1](=[C:2](/[c:3]1[cH:7][cH:11][cH:10][cH:9][cH:8]1)[CH3:5])\[NH:4][c:6]1[cH:12][cH:13][c:14]([O:17][CH3:18])[cH:15][cH:16]1>>[CH:1](\[CH:2]([c:3]1[cH:7][cH:11][cH:10][cH:9][cH:8]1)[CH3:5])=[N:4]/[c:6]1[cH:12][cH:13][c:14]([O:17][CH3:18])[cH:15][cH:16]1,-0.41,60,bromobenzene,333,1.0,[CH:1](=[C:2](/[c:3]1[cH:7][cH:11][cH:10][cH:9][cH:8]1)[CH3:5])\[NH:4][c:6]1[cH:12][cH:13][c:14]([O:17][CH3:18])[cH:15][cH:16]1,[CH:1](\[CH:2]([c:3]1[cH:7][cH:11][cH:10][cH:9][cH:8]1)[CH3:5])=[N:4]/[c:6]1[cH:12][cH:13][c:14]([O:17][CH3:18])[cH:15][cH:16]1,1,1
607,[CH:1](=[C:2](/[c:3]1[cH:7][cH:11][cH:10][cH:9][cH:8]1)[CH3:5])\[NH:4][c:6]1[cH:12][cH:13][c:14]([N:17]([CH3:18])[CH3:19])[cH:15][cH:16]1>>[CH:1](\[CH:2]([c:3]1[cH:7][cH:11][cH:10][cH:9][cH:8]1)[CH3:5])=[N:4]/[c:6]1[cH:12][cH:13][c:14]([N:17]([CH3:18])[CH3:19])[cH:15][cH:16]1,-0.25,60,bromobenzene,333,1.0,[CH:1](=[C:2](/[c:3]1[cH:7][cH:11][cH:10][cH:9][cH:8]1)[CH3:5])\[NH:4][c:6]1[cH:12][cH:13][c:14]([N:17]([CH3:18])[CH3:19])[cH:15][cH:16]1,[CH:1](\[CH:2]([c:3]1[cH:7][cH:11][cH:10][cH:9][cH:8]1)[CH3:5])=[N:4]/[c:6]1[cH:12][cH:13][c:14]([N:17]([CH3:18])[CH3:19])[cH:15][cH:16]1,1,1
608,[CH:1](=[C:2](/[c:3]1[cH:7][cH:11][cH:10][cH:9][cH:8]1)[CH3:5])\[NH:4][c:6]1[cH:12][cH:13][cH:14][c:15]([N+:17](=[O:18])[O-:19])[cH:16]1>>[CH:1](\[CH:2]([c:3]1[cH:7][cH:11][cH:10][cH:9][cH:8]1)[CH3:5])=[N:4]/[c:6]1[cH:12][cH:13][cH:14][c:15]([N+:17](=[O:18])[O-:19])[cH:16]1,-1.42,60,bromobenzene,333,1.0,[CH:1](=[C:2](/[c:3]1[cH:7][cH:11][cH:10][cH:9][cH:8]1)[CH3:5])\[NH:4][c:6]1[cH:12][cH:13][cH:14][c:15]([N+:17](=[O:18])[O-:19])[cH:16]1,[CH:1](\[CH:2]([c:3]1[cH:7][cH:11][cH:10][cH:9][cH:8]1)[CH3:5])=[N:4]/[c:6]1[cH:12][cH:13][cH:14][c:15]([N+:17](=[O:18])[O-:19])[cH:16]1,1,1
609,[CH:1](=[C:2](/[c:3]1[cH:7][cH:11][c:10]([Cl:17])[cH:9][cH:8]1)[CH3:5])\[NH:4][c:6]1[cH:12][cH:13][cH:14][cH:15][cH:16]1>>[CH:1](\[CH:2]([c:3]1[cH:7][cH:11][c:10]([Cl:17])[cH:9][cH:8]1)[CH3:5])=[N:4]/[c:6]1[cH:12][cH:13][cH:14][cH:15][cH:16]1,-1.13,60,bromobenzene,333,1.0,[CH:1](=[C:2](/[c:3]1[cH:7][cH:11][c:10]([Cl:17])[cH:9][cH:8]1)[CH3:5])\[NH:4][c:6]1[cH:12][cH:13][cH:14][cH:15][cH:16]1,[CH:1](\[CH:2]([c:3]1[cH:7][cH:11][c:10]([Cl:17])[cH:9][cH:8]1)[CH3:5])=[N:4]/[c:6]1[cH:12][cH:13][cH:14][cH:15][cH:16]1,1,1
610,[CH:1](=[C:2](/[c:3]1[cH:7][cH:11][c:10]([Cl:17])[cH:9][cH:8]1)[CH3:5])\[NH:4][c:6]1[cH:12][cH:13][cH:14][c:15]([CH3:18])[cH:16]1>>[CH:1](\[CH:2]([c:3]1[cH:7][cH:11][c:10]([Cl:17])[cH:9][cH:8]1)[CH3:5])=[N:4]/[c:6]1[cH:12][cH:13][cH:14][c:15]([CH3:18])[cH:16]1,-1.19,60,bromobenzene,333,1.0,[CH:1](=[C:2](/[c:3]1[cH:7][cH:11][c:10]([Cl:17])[cH:9][cH:8]1)[CH3:5])\[NH:4][c:6]1[cH:12][cH:13][cH:14][c:15]([CH3:18])[cH:16]1,[CH:1](\[CH:2]([c:3]1[cH:7][cH:11][c:10]([Cl:17])[cH:9][cH:8]1)[CH3:5])=[N:4]/[c:6]1[cH:12][cH:13][cH:14][c:15]([CH3:18])[cH:16]1,1,1
611,[CH:1](=[C:2](/[c:3]1[cH:7][cH:11][c:10]([Cl:17])[cH:9][cH:8]1)[CH3:5])\[NH:4][c:6]1[cH:12][cH:13][c:14]([CH3:18])[cH:15][cH:16]1>>[CH:1](\[CH:2]([c:3]1[cH:7][cH:11][c:10]([Cl:17])[cH:9][cH:8]1)[CH3:5])=[N:4]/[c:6]1[cH:12][cH:13][c:14]([CH3:18])[cH:15][cH:16]1,-1.1,60,bromobenzene,333,1.0,[CH:1](=[C:2](/[c:3]1[cH:7][cH:11][c:10]([Cl:17])[cH:9][cH:8]1)[CH3:5])\[NH:4][c:6]1[cH:12][cH:13][c:14]([CH3:18])[cH:15][cH:16]1,[CH:1](\[CH:2]([c:3]1[cH:7][cH:11][c:10]([Cl:17])[cH:9][cH:8]1)[CH3:5])=[N:4]/[c:6]1[cH:12][cH:13][c:14]([CH3:18])[cH:15][cH:16]1,1,1
612,[CH:1](=[C:2](/[c:3]1[cH:7][cH:11][c:10]([Cl:17])[cH:9][cH:8]1)[CH3:5])\[NH:4][c:6]1[cH:12][cH:13][c:14]([F:18])[cH:15][cH:16]1>>[CH:1](\[CH:2]([c:3]1[cH:7][cH:11][c:10]([Cl:17])[cH:9][cH:8]1)[CH3:5])=[N:4]/[c:6]1[cH:12][cH:13][c:14]([F:18])[cH:15][cH:16]1,-0.83,60,bromobenzene,333,1.0,[CH:1](=[C:2](/[c:3]1[cH:7][cH:11][c:10]([Cl:17])[cH:9][cH:8]1)[CH3:5])\[NH:4][c:6]1[cH:12][cH:13][c:14]([F:18])[cH:15][cH:16]1,[CH:1](\[CH:2]([c:3]1[cH:7][cH:11][c:10]([Cl:17])[cH:9][cH:8]1)[CH3:5])=[N:4]/[c:6]1[cH:12][cH:13][c:14]([F:18])[cH:15][cH:16]1,1,1
613,[CH:1](=[C:2](/[c:3]1[cH:7][cH:11][c:10]([Cl:17])[cH:9][cH:8]1)[CH3:5])\[NH:4][c:6]1[cH:12][cH:13][c:14]([Cl:18])[cH:15][cH:16]1>>[CH:1](\[CH:2]([c:3]1[cH:7][cH:11][c:10]([Cl:17])[cH:9][cH:8]1)[CH3:5])=[N:4]/[c:6]1[cH:12][cH:13][c:14]([Cl:18])[cH:15][cH:16]1,-1.17,60,bromobenzene,333,1.0,[CH:1](=[C:2](/[c:3]1[cH:7][cH:11][c:10]([Cl:17])[cH:9][cH:8]1)[CH3:5])\[NH:4][c:6]1[cH:12][cH:13][c:14]([Cl:18])[cH:15][cH:16]1,[CH:1](\[CH:2]([c:3]1[cH:7][cH:11][c:10]([Cl:17])[cH:9][cH:8]1)[CH3:5])=[N:4]/[c:6]1[cH:12][cH:13][c:14]([Cl:18])[cH:15][cH:16]1,1,1
614,[CH:1](=[C:2](/[c:3]1[cH:7][cH:11][c:10]([Cl:17])[cH:9][cH:8]1)[CH3:5])\[NH:4][c:6]1[cH:12][cH:13][c:14]([Br:18])[cH:15][cH:16]1>>[CH:1](\[CH:2]([c:3]1[cH:7][cH:11][c:10]([Cl:17])[cH:9][cH:8]1)[CH3:5])=[N:4]/[c:6]1[cH:12][cH:13][c:14]([Br:18])[cH:15][cH:16]1,-1.19,60,bromobenzene,333,1.0,[CH:1](=[C:2](/[c:3]1[cH:7][cH:11][c:10]([Cl:17])[cH:9][cH:8]1)[CH3:5])\[NH:4][c:6]1[cH:12][cH:13][c:14]([Br:18])[cH:15][cH:16]1,[CH:1](\[CH:2]([c:3]1[cH:7][cH:11][c:10]([Cl:17])[cH:9][cH:8]1)[CH3:5])=[N:4]/[c:6]1[cH:12][cH:13][c:14]([Br:18])[cH:15][cH:16]1,1,1
615,[CH:1](=[C:2](/[c:3]1[cH:7][cH:11][c:10]([Cl:17])[cH:9][cH:8]1)[CH3:5])\[NH:4][c:6]1[cH:12][cH:13][cH:14][c:15]([O:18][CH3:19])[cH:16]1>>[CH:1](\[CH:2]([c:3]1[cH:7][cH:11][c:10]([Cl:17])[cH:9][cH:8]1)[CH3:5])=[N:4]/[c:6]1[cH:12][cH:13][cH:14][c:15]([O:18][CH3:19])[cH:16]1,-1.23,60,bromobenzene,333,1.0,[CH:1](=[C:2](/[c:3]1[cH:7][cH:11][c:10]([Cl:17])[cH:9][cH:8]1)[CH3:5])\[NH:4][c:6]1[cH:12][cH:13][cH:14][c:15]([O:18][CH3:19])[cH:16]1,[CH:1](\[CH:2]([c:3]1[cH:7][cH:11][c:10]([Cl:17])[cH:9][cH:8]1)[CH3:5])=[N:4]/[c:6]1[cH:12][cH:13][cH:14][c:15]([O:18][CH3:19])[cH:16]1,1,1
616,[CH:1](=[C:2](/[c:3]1[cH:7][cH:11][c:10]([Cl:17])[cH:9][cH:8]1)[CH3:5])\[NH:4][c:6]1[cH:12][cH:13][c:14]([N:18]([CH3:19])[CH3:20])[cH:15][cH:16]1>>[CH:1](\[CH:2]([c:3]1[cH:7][cH:11][c:10]([Cl:17])[cH:9][cH:8]1)[CH3:5])=[N:4]/[c:6]1[cH:12][cH:13][c:14]([N:18]([CH3:19])[CH3:20])[cH:15][cH:16]1,-0.33,60,bromobenzene,333,1.0,[CH:1](=[C:2](/[c:3]1[cH:7][cH:11][c:10]([Cl:17])[cH:9][cH:8]1)[CH3:5])\[NH:4][c:6]1[cH:12][cH:13][c:14]([N:18]([CH3:19])[CH3:20])[cH:15][cH:16]1,[CH:1](\[CH:2]([c:3]1[cH:7][cH:11][c:10]([Cl:17])[cH:9][cH:8]1)[CH3:5])=[N:4]/[c:6]1[cH:12][cH:13][c:14]([N:18]([CH3:19])[CH3:20])[cH:15][cH:16]1,1,1
617,[CH:1](=[C:2](/[c:3]1[cH:7][cH:11][c:10]([O:17][CH3:18])[cH:9][cH:8]1)[CH3:5])\[NH:4][c:6]1[cH:12][cH:13][cH:14][cH:15][cH:16]1>>[CH:1](\[CH:2]([c:3]1[cH:7][cH:11][c:10]([O:17][CH3:18])[cH:9][cH:8]1)[CH3:5])=[N:4]/[c:6]1[cH:12][cH:13][cH:14][cH:15][cH:16]1,-0.92,60,bromobenzene,333,1.0,[CH:1](=[C:2](/[c:3]1[cH:7][cH:11][c:10]([O:17][CH3:18])[cH:9][cH:8]1)[CH3:5])\[NH:4][c:6]1[cH:12][cH:13][cH:14][cH:15][cH:16]1,[CH:1](\[CH:2]([c:3]1[cH:7][cH:11][c:10]([O:17][CH3:18])[cH:9][cH:8]1)[CH3:5])=[N:4]/[c:6]1[cH:12][cH:13][cH:14][cH:15][cH:16]1,1,1
618,[CH:1](=[C:2](/[c:3]1[cH:7][cH:11][c:10]([O:17][CH3:18])[cH:9][cH:8]1)[CH3:5])\[NH:4][c:6]1[cH:12][cH:13][cH:14][c:15]([CH3:19])[cH:16]1>>[CH:1](\[CH:2]([c:3]1[cH:7][cH:11][c:10]([O:17][CH3:18])[cH:9][cH:8]1)[CH3:5])=[N:4]/[c:6]1[cH:12][cH:13][cH:14][c:15]([CH3:19])[cH:16]1,-1.0,60,bromobenzene,333,1.0,[CH:1](=[C:2](/[c:3]1[cH:7][cH:11][c:10]([O:17][CH3:18])[cH:9][cH:8]1)[CH3:5])\[NH:4][c:6]1[cH:12][cH:13][cH:14][c:15]([CH3:19])[cH:16]1,[CH:1](\[CH:2]([c:3]1[cH:7][cH:11][c:10]([O:17][CH3:18])[cH:9][cH:8]1)[CH3:5])=[N:4]/[c:6]1[cH:12][cH:13][cH:14][c:15]([CH3:19])[cH:16]1,1,1
619,[CH:1](=[C:2](/[c:3]1[cH:7][cH:11][c:10]([O:17][CH3:18])[cH:9][cH:8]1)[CH3:5])\[NH:4][c:6]1[cH:12][cH:13][c:14]([CH3:19])[cH:15][cH:16]1>>[CH:1](\[CH:2]([c:3]1[cH:7][cH:11][c:10]([O:17][CH3:18])[cH:9][cH:8]1)[CH3:5])=[N:4]/[c:6]1[cH:12][cH:13][c:14]([CH3:19])[cH:15][cH:16]1,-0.77,60,bromobenzene,333,1.0,[CH:1](=[C:2](/[c:3]1[cH:7][cH:11][c:10]([O:17][CH3:18])[cH:9][cH:8]1)[CH3:5])\[NH:4][c:6]1[cH:12][cH:13][c:14]([CH3:19])[cH:15][cH:16]1,[CH:1](\[CH:2]([c:3]1[cH:7][cH:11][c:10]([O:17][CH3:18])[cH:9][cH:8]1)[CH3:5])=[N:4]/[c:6]1[cH:12][cH:13][c:14]([CH3:19])[cH:15][cH:16]1,1,1
620,[CH:1](=[C:2](/[c:3]1[cH:7][cH:11][c:10]([O:17][CH3:18])[cH:9][cH:8]1)[CH3:5])\[NH:4][c:6]1[cH:12][cH:13][cH:14][c:15]([F:19])[cH:16]1>>[CH:1](\[CH:2]([c:3]1[cH:7][cH:11][c:10]([O:17][CH3:18])[cH:9][cH:8]1)[CH3:5])=[N:4]/[c:6]1[cH:12][cH:13][cH:14][c:15]([F:19])[cH:16]1,-1.15,60,bromobenzene,333,1.0,[CH:1](=[C:2](/[c:3]1[cH:7][cH:11][c:10]([O:17][CH3:18])[cH:9][cH:8]1)[CH3:5])\[NH:4][c:6]1[cH:12][cH:13][cH:14][c:15]([F:19])[cH:16]1,[CH:1](\[CH:2]([c:3]1[cH:7][cH:11][c:10]([O:17][CH3:18])[cH:9][cH:8]1)[CH3:5])=[N:4]/[c:6]1[cH:12][cH:13][cH:14][c:15]([F:19])[cH:16]1,1,1
621,[CH:1](=[C:2](/[c:3]1[cH:7][cH:11][c:10]([O:17][CH3:18])[cH:9][cH:8]1)[CH3:5])\[NH:4][c:6]1[cH:12][cH:13][c:14]([F:19])[cH:15][cH:16]1>>[CH:1](\[CH:2]([c:3]1[cH:7][cH:11][c:10]([O:17][CH3:18])[cH:9][cH:8]1)[CH3:5])=[N:4]/[c:6]1[cH:12][cH:13][c:14]([F:19])[cH:15][cH:16]1,-0.53,60,bromobenzene,333,1.0,[CH:1](=[C:2](/[c:3]1[cH:7][cH:11][c:10]([O:17][CH3:18])[cH:9][cH:8]1)[CH3:5])\[NH:4][c:6]1[cH:12][cH:13][c:14]([F:19])[cH:15][cH:16]1,[CH:1](\[CH:2]([c:3]1[cH:7][cH:11][c:10]([O:17][CH3:18])[cH:9][cH:8]1)[CH3:5])=[N:4]/[c:6]1[cH:12][cH:13][c:14]([F:19])[cH:15][cH:16]1,1,1
622,[CH:1](=[C:2](/[c:3]1[cH:7][cH:11][c:10]([O:17][CH3:18])[cH:9][cH:8]1)[CH3:5])\[NH:4][c:6]1[cH:12][cH:13][c:14]([Cl:19])[cH:15][cH:16]1>>[CH:1](\[CH:2]([c:3]1[cH:7][cH:11][c:10]([O:17][CH3:18])[cH:9][cH:8]1)[CH3:5])=[N:4]/[c:6]1[cH:12][cH:13][c:14]([Cl:19])[cH:15][cH:16]1,-0.92,60,bromobenzene,333,1.0,[CH:1](=[C:2](/[c:3]1[cH:7][cH:11][c:10]([O:17][CH3:18])[cH:9][cH:8]1)[CH3:5])\[NH:4][c:6]1[cH:12][cH:13][c:14]([Cl:19])[cH:15][cH:16]1,[CH:1](\[CH:2]([c:3]1[cH:7][cH:11][c:10]([O:17][CH3:18])[cH:9][cH:8]1)[CH3:5])=[N:4]/[c:6]1[cH:12][cH:13][c:14]([Cl:19])[cH:15][cH:16]1,1,1
623,[CH:1](=[C:2](/[c:3]1[cH:7][cH:11][c:10]([O:17][CH3:18])[cH:9][cH:8]1)[CH3:5])\[NH:4][c:6]1[cH:12][cH:13][cH:14][c:15]([Br:19])[cH:16]1>>[CH:1](\[CH:2]([c:3]1[cH:7][cH:11][c:10]([O:17][CH3:18])[cH:9][cH:8]1)[CH3:5])=[N:4]/[c:6]1[cH:12][cH:13][cH:14][c:15]([Br:19])[cH:16]1,-1.26,60,bromobenzene,333,1.0,[CH:1](=[C:2](/[c:3]1[cH:7][cH:11][c:10]([O:17][CH3:18])[cH:9][cH:8]1)[CH3:5])\[NH:4][c:6]1[cH:12][cH:13][cH:14][c:15]([Br:19])[cH:16]1,[CH:1](\[CH:2]([c:3]1[cH:7][cH:11][c:10]([O:17][CH3:18])[cH:9][cH:8]1)[CH3:5])=[N:4]/[c:6]1[cH:12][cH:13][cH:14][c:15]([Br:19])[cH:16]1,1,1
624,[CH:1](=[C:2](/[c:3]1[cH:7][cH:11][c:10]([O:17][CH3:18])[cH:9][cH:8]1)[CH3:5])\[NH:4][c:6]1[cH:12][cH:13][c:14]([Br:19])[cH:15][cH:16]1>>[CH:1](\[CH:2]([c:3]1[cH:7][cH:11][c:10]([O:17][CH3:18])[cH:9][cH:8]1)[CH3:5])=[N:4]/[c:6]1[cH:12][cH:13][c:14]([Br:19])[cH:15][cH:16]1,-0.92,60,bromobenzene,333,1.0,[CH:1](=[C:2](/[c:3]1[cH:7][cH:11][c:10]([O:17][CH3:18])[cH:9][cH:8]1)[CH3:5])\[NH:4][c:6]1[cH:12][cH:13][c:14]([Br:19])[cH:15][cH:16]1,[CH:1](\[CH:2]([c:3]1[cH:7][cH:11][c:10]([O:17][CH3:18])[cH:9][cH:8]1)[CH3:5])=[N:4]/[c:6]1[cH:12][cH:13][c:14]([Br:19])[cH:15][cH:16]1,1,1
625,[CH:1](=[C:2](/[c:3]1[cH:7][cH:11][c:10]([O:17][CH3:18])[cH:9][cH:8]1)[CH3:5])\[NH:4][c:6]1[cH:12][cH:13][c:14]([N:19]([CH3:20])[CH3:21])[cH:15][cH:16]1>>[CH:1](\[CH:2]([c:3]1[cH:7][cH:11][c:10]([O:17][CH3:18])[cH:9][cH:8]1)[CH3:5])=[N:4]/[c:6]1[cH:12][cH:13][c:14]([N:19]([CH3:20])[CH3:21])[cH:15][cH:16]1,-0.07,60,bromobenzene,333,1.0,[CH:1](=[C:2](/[c:3]1[cH:7][cH:11][c:10]([O:17][CH3:18])[cH:9][cH:8]1)[CH3:5])\[NH:4][c:6]1[cH:12][cH:13][c:14]([N:19]([CH3:20])[CH3:21])[cH:15][cH:16]1,[CH:1](\[CH:2]([c:3]1[cH:7][cH:11][c:10]([O:17][CH3:18])[cH:9][cH:8]1)[CH3:5])=[N:4]/[c:6]1[cH:12][cH:13][c:14]([N:19]([CH3:20])[CH3:21])[cH:15][cH:16]1,1,1
626,[CH:1](=[C:2](/[c:3]1[cH:7][cH:11][c:10]([O:17][CH3:18])[cH:9][cH:8]1)[CH3:5])\[NH:4][c:6]1[cH:12][cH:13][cH:14][c:15]([N+:19](=[O:20])[O-:21])[cH:16]1>>[CH:1](\[CH:2]([c:3]1[cH:7][cH:11][c:10]([O:17][CH3:18])[cH:9][cH:8]1)[CH3:5])=[N:4]/[c:6]1[cH:12][cH:13][cH:14][c:15]([N+:19](=[O:20])[O-:21])[cH:16]1,-1.38,60,bromobenzene,333,1.0,[CH:1](=[C:2](/[c:3]1[cH:7][cH:11][c:10]([O:17][CH3:18])[cH:9][cH:8]1)[CH3:5])\[NH:4][c:6]1[cH:12][cH:13][cH:14][c:15]([N+:19](=[O:20])[O-:21])[cH:16]1,[CH:1](\[CH:2]([c:3]1[cH:7][cH:11][c:10]([O:17][CH3:18])[cH:9][cH:8]1)[CH3:5])=[N:4]/[c:6]1[cH:12][cH:13][cH:14][c:15]([N+:19](=[O:20])[O-:21])[cH:16]1,1,1
627,[CH:1](=[C:2](/[c:3]1[cH:7][cH:11][c:10]([O:17][CH3:18])[cH:9][cH:8]1)[CH3:5])\[NH:4][c:6]1[cH:12][cH:13][cH:14][c:15]([C:19]([F:20])([F:21])[F:22])[cH:16]1>>[CH:1](\[CH:2]([c:3]1[cH:7][cH:11][c:10]([O:17][CH3:18])[cH:9][cH:8]1)[CH3:5])=[N:4]/[c:6]1[cH:12][cH:13][cH:14][c:15]([C:19]([F:20])([F:21])[F:22])[cH:16]1,-1.24,60,bromobenzene,333,1.0,[CH:1](=[C:2](/[c:3]1[cH:7][cH:11][c:10]([O:17][CH3:18])[cH:9][cH:8]1)[CH3:5])\[NH:4][c:6]1[cH:12][cH:13][cH:14][c:15]([C:19]([F:20])([F:21])[F:22])[cH:16]1,[CH:1](\[CH:2]([c:3]1[cH:7][cH:11][c:10]([O:17][CH3:18])[cH:9][cH:8]1)[CH3:5])=[N:4]/[c:6]1[cH:12][cH:13][cH:14][c:15]([C:19]([F:20])([F:21])[F:22])[cH:16]1,1,1
628,[CH:1](=[C:2](/[c:3]1[cH:7][cH:11][cH:10][cH:9][cH:8]1)[CH3:5])\[NH:4][c:6]1[cH:12][cH:13][c:14]([O:17][CH3:18])[cH:15][cH:16]1>>[CH:1](\[CH:2]([c:3]1[cH:7][cH:11][cH:10][cH:9][cH:8]1)[CH3:5])=[N:4]/[c:6]1[cH:12][cH:13][c:14]([O:17][CH3:18])[cH:15][cH:16]1,-0.44,60,bromobenzene,333,1.0,[CH:1](=[C:2](/[c:3]1[cH:7][cH:11][cH:10][cH:9][cH:8]1)[CH3:5])\[NH:4][c:6]1[cH:12][cH:13][c:14]([O:17][CH3:18])[cH:15][cH:16]1,[CH:1](\[CH:2]([c:3]1[cH:7][cH:11][cH:10][cH:9][cH:8]1)[CH3:5])=[N:4]/[c:6]1[cH:12][cH:13][c:14]([O:17][CH3:18])[cH:15][cH:16]1,1,1
629,[CH:1](=[C:2](/[c:3]1[cH:7][cH:11][c:10]([CH3:19])[cH:9][cH:8]1)[CH3:5])\[NH:4][c:6]1[cH:12][cH:13][c:14]([O:17][CH3:18])[cH:15][cH:16]1>>[CH:1](\[CH:2]([c:3]1[cH:7][cH:11][c:10]([CH3:19])[cH:9][cH:8]1)[CH3:5])=[N:4]/[c:6]1[cH:12][cH:13][c:14]([O:17][CH3:18])[cH:15][cH:16]1,-0.41,60,bromobenzene,333,1.0,[CH:1](=[C:2](/[c:3]1[cH:7][cH:11][c:10]([CH3:19])[cH:9][cH:8]1)[CH3:5])\[NH:4][c:6]1[cH:12][cH:13][c:14]([O:17][CH3:18])[cH:15][cH:16]1,[CH:1](\[CH:2]([c:3]1[cH:7][cH:11][c:10]([CH3:19])[cH:9][cH:8]1)[CH3:5])=[N:4]/[c:6]1[cH:12][cH:13][c:14]([O:17][CH3:18])[cH:15][cH:16]1,1,1
630,[CH:1](=[C:2](/[c:3]1[cH:7][cH:11][c:10]([Cl:19])[cH:9][cH:8]1)[CH3:5])\[NH:4][c:6]1[cH:12][cH:13][c:14]([O:17][CH3:18])[cH:15][cH:16]1>>[CH:1](\[CH:2]([c:3]1[cH:7][cH:11][c:10]([Cl:19])[cH:9][cH:8]1)[CH3:5])=[N:4]/[c:6]1[cH:12][cH:13][c:14]([O:17][CH3:18])[cH:15][cH:16]1,-0.61,60,bromobenzene,333,1.0,[CH:1](=[C:2](/[c:3]1[cH:7][cH:11][c:10]([Cl:19])[cH:9][cH:8]1)[CH3:5])\[NH:4][c:6]1[cH:12][cH:13][c:14]([O:17][CH3:18])[cH:15][cH:16]1,[CH:1](\[CH:2]([c:3]1[cH:7][cH:11][c:10]([Cl:19])[cH:9][cH:8]1)[CH3:5])=[N:4]/[c:6]1[cH:12][cH:13][c:14]([O:17][CH3:18])[cH:15][cH:16]1,1,1
631,[CH:1](=[C:2](/[c:3]1[cH:7][cH:11][c:10]([Cl:17])[cH:9][cH:8]1)[CH3:5])\[NH:4][c:6]1[cH:12][cH:13][c:14]([O:18][CH3:19])[cH:15][cH:16]1>>[CH:1](\[CH:2]([c:3]1[cH:7][cH:11][c:10]([Cl:17])[cH:9][cH:8]1)[CH3:5])=[N:4]/[c:6]1[cH:12][cH:13][c:14]([O:18][CH3:19])[cH:15][cH:16]1,-0.61,60,bromobenzene,333,1.0,[CH:1](=[C:2](/[c:3]1[cH:7][cH:11][c:10]([Cl:17])[cH:9][cH:8]1)[CH3:5])\[NH:4][c:6]1[cH:12][cH:13][c:14]([O:18][CH3:19])[cH:15][cH:16]1,[CH:1](\[CH:2]([c:3]1[cH:7][cH:11][c:10]([Cl:17])[cH:9][cH:8]1)[CH3:5])=[N:4]/[c:6]1[cH:12][cH:13][c:14]([O:18][CH3:19])[cH:15][cH:16]1,1,1
632,[CH:1](=[C:2](/[c:3]1[cH:7][cH:11][c:10]([Br:19])[cH:9][cH:8]1)[CH3:5])\[NH:4][c:6]1[cH:12][cH:13][c:14]([O:17][CH3:18])[cH:15][cH:16]1>>[CH:1](\[CH:2]([c:3]1[cH:7][cH:11][c:10]([Br:19])[cH:9][cH:8]1)[CH3:5])=[N:4]/[c:6]1[cH:12][cH:13][c:14]([O:17][CH3:18])[cH:15][cH:16]1,-0.63,60,bromobenzene,333,1.0,[CH:1](=[C:2](/[c:3]1[cH:7][cH:11][c:10]([Br:19])[cH:9][cH:8]1)[CH3:5])\[NH:4][c:6]1[cH:12][cH:13][c:14]([O:17][CH3:18])[cH:15][cH:16]1,[CH:1](\[CH:2]([c:3]1[cH:7][cH:11][c:10]([Br:19])[cH:9][cH:8]1)[CH3:5])=[N:4]/[c:6]1[cH:12][cH:13][c:14]([O:17][CH3:18])[cH:15][cH:16]1,1,1
633,[CH:1](=[C:2](/[c:3]1[cH:7][cH:11][c:10]([O:19][CH3:20])[cH:9][cH:8]1)[CH3:5])\[NH:4][c:6]1[cH:12][cH:13][c:14]([O:17][CH3:18])[cH:15][cH:16]1>>[CH:1](\[CH:2]([c:3]1[cH:7][cH:11][c:10]([O:19][CH3:20])[cH:9][cH:8]1)[CH3:5])=[N:4]/[c:6]1[cH:12][cH:13][c:14]([O:17][CH3:18])[cH:15][cH:16]1,-0.36,60,bromobenzene,333,1.0,[CH:1](=[C:2](/[c:3]1[cH:7][cH:11][c:10]([O:19][CH3:20])[cH:9][cH:8]1)[CH3:5])\[NH:4][c:6]1[cH:12][cH:13][c:14]([O:17][CH3:18])[cH:15][cH:16]1,[CH:1](\[CH:2]([c:3]1[cH:7][cH:11][c:10]([O:19][CH3:20])[cH:9][cH:8]1)[CH3:5])=[N:4]/[c:6]1[cH:12][cH:13][c:14]([O:17][CH3:18])[cH:15][cH:16]1,1,1
634,[CH:1](=[C:2](/[c:3]1[cH:7][cH:11][c:10]([O:17][CH3:18])[cH:9][cH:8]1)[CH3:5])\[NH:4][c:6]1[cH:12][cH:13][c:14]([O:19][CH3:20])[cH:15][cH:16]1>>[CH:1](\[CH:2]([c:3]1[cH:7][cH:11][c:10]([O:17][CH3:18])[cH:9][cH:8]1)[CH3:5])=[N:4]/[c:6]1[cH:12][cH:13][c:14]([O:19][CH3:20])[cH:15][cH:16]1,-0.36,60,bromobenzene,333,1.0,[CH:1](=[C:2](/[c:3]1[cH:7][cH:11][c:10]([O:17][CH3:18])[cH:9][cH:8]1)[CH3:5])\[NH:4][c:6]1[cH:12][cH:13][c:14]([O:19][CH3:20])[cH:15][cH:16]1,[CH:1](\[CH:2]([c:3]1[cH:7][cH:11][c:10]([O:17][CH3:18])[cH:9][cH:8]1)[CH3:5])=[N:4]/[c:6]1[cH:12][cH:13][c:14]([O:19][CH3:20])[cH:15][cH:16]1,1,1
635,[CH:1](=[C:2](/[c:3]1[cH:7][cH:11][cH:10][c:9]([N+:19](=[O:20])[O-:21])[cH:8]1)[CH3:5])\[NH:4][c:6]1[cH:12][cH:13][c:14]([O:17][CH3:18])[cH:15][cH:16]1>>[CH:1](\[CH:2]([c:3]1[cH:7][cH:11][cH:10][c:9]([N+:19](=[O:20])[O-:21])[cH:8]1)[CH3:5])=[N:4]/[c:6]1[cH:12][cH:13][c:14]([O:17][CH3:18])[cH:15][cH:16]1,-0.91,60,bromobenzene,333,1.0,[CH:1](=[C:2](/[c:3]1[cH:7][cH:11][cH:10][c:9]([N+:19](=[O:20])[O-:21])[cH:8]1)[CH3:5])\[NH:4][c:6]1[cH:12][cH:13][c:14]([O:17][CH3:18])[cH:15][cH:16]1,[CH:1](\[CH:2]([c:3]1[cH:7][cH:11][cH:10][c:9]([N+:19](=[O:20])[O-:21])[cH:8]1)[CH3:5])=[N:4]/[c:6]1[cH:12][cH:13][c:14]([O:17][CH3:18])[cH:15][cH:16]1,1,1
636,[CH:1](=[C:2](/[c:3]1[cH:7][cH:11][cH:10][cH:9][cH:8]1)[CH3:5])\[NH:4][CH2:6][c:12]1[cH:13][cH:14][cH:15][cH:16][cH:17]1>>[CH:1](\[CH:2]([c:3]1[cH:7][cH:11][cH:10][cH:9][cH:8]1)[CH3:5])=[N:4]/[CH2:6][c:12]1[cH:13][cH:14][cH:15][cH:16][cH:17]1,0.05,60,bromobenzene,333,1.0,[CH:1](=[C:2](/[c:3]1[cH:7][cH:11][cH:10][cH:9][cH:8]1)[CH3:5])\[NH:4][CH2:6][c:12]1[cH:13][cH:14][cH:15][cH:16][cH:17]1,[CH:1](\[CH:2]([c:3]1[cH:7][cH:11][cH:10][cH:9][cH:8]1)[CH3:5])=[N:4]/[CH2:6][c:12]1[cH:13][cH:14][cH:15][cH:16][cH:17]1,1,1
637,[CH:1](=[C:2](/[c:3]1[cH:7][cH:11][c:10]([CH3:18])[cH:9][cH:8]1)[CH3:5])\[NH:4][CH2:6][c:12]1[cH:13][cH:14][cH:15][cH:16][cH:17]1>>[CH:1](\[CH:2]([c:3]1[cH:7][cH:11][c:10]([CH3:18])[cH:9][cH:8]1)[CH3:5])=[N:4]/[CH2:6][c:12]1[cH:13][cH:14][cH:15][cH:16][cH:17]1,0.2,60,bromobenzene,333,1.0,[CH:1](=[C:2](/[c:3]1[cH:7][cH:11][c:10]([CH3:18])[cH:9][cH:8]1)[CH3:5])\[NH:4][CH2:6][c:12]1[cH:13][cH:14][cH:15][cH:16][cH:17]1,[CH:1](\[CH:2]([c:3]1[cH:7][cH:11][c:10]([CH3:18])[cH:9][cH:8]1)[CH3:5])=[N:4]/[CH2:6][c:12]1[cH:13][cH:14][cH:15][cH:16][cH:17]1,1,1
638,[CH:1](=[C:2](/[c:3]1[cH:7][cH:11][c:10]([Cl:18])[cH:9][cH:8]1)[CH3:5])\[NH:4][CH2:6][c:12]1[cH:13][cH:14][cH:15][cH:16][cH:17]1>>[CH:1](\[CH:2]([c:3]1[cH:7][cH:11][c:10]([Cl:18])[cH:9][cH:8]1)[CH3:5])=[N:4]/[CH2:6][c:12]1[cH:13][cH:14][cH:15][cH:16][cH:17]1,-0.07,60,bromobenzene,333,1.0,[CH:1](=[C:2](/[c:3]1[cH:7][cH:11][c:10]([Cl:18])[cH:9][cH:8]1)[CH3:5])\[NH:4][CH2:6][c:12]1[cH:13][cH:14][cH:15][cH:16][cH:17]1,[CH:1](\[CH:2]([c:3]1[cH:7][cH:11][c:10]([Cl:18])[cH:9][cH:8]1)[CH3:5])=[N:4]/[CH2:6][c:12]1[cH:13][cH:14][cH:15][cH:16][cH:17]1,1,1
639,[CH:1](=[C:2](/[c:3]1[cH:7][cH:11][c:10]([Br:18])[cH:9][cH:8]1)[CH3:5])\[NH:4][CH2:6][c:12]1[cH:13][cH:14][cH:15][cH:16][cH:17]1>>[CH:1](\[CH:2]([c:3]1[cH:7][cH:11][c:10]([Br:18])[cH:9][cH:8]1)[CH3:5])=[N:4]/[CH2:6][c:12]1[cH:13][cH:14][cH:15][cH:16][cH:17]1,-0.13,60,bromobenzene,333,1.0,[CH:1](=[C:2](/[c:3]1[cH:7][cH:11][c:10]([Br:18])[cH:9][cH:8]1)[CH3:5])\[NH:4][CH2:6][c:12]1[cH:13][cH:14][cH:15][cH:16][cH:17]1,[CH:1](\[CH:2]([c:3]1[cH:7][cH:11][c:10]([Br:18])[cH:9][cH:8]1)[CH3:5])=[N:4]/[CH2:6][c:12]1[cH:13][cH:14][cH:15][cH:16][cH:17]1,1,1
640,[CH:1](=[C:2](/[c:3]1[cH:7][cH:11][c:10]([O:18][CH3:19])[cH:9][cH:8]1)[CH3:5])\[NH:4][CH2:6][c:12]1[cH:13][cH:14][cH:15][cH:16][cH:17]1>>[CH:1](\[CH:2]([c:3]1[cH:7][cH:11][c:10]([O:18][CH3:19])[cH:9][cH:8]1)[CH3:5])=[N:4]/[CH2:6][c:12]1[cH:13][cH:14][cH:15][cH:16][cH:17]1,0.21,60,bromobenzene,333,1.0,[CH:1](=[C:2](/[c:3]1[cH:7][cH:11][c:10]([O:18][CH3:19])[cH:9][cH:8]1)[CH3:5])\[NH:4][CH2:6][c:12]1[cH:13][cH:14][cH:15][cH:16][cH:17]1,[CH:1](\[CH:2]([c:3]1[cH:7][cH:11][c:10]([O:18][CH3:19])[cH:9][cH:8]1)[CH3:5])=[N:4]/[CH2:6][c:12]1[cH:13][cH:14][cH:15][cH:16][cH:17]1,1,1
641,[CH:1](=[C:2](/[c:3]1[cH:6][cH:10][c:9]([N+:18]([O-:19])=[O:20])[cH:8][cH:7]1)[CH3:5])\[NH:4][CH2:11][c:12]1[cH:13][cH:14][cH:15][cH:16][cH:17]1>>[CH:1](\[CH:2]([c:3]1[cH:6][cH:10][c:9]([N+:18]([O-:19])=[O:20])[cH:8][cH:7]1)[CH3:5])=[N:4]/[CH2:11][c:12]1[cH:13][cH:14][cH:15][cH:16][cH:17]1,-1.17,60,bromobenzene,333,1.0,[CH:1](=[C:2](/[c:3]1[cH:6][cH:10][c:9]([N+:18]([O-:19])=[O:20])[cH:8][cH:7]1)[CH3:5])\[NH:4][CH2:11][c:12]1[cH:13][cH:14][cH:15][cH:16][cH:17]1,[CH:1](\[CH:2]([c:3]1[cH:6][cH:10][c:9]([N+:18]([O-:19])=[O:20])[cH:8][cH:7]1)[CH3:5])=[N:4]/[CH2:11][c:12]1[cH:13][cH:14][cH:15][cH:16][cH:17]1,1,1
642,[CH:1](=[C:2](/[c:3]1[cH:7][cH:11][cH:10][c:9]([N+:18](=[O:19])[O-:20])[cH:8]1)[CH3:5])\[NH:4][CH2:6][c:12]1[cH:13][cH:14][cH:15][cH:16][cH:17]1>>[CH:1](\[CH:2]([c:3]1[cH:7][cH:11][cH:10][c:9]([N+:18](=[O:19])[O-:20])[cH:8]1)[CH3:5])=[N:4]/[CH2:6][c:12]1[cH:13][cH:14][cH:15][cH:16][cH:17]1,-0.34,60,bromobenzene,333,1.0,[CH:1](=[C:2](/[c:3]1[cH:7][cH:11][cH:10][c:9]([N+:18](=[O:19])[O-:20])[cH:8]1)[CH3:5])\[NH:4][CH2:6][c:12]1[cH:13][cH:14][cH:15][cH:16][cH:17]1,[CH:1](\[CH:2]([c:3]1[cH:7][cH:11][cH:10][c:9]([N+:18](=[O:19])[O-:20])[cH:8]1)[CH3:5])=[N:4]/[CH2:6][c:12]1[cH:13][cH:14][cH:15][cH:16][cH:17]1,1,1
643,[c:1]1([OH:15])[cH:2][cH:3][cH:4][c:5]2[c:6]1[n:7][c:10]1[c:9]([cH:8]2)[cH:12][cH:13][cH:14][cH:11]1>>[c:1]1([O-:15])[cH:2][cH:3][cH:4][c:5]2[c:6]1[nH+:7][c:10]1[c:9]([cH:8]2)[cH:12][cH:13][cH:14][cH:11]1,-0.48,20,ethanol,293,0.0891,[c:1]1([OH:15])[cH:2][cH:3][cH:4][c:5]2[c:6]1[n:7][c:10]1[c:9]([cH:8]2)[cH:12][cH:13][cH:14][cH:11]1,[c:1]1([O-:15])[cH:2][cH:3][cH:4][c:5]2[c:6]1[nH+:7][c:10]1[c:9]([cH:8]2)[cH:12][cH:13][cH:14][cH:11]1,1,1
644,[cH:1]1[c:2]([OH:15])[cH:3][cH:4][c:5]2[c:6]1[n:7][c:10]1[c:9]([cH:8]2)[cH:12][cH:13][cH:14][cH:11]1>>[cH:1]1[c:2]([O-:15])[cH:3][cH:4][c:5]2[c:6]1[nH+:7][c:10]1[c:9]([cH:8]2)[cH:12][cH:13][cH:14][cH:11]1,-1.82,20,ethanol,293,0.0417,[cH:1]1[c:2]([OH:15])[cH:3][cH:4][c:5]2[c:6]1[n:7][c:10]1[c:9]([cH:8]2)[cH:12][cH:13][cH:14][cH:11]1,[cH:1]1[c:2]([O-:15])[cH:3][cH:4][c:5]2[c:6]1[nH+:7][c:10]1[c:9]([cH:8]2)[cH:12][cH:13][cH:14][cH:11]1,1,1
645,[cH:1]1[c:2]([OH:15])[cH:3][cH:4][c:5]2[c:6]1[n:7][c:10]1[c:9]([cH:8]2)[cH:12][cH:13][cH:14][cH:11]1>>[cH:1]1[c:2]([O-:15])[cH:3][cH:4][c:5]2[c:6]1[nH+:7][c:10]1[c:9]([cH:8]2)[cH:12][cH:13][cH:14][cH:11]1,-0.8,20,ethanol,293,0.28125,[cH:1]1[c:2]([OH:15])[cH:3][cH:4][c:5]2[c:6]1[n:7][c:10]1[c:9]([cH:8]2)[cH:12][cH:13][cH:14][cH:11]1,[cH:1]1[c:2]([O-:15])[cH:3][cH:4][c:5]2[c:6]1[nH+:7][c:10]1[c:9]([cH:8]2)[cH:12][cH:13][cH:14][cH:11]1,1,1
646,[cH:1]1[cH:2][c:3]([OH:15])[cH:4][c:5]2[c:6]1[n:7][c:10]1[c:9]([cH:8]2)[cH:12][cH:13][cH:14][cH:11]1>>[cH:1]1[cH:2][c:3]([O-:15])[cH:4][c:5]2[c:6]1[nH+:7][c:10]1[c:9]([cH:8]2)[cH:12][cH:13][cH:14][cH:11]1,0.4,20,ethanol,293,0.0891,[cH:1]1[cH:2][c:3]([OH:15])[cH:4][c:5]2[c:6]1[n:7][c:10]1[c:9]([cH:8]2)[cH:12][cH:13][cH:14][cH:11]1,[cH:1]1[cH:2][c:3]([O-:15])[cH:4][c:5]2[c:6]1[nH+:7][c:10]1[c:9]([cH:8]2)[cH:12][cH:13][cH:14][cH:11]1,1,1
647,[cH:1]1[cH:2][cH:3][c:4]([OH:15])[c:5]2[c:6]1[n:7][c:10]1[c:9]([cH:8]2)[cH:12][cH:13][cH:14][cH:11]1>>[cH:1]1[cH:2][cH:3][c:4]([O-:15])[c:5]2[c:6]1[nH+:7][c:10]1[c:9]([cH:8]2)[cH:12][cH:13][cH:14][cH:11]1,-1.6,20,ethanol,293,0.28125,[cH:1]1[cH:2][cH:3][c:4]([OH:15])[c:5]2[c:6]1[n:7][c:10]1[c:9]([cH:8]2)[cH:12][cH:13][cH:14][cH:11]1,[cH:1]1[cH:2][cH:3][c:4]([O-:15])[c:5]2[c:6]1[nH+:7][c:10]1[c:9]([cH:8]2)[cH:12][cH:13][cH:14][cH:11]1,1,1
648,[cH:1]1[cH:2][cH:3][c:4]([OH:15])[c:5]2[c:6]1[n:7][c:10]1[c:9]([cH:8]2)[cH:12][cH:13][cH:14][cH:11]1>>[cH:1]1[cH:2][cH:3][c:4]([O-:15])[c:5]2[c:6]1[nH+:7][c:10]1[c:9]([cH:8]2)[cH:12][cH:13][cH:14][cH:11]1,-1.44,20,ethanol,293,0.0417,[cH:1]1[cH:2][cH:3][c:4]([OH:15])[c:5]2[c:6]1[n:7][c:10]1[c:9]([cH:8]2)[cH:12][cH:13][cH:14][cH:11]1,[cH:1]1[cH:2][cH:3][c:4]([O-:15])[c:5]2[c:6]1[nH+:7][c:10]1[c:9]([cH:8]2)[cH:12][cH:13][cH:14][cH:11]1,1,1
649,[cH:1]1[c:2]2[c:3]([cH:4][n:5][cH:6]1)[cH:10][cH:9][c:8]([OH:11])[cH:7]2>>[cH:1]1[c:2]2[c:3]([cH:4][nH+:5][cH:6]1)[cH:10][cH:9][c:8]([O-:11])[cH:7]2,0.11,20,"1,4-dioxane",293,0.0222,[cH:1]1[c:2]2[c:3]([cH:4][n:5][cH:6]1)[cH:10][cH:9][c:8]([OH:11])[cH:7]2,[cH:1]1[c:2]2[c:3]([cH:4][nH+:5][cH:6]1)[cH:10][cH:9][c:8]([O-:11])[cH:7]2,1,1
650,[cH:1]1[c:2]2[c:3]([cH:4][n:5][cH:6]1)[cH:10][cH:9][c:8]([OH:11])[cH:7]2>>[cH:1]1[c:2]2[c:3]([cH:4][nH+:5][cH:6]1)[cH:10][cH:9][c:8]([O-:11])[cH:7]2,-0.15,20,"1,4-dioxane",293,0.0486,[cH:1]1[c:2]2[c:3]([cH:4][n:5][cH:6]1)[cH:10][cH:9][c:8]([OH:11])[cH:7]2,[cH:1]1[c:2]2[c:3]([cH:4][nH+:5][cH:6]1)[cH:10][cH:9][c:8]([O-:11])[cH:7]2,1,1
651,[cH:1]1[c:2]2[c:3]([cH:4][n:5][cH:6]1)[cH:10][cH:9][c:8]([OH:11])[cH:7]2>>[cH:1]1[c:2]2[c:3]([cH:4][nH+:5][cH:6]1)[cH:10][cH:9][c:8]([O-:11])[cH:7]2,-0.38,20,"1,4-dioxane",293,0.0805,[cH:1]1[c:2]2[c:3]([cH:4][n:5][cH:6]1)[cH:10][cH:9][c:8]([OH:11])[cH:7]2,[cH:1]1[c:2]2[c:3]([cH:4][nH+:5][cH:6]1)[cH:10][cH:9][c:8]([O-:11])[cH:7]2,1,1
652,[cH:1]1[c:2]2[c:3]([cH:4][n:5][cH:6]1)[cH:10][cH:9][c:8]([OH:11])[cH:7]2>>[cH:1]1[c:2]2[c:3]([cH:4][nH+:5][cH:6]1)[cH:10][cH:9][c:8]([O-:11])[cH:7]2,-0.66,20,"1,4-dioxane",293,0.1199,[cH:1]1[c:2]2[c:3]([cH:4][n:5][cH:6]1)[cH:10][cH:9][c:8]([OH:11])[cH:7]2,[cH:1]1[c:2]2[c:3]([cH:4][nH+:5][cH:6]1)[cH:10][cH:9][c:8]([O-:11])[cH:7]2,1,1
653,[cH:1]1[c:2]2[c:3]([cH:4][n:5][cH:6]1)[cH:10][cH:9][c:8]([OH:11])[cH:7]2>>[cH:1]1[c:2]2[c:3]([cH:4][nH+:5][cH:6]1)[cH:10][cH:9][c:8]([O-:11])[cH:7]2,-0.93,20,"1,4-dioxane",293,0.1696,[cH:1]1[c:2]2[c:3]([cH:4][n:5][cH:6]1)[cH:10][cH:9][c:8]([OH:11])[cH:7]2,[cH:1]1[c:2]2[c:3]([cH:4][nH+:5][cH:6]1)[cH:10][cH:9][c:8]([O-:11])[cH:7]2,1,1
654,[cH:1]1[c:2]2[c:3]([cH:4][n:5][cH:6]1)[cH:10][cH:9][c:8]([OH:11])[cH:7]2>>[cH:1]1[c:2]2[c:3]([cH:4][nH+:5][cH:6]1)[cH:10][cH:9][c:8]([O-:11])[cH:7]2,-0.98,20,"1,4-dioxane",293,0.2345,[cH:1]1[c:2]2[c:3]([cH:4][n:5][cH:6]1)[cH:10][cH:9][c:8]([OH:11])[cH:7]2,[cH:1]1[c:2]2[c:3]([cH:4][nH+:5][cH:6]1)[cH:10][cH:9][c:8]([O-:11])[cH:7]2,1,1
655,[cH:1]1[c:2]2[c:3]([cH:4][n:5][cH:6]1)[cH:10][cH:9][c:8]([OH:11])[cH:7]2>>[cH:1]1[c:2]2[c:3]([cH:4][nH+:5][cH:6]1)[cH:10][cH:9][c:8]([O-:11])[cH:7]2,-1.26,20,"1,4-dioxane",293,0.3228,[cH:1]1[c:2]2[c:3]([cH:4][n:5][cH:6]1)[cH:10][cH:9][c:8]([OH:11])[cH:7]2,[cH:1]1[c:2]2[c:3]([cH:4][nH+:5][cH:6]1)[cH:10][cH:9][c:8]([O-:11])[cH:7]2,1,1
656,[cH:1]1[c:2]2[c:3]([cH:4][n:5][cH:6]1)[cH:10][cH:9][c:8]([OH:11])[cH:7]2>>[cH:1]1[c:2]2[c:3]([cH:4][nH+:5][cH:6]1)[cH:10][cH:9][c:8]([O-:11])[cH:7]2,-1.59,20,"1,4-dioxane",293,0.4497,[cH:1]1[c:2]2[c:3]([cH:4][n:5][cH:6]1)[cH:10][cH:9][c:8]([OH:11])[cH:7]2,[cH:1]1[c:2]2[c:3]([cH:4][nH+:5][cH:6]1)[cH:10][cH:9][c:8]([O-:11])[cH:7]2,1,1
657,[cH:1]1[c:2]2[c:3]([cH:4][n:5][cH:6]1)[cH:10][cH:9][c:8]([OH:11])[cH:7]2>>[cH:1]1[c:2]2[c:3]([cH:4][nH+:5][cH:6]1)[cH:10][cH:9][c:8]([O-:11])[cH:7]2,-2.01,20,"1,4-dioxane",293,0.6476999999999999,[cH:1]1[c:2]2[c:3]([cH:4][n:5][cH:6]1)[cH:10][cH:9][c:8]([OH:11])[cH:7]2,[cH:1]1[c:2]2[c:3]([cH:4][nH+:5][cH:6]1)[cH:10][cH:9][c:8]([O-:11])[cH:7]2,1,1
658,[cH:1]1[cH:2][cH:3][n:4][c:5]([OH:7])[cH:6]1>>[cH:1]1[cH:2][cH:3][nH+:4][c:5]([O-:7])[cH:6]1,2.53,20,water,293,1.0,[cH:1]1[cH:2][cH:3][n:4][c:5]([OH:7])[cH:6]1,[cH:1]1[cH:2][cH:3][nH+:4][c:5]([O-:7])[cH:6]1,1,1
659,[cH:1]1[cH:2][cH:3][n:4][cH:5][c:6]1[OH:7]>>[cH:1]1[cH:2][cH:3][nH+:4][cH:5][c:6]1[O-:7],0.0,20,water,293,1.0,[cH:1]1[cH:2][cH:3][n:4][cH:5][c:6]1[OH:7],[cH:1]1[cH:2][cH:3][nH+:4][cH:5][c:6]1[O-:7],1,1
660,[c:1]1([OH:7])[cH:2][cH:3][n:4][cH:5][cH:6]1>>[c:1]1([O-:7])[cH:2][cH:3][nH+:4][cH:5][cH:6]1,3.34,20,water,293,1.0,[c:1]1([OH:7])[cH:2][cH:3][n:4][cH:5][cH:6]1,[c:1]1([O-:7])[cH:2][cH:3][nH+:4][cH:5][cH:6]1,1,1
661,[cH:1]1[cH:2][cH:3][cH:4][c:5]2[c:6]1[n:7][cH:10][cH:9][c:8]2[OH:11]>>[cH:1]1[cH:2][cH:3][cH:4][c:5]2[c:6]1[nH+:7][cH:10][cH:9][c:8]2[O-:11],4.38,20,water,293,1.0,[cH:1]1[cH:2][cH:3][cH:4][c:5]2[c:6]1[n:7][cH:10][cH:9][c:8]2[OH:11],[cH:1]1[cH:2][cH:3][cH:4][c:5]2[c:6]1[nH+:7][cH:10][cH:9][c:8]2[O-:11],1,1
662,[cH:1]1[cH:2][cH:3][cH:4][c:5]2[c:6]1[c:7]([OH:11])[n:10][cH:9][cH:8]2>>[cH:1]1[cH:2][cH:3][cH:4][c:5]2[c:6]1[c:7]([O-:11])[nH+:10][cH:9][cH:8]2,4.16,20,water,293,1.0,[cH:1]1[cH:2][cH:3][cH:4][c:5]2[c:6]1[c:7]([OH:11])[n:10][cH:9][cH:8]2,[cH:1]1[cH:2][cH:3][cH:4][c:5]2[c:6]1[c:7]([O-:11])[nH+:10][cH:9][cH:8]2,1,1
663,[cH:1]1[cH:2][cH:3][n:4][c:5]([SH:7])[cH:6]1>>[cH:1]1[cH:2][cH:3][nH+:4][c:5]([S-:7])[cH:6]1,4.69,20,water,293,1.0,[cH:1]1[cH:2][cH:3][n:4][c:5]([SH:7])[cH:6]1,[cH:1]1[cH:2][cH:3][nH+:4][c:5]([S-:7])[cH:6]1,1,1
664,[cH:1]1[cH:2][cH:3][n:4][cH:5][c:6]1[SH:7]>>[cH:1]1[cH:2][cH:3][nH+:4][cH:5][c:6]1[S-:7],2.18,20,water,293,1.0,[cH:1]1[cH:2][cH:3][n:4][cH:5][c:6]1[SH:7],[cH:1]1[cH:2][cH:3][nH+:4][cH:5][c:6]1[S-:7],1,1
665,[c:1]1([SH:7])[cH:2][cH:3][n:4][cH:5][cH:6]1>>[c:1]1([S-:7])[cH:2][cH:3][nH+:4][cH:5][cH:6]1,4.54,20,water,293,1.0,[c:1]1([SH:7])[cH:2][cH:3][n:4][cH:5][cH:6]1,[c:1]1([S-:7])[cH:2][cH:3][nH+:4][cH:5][cH:6]1,1,1
666,[n:1]1[c:2]2[c:3]([cH:4][cH:5][c:6]1[SH:11])[cH:10][cH:9][cH:8][cH:7]2>>[nH+:1]1[c:2]2[c:3]([cH:4][cH:5][c:6]1[S-:11])[cH:10][cH:9][cH:8][cH:7]2,5.15,20,water,293,1.0,[n:1]1[c:2]2[c:3]([cH:4][cH:5][c:6]1[SH:11])[cH:10][cH:9][cH:8][cH:7]2,[nH+:1]1[c:2]2[c:3]([cH:4][cH:5][c:6]1[S-:11])[cH:10][cH:9][cH:8][cH:7]2,1,1
667,[n:1]1[c:2]2[c:3]([c:4]([SH:11])[cH:5][cH:6]1)[cH:10][cH:9][cH:8][cH:7]2>>[nH+:1]1[c:2]2[c:3]([c:4]([S-:11])[cH:5][cH:6]1)[cH:10][cH:9][cH:8][cH:7]2,5.04,20,water,293,1.0,[n:1]1[c:2]2[c:3]([c:4]([SH:11])[cH:5][cH:6]1)[cH:10][cH:9][cH:8][cH:7]2,[nH+:1]1[c:2]2[c:3]([c:4]([S-:11])[cH:5][cH:6]1)[cH:10][cH:9][cH:8][cH:7]2,1,1
668,[n:1]1[c:2]2[c:3]([cH:4][cH:5][cH:6]1)[c:10]([SH:11])[cH:9][cH:8][cH:7]2>>[nH+:1]1[c:2]2[c:3]([cH:4][cH:5][cH:6]1)[c:10]([S-:11])[cH:9][cH:8][cH:7]2,1.18,20,water,293,1.0,[n:1]1[c:2]2[c:3]([cH:4][cH:5][cH:6]1)[c:10]([SH:11])[cH:9][cH:8][cH:7]2,[nH+:1]1[c:2]2[c:3]([cH:4][cH:5][cH:6]1)[c:10]([S-:11])[cH:9][cH:8][cH:7]2,1,1
669,[CH3:1][C:2](=[O:3])[CH2:4][CH2:5][CH2:6][OH:7]>>[CH3:1][C:2]1([OH:3])[CH2:4][CH2:5][CH2:6][O:7]1,-0.07,15,ethanol,288,1.0,[CH3:1][C:2](=[O:3])[CH2:4][CH2:5][CH2:6][OH:7],[CH3:1][C:2]1([OH:3])[CH2:4][CH2:5][CH2:6][O:7]1,1,1
670,[CH3:1][C:2](=[O:3])[CH2:4][CH2:5][CH2:6][OH:7]>>[CH3:1][C:2]1([OH:3])[CH2:4][CH2:5][CH2:6][O:7]1,-0.1,25,ethanol,298,1.0,[CH3:1][C:2](=[O:3])[CH2:4][CH2:5][CH2:6][OH:7],[CH3:1][C:2]1([OH:3])[CH2:4][CH2:5][CH2:6][O:7]1,1,1
671,[CH3:1][C:2](=[O:3])[CH2:4][CH2:5][CH2:6][OH:7]>>[CH3:1][C:2]1([OH:3])[CH2:4][CH2:5][CH2:6][O:7]1,-0.13,49,ethanol,322,1.0,[CH3:1][C:2](=[O:3])[CH2:4][CH2:5][CH2:6][OH:7],[CH3:1][C:2]1([OH:3])[CH2:4][CH2:5][CH2:6][O:7]1,1,1
672,[CH3:1][C:2](=[O:3])[CH2:4][CH2:5][CH2:6][CH2:7][OH:8]>>[CH3:1][C:2]1([OH:3])[CH2:4][CH2:5][CH2:6][CH2:7][O:8]1,-0.23,15,ethanol,288,1.0,[CH3:1][C:2](=[O:3])[CH2:4][CH2:5][CH2:6][CH2:7][OH:8],[CH3:1][C:2]1([OH:3])[CH2:4][CH2:5][CH2:6][CH2:7][O:8]1,1,1
673,[CH3:1][C:2](=[O:3])[CH2:4][CH2:5][CH2:6][CH2:7][OH:8]>>[CH3:1][C:2]1([OH:3])[CH2:4][CH2:5][CH2:6][CH2:7][O:8]1,-0.26,25,ethanol,298,1.0,[CH3:1][C:2](=[O:3])[CH2:4][CH2:5][CH2:6][CH2:7][OH:8],[CH3:1][C:2]1([OH:3])[CH2:4][CH2:5][CH2:6][CH2:7][O:8]1,1,1
674,[CH3:1][C:2](=[O:3])[CH2:4][CH2:5][CH2:6][CH2:7][OH:8]>>[CH3:1][C:2]1([OH:3])[CH2:4][CH2:5][CH2:6][CH2:7][O:8]1,-0.31,49,ethanol,322,1.0,[CH3:1][C:2](=[O:3])[CH2:4][CH2:5][CH2:6][CH2:7][OH:8],[CH3:1][C:2]1([OH:3])[CH2:4][CH2:5][CH2:6][CH2:7][O:8]1,1,1
675,[CH3:1][C:2](=[O:3])[CH2:4][CH2:5][CH2:6][CH2:7][OH:8]>>[CH3:1][C:2]1([OH:3])[CH2:4][CH2:5][CH2:6][CH2:7][O:8]1,-0.21,25,acetonitrile,298,1.0,[CH3:1][C:2](=[O:3])[CH2:4][CH2:5][CH2:6][CH2:7][OH:8],[CH3:1][C:2]1([OH:3])[CH2:4][CH2:5][CH2:6][CH2:7][O:8]1,1,1
676,[CH3:1][C:2](=[O:3])[CH2:4][CH2:5][CH2:6][OH:7]>>[CH3:1][C:2]1([OH:3])[CH2:4][CH2:5][CH2:6][O:7]1,-0.1,25,acetonitrile,298,1.0,[CH3:1][C:2](=[O:3])[CH2:4][CH2:5][CH2:6][OH:7],[CH3:1][C:2]1([OH:3])[CH2:4][CH2:5][CH2:6][O:7]1,1,1
677,[CH3:1][C:2](=[O:3])[CH2:4][CH2:5][CH2:6][OH:7]>>[CH3:1][C:2]1([OH:3])[CH2:4][CH2:5][CH2:6][O:7]1,-0.07,15,"1,4-dioxane",288,1.0,[CH3:1][C:2](=[O:3])[CH2:4][CH2:5][CH2:6][OH:7],[CH3:1][C:2]1([OH:3])[CH2:4][CH2:5][CH2:6][O:7]1,1,1
678,[CH3:1][C:2](=[O:3])[CH2:4][CH2:5][CH2:6][OH:7]>>[CH3:1][C:2]1([OH:3])[CH2:4][CH2:5][CH2:6][O:7]1,-0.08,25,"1,4-dioxane",298,1.0,[CH3:1][C:2](=[O:3])[CH2:4][CH2:5][CH2:6][OH:7],[CH3:1][C:2]1([OH:3])[CH2:4][CH2:5][CH2:6][O:7]1,1,1
679,[CH3:1][C:2](=[O:3])[CH2:4][CH2:5][CH2:6][OH:7]>>[CH3:1][C:2]1([OH:3])[CH2:4][CH2:5][CH2:6][O:7]1,-0.12,49,"1,4-dioxane",322,1.0,[CH3:1][C:2](=[O:3])[CH2:4][CH2:5][CH2:6][OH:7],[CH3:1][C:2]1([OH:3])[CH2:4][CH2:5][CH2:6][O:7]1,1,1
680,[CH3:1][C:2](=[O:3])[CH2:4][CH2:5][CH2:6][CH2:7][OH:8]>>[CH3:1][C:2]1([OH:3])[CH2:4][CH2:5][CH2:6][CH2:7][O:8]1,-0.12,15,"1,4-dioxane",288,1.0,[CH3:1][C:2](=[O:3])[CH2:4][CH2:5][CH2:6][CH2:7][OH:8],[CH3:1][C:2]1([OH:3])[CH2:4][CH2:5][CH2:6][CH2:7][O:8]1,1,1
681,[CH3:1][C:2](=[O:3])[CH2:4][CH2:5][CH2:6][CH2:7][OH:8]>>[CH3:1][C:2]1([OH:3])[CH2:4][CH2:5][CH2:6][CH2:7][O:8]1,-0.13,25,"1,4-dioxane",298,1.0,[CH3:1][C:2](=[O:3])[CH2:4][CH2:5][CH2:6][CH2:7][OH:8],[CH3:1][C:2]1([OH:3])[CH2:4][CH2:5][CH2:6][CH2:7][O:8]1,1,1
682,[CH3:1][C:2](=[O:3])[CH2:4][CH2:5][CH2:6][CH2:7][OH:8]>>[CH3:1][C:2]1([OH:3])[CH2:4][CH2:5][CH2:6][CH2:7][O:8]1,-0.17,49,"1,4-dioxane",322,1.0,[CH3:1][C:2](=[O:3])[CH2:4][CH2:5][CH2:6][CH2:7][OH:8],[CH3:1][C:2]1([OH:3])[CH2:4][CH2:5][CH2:6][CH2:7][O:8]1,1,1
683,[C:1](=[CH:2]\[C:3](=[O:4])[OH:5])(\[C:6](=[O:7])[c:8]1[cH:10][cH:11][cH:12][cH:13][cH:14]1)[CH3:9]>>[C:1]1([CH3:9])=[CH:2][C:3](=[O:4])[O:5][C:6]1([OH:7])[c:8]1[cH:10][cH:11][cH:12][cH:13][cH:14]1,1.03,35,"1,4-dioxane",308,1.0,[C:1](=[CH:2]\[C:3](=[O:4])[OH:5])(\[C:6](=[O:7])[c:8]1[cH:10][cH:11][cH:12][cH:13][cH:14]1)[CH3:9],[C:1]1([CH3:9])=[CH:2][C:3](=[O:4])[O:5][C:6]1([OH:7])[c:8]1[cH:10][cH:11][cH:12][cH:13][cH:14]1,1,1
684,[C:1](=[CH:2]\[C:3](=[O:4])[OH:5])(\[C:6](=[O:7])[c:8]1[cH:10][cH:11][c:12]([CH3:15])[cH:13][cH:14]1)[CH3:9]>>[C:1]1([CH3:9])=[CH:2][C:3](=[O:4])[O:5][C:6]1([OH:7])[c:8]1[cH:10][cH:11][c:12]([CH3:15])[cH:13][cH:14]1,0.65,35,"1,4-dioxane",308,1.0,[C:1](=[CH:2]\[C:3](=[O:4])[OH:5])(\[C:6](=[O:7])[c:8]1[cH:10][cH:11][c:12]([CH3:15])[cH:13][cH:14]1)[CH3:9],[C:1]1([CH3:9])=[CH:2][C:3](=[O:4])[O:5][C:6]1([OH:7])[c:8]1[cH:10][cH:11][c:12]([CH3:15])[cH:13][cH:14]1,1,1
685,[C:1](=[CH:2]\[C:3](=[O:4])[OH:5])(\[C:6](=[O:7])[c:8]1[cH:10][cH:11][c:12]([Cl:15])[cH:13][cH:14]1)[CH3:9]>>[C:1]1([CH3:9])=[CH:2][C:3](=[O:4])[O:5][C:6]1([OH:7])[c:8]1[cH:10][cH:11][c:12]([Cl:15])[cH:13][cH:14]1,0.82,35,"1,4-dioxane",308,1.0,[C:1](=[CH:2]\[C:3](=[O:4])[OH:5])(\[C:6](=[O:7])[c:8]1[cH:10][cH:11][c:12]([Cl:15])[cH:13][cH:14]1)[CH3:9],[C:1]1([CH3:9])=[CH:2][C:3](=[O:4])[O:5][C:6]1([OH:7])[c:8]1[cH:10][cH:11][c:12]([Cl:15])[cH:13][cH:14]1,1,1
686,[C:1](=[CH:2]\[C:3](=[O:4])[OH:5])(\[C:6](=[O:7])[c:8]1[cH:10][cH:11][c:12]([Br:15])[cH:13][cH:14]1)[CH3:9]>>[C:1]1([CH3:9])=[CH:2][C:3](=[O:4])[O:5][C:6]1([OH:7])[c:8]1[cH:10][cH:11][c:12]([Br:15])[cH:13][cH:14]1,0.88,35,"1,4-dioxane",308,1.0,[C:1](=[CH:2]\[C:3](=[O:4])[OH:5])(\[C:6](=[O:7])[c:8]1[cH:10][cH:11][c:12]([Br:15])[cH:13][cH:14]1)[CH3:9],[C:1]1([CH3:9])=[CH:2][C:3](=[O:4])[O:5][C:6]1([OH:7])[c:8]1[cH:10][cH:11][c:12]([Br:15])[cH:13][cH:14]1,1,1
687,[C:1](=[CH:2]\[C:3](=[O:4])[OH:5])(\[C:6](=[O:7])[c:8]1[cH:10][cH:11][c:12]([O:15][CH3:16])[cH:13][cH:14]1)[CH3:9]>>[C:1]1([CH3:9])=[CH:2][C:3](=[O:4])[O:5][C:6]1([OH:7])[c:8]1[cH:10][cH:11][c:12]([O:15][CH3:16])[cH:13][cH:14]1,0.23,35,"1,4-dioxane",308,1.0,[C:1](=[CH:2]\[C:3](=[O:4])[OH:5])(\[C:6](=[O:7])[c:8]1[cH:10][cH:11][c:12]([O:15][CH3:16])[cH:13][cH:14]1)[CH3:9],[C:1]1([CH3:9])=[CH:2][C:3](=[O:4])[O:5][C:6]1([OH:7])[c:8]1[cH:10][cH:11][c:12]([O:15][CH3:16])[cH:13][cH:14]1,1,1
688,[CH:1](=[C:2](\[C:3](=[O:4])[OH:5])[CH3:14])\[C:6](=[O:7])[c:8]1[cH:9][cH:10][c:11]([CH3:15])[cH:12][cH:13]1>>[CH:1]1=[C:2]([CH3:14])[C:3](=[O:4])[O:5][C:6]1([OH:7])[c:8]1[cH:9][cH:10][c:11]([CH3:15])[cH:12][cH:13]1,0.48,35,"1,4-dioxane",308,1.0,[CH:1](=[C:2](\[C:3](=[O:4])[OH:5])[CH3:14])\[C:6](=[O:7])[c:8]1[cH:9][cH:10][c:11]([CH3:15])[cH:12][cH:13]1,[CH:1]1=[C:2]([CH3:14])[C:3](=[O:4])[O:5][C:6]1([OH:7])[c:8]1[cH:9][cH:10][c:11]([CH3:15])[cH:12][cH:13]1,1,1
689,[CH:1](=[C:2](\[C:3](=[O:4])[OH:5])[CH3:14])\[C:6](=[O:7])[c:8]1[cH:9][cH:10][c:11]([Cl:15])[cH:12][cH:13]1>>[CH:1]1=[C:2]([CH3:14])[C:3](=[O:4])[O:5][C:6]1([OH:7])[c:8]1[cH:9][cH:10][c:11]([Cl:15])[cH:12][cH:13]1,0.63,35,"1,4-dioxane",308,1.0,[CH:1](=[C:2](\[C:3](=[O:4])[OH:5])[CH3:14])\[C:6](=[O:7])[c:8]1[cH:9][cH:10][c:11]([Cl:15])[cH:12][cH:13]1,[CH:1]1=[C:2]([CH3:14])[C:3](=[O:4])[O:5][C:6]1([OH:7])[c:8]1[cH:9][cH:10][c:11]([Cl:15])[cH:12][cH:13]1,1,1
690,[CH:1](=[C:2](\[C:3](=[O:4])[OH:5])[CH3:14])\[C:6](=[O:7])[c:8]1[cH:9][cH:10][c:11]([Br:15])[cH:12][cH:13]1>>[CH:1]1=[C:2]([CH3:14])[C:3](=[O:4])[O:5][C:6]1([OH:7])[c:8]1[cH:9][cH:10][c:11]([Br:15])[cH:12][cH:13]1,0.63,35,"1,4-dioxane",308,1.0,[CH:1](=[C:2](\[C:3](=[O:4])[OH:5])[CH3:14])\[C:6](=[O:7])[c:8]1[cH:9][cH:10][c:11]([Br:15])[cH:12][cH:13]1,[CH:1]1=[C:2]([CH3:14])[C:3](=[O:4])[O:5][C:6]1([OH:7])[c:8]1[cH:9][cH:10][c:11]([Br:15])[cH:12][cH:13]1,1,1
691,[CH:1](=[C:2](\[C:3](=[O:4])[OH:5])[CH3:14])\[C:6](=[O:7])[c:8]1[cH:9][cH:10][c:11]([O:15][CH3:16])[cH:12][cH:13]1>>[CH:1]1=[C:2]([CH3:14])[C:3](=[O:4])[O:5][C:6]1([OH:7])[c:8]1[cH:9][cH:10][c:11]([O:15][CH3:16])[cH:12][cH:13]1,0.0,35,"1,4-dioxane",308,1.0,[CH:1](=[C:2](\[C:3](=[O:4])[OH:5])[CH3:14])\[C:6](=[O:7])[c:8]1[cH:9][cH:10][c:11]([O:15][CH3:16])[cH:12][cH:13]1,[CH:1]1=[C:2]([CH3:14])[C:3](=[O:4])[O:5][C:6]1([OH:7])[c:8]1[cH:9][cH:10][c:11]([O:15][CH3:16])[cH:12][cH:13]1,1,1
692,[cH:1]1[cH:2][cH:3][cH:4][c:5]([C:8]([c:9]2[cH:17][cH:18][cH:19][cH:20][cH:21]2)=[N:10][c:11]2[cH:12][cH:16][cH:15][cH:14][cH:13]2)[c:6]1[C:7](=[O:22])[OH:23]>>[cH:1]1[cH:2][cH:3][cH:4][c:5]2[c:6]1[C:7](=[O:22])[O:23][C:8]2([c:9]1[cH:17][cH:18][cH:19][cH:20][cH:21]1)[NH:10][c:11]1[cH:12][cH:16][cH:15][cH:14][cH:13]1,0.68,35,"1,4-dioxane",308,1.0,[cH:1]1[cH:2][cH:3][cH:4][c:5]([C:8]([c:9]2[cH:17][cH:18][cH:19][cH:20][cH:21]2)=[N:10][c:11]2[cH:12][cH:16][cH:15][cH:14][cH:13]2)[c:6]1[C:7](=[O:22])[OH:23],[cH:1]1[cH:2][cH:3][cH:4][c:5]2[c:6]1[C:7](=[O:22])[O:23][C:8]2([c:9]1[cH:17][cH:18][cH:19][cH:20][cH:21]1)[NH:10][c:11]1[cH:12][cH:16][cH:15][cH:14][cH:13]1,1,1
693,[cH:1]1[cH:2][cH:3][cH:4][c:5]([C:8]([c:9]2[cH:17][cH:18][cH:19][cH:20][cH:21]2)=[N:10][c:11]2[cH:12][cH:16][cH:15][c:14]([CH3:24])[cH:13]2)[c:6]1[C:7](=[O:22])[OH:23]>>[cH:1]1[cH:2][cH:3][cH:4][c:5]2[c:6]1[C:7](=[O:22])[O:23][C:8]2([c:9]1[cH:17][cH:18][cH:19][cH:20][cH:21]1)[NH:10][c:11]1[cH:12][cH:16][cH:15][c:14]([CH3:24])[cH:13]1,0.72,20,"1,4-dioxane",293,1.0,[cH:1]1[cH:2][cH:3][cH:4][c:5]([C:8]([c:9]2[cH:17][cH:18][cH:19][cH:20][cH:21]2)=[N:10][c:11]2[cH:12][cH:16][cH:15][c:14]([CH3:24])[cH:13]2)[c:6]1[C:7](=[O:22])[OH:23],[cH:1]1[cH:2][cH:3][cH:4][c:5]2[c:6]1[C:7](=[O:22])[O:23][C:8]2([c:9]1[cH:17][cH:18][cH:19][cH:20][cH:21]1)[NH:10][c:11]1[cH:12][cH:16][cH:15][c:14]([CH3:24])[cH:13]1,1,1
694,[cH:1]1[cH:2][cH:3][cH:4][c:5]([C:8]([c:9]2[cH:17][cH:18][cH:19][cH:20][cH:21]2)=[N:10][c:11]2[cH:12][cH:16][c:15]([CH3:24])[cH:14][cH:13]2)[c:6]1[C:7](=[O:22])[OH:23]>>[cH:1]1[cH:2][cH:3][cH:4][c:5]2[c:6]1[C:7](=[O:22])[O:23][C:8]2([c:9]1[cH:17][cH:18][cH:19][cH:20][cH:21]1)[NH:10][c:11]1[cH:12][cH:16][c:15]([CH3:24])[cH:14][cH:13]1,0.58,20,"1,4-dioxane",293,1.0,[cH:1]1[cH:2][cH:3][cH:4][c:5]([C:8]([c:9]2[cH:17][cH:18][cH:19][cH:20][cH:21]2)=[N:10][c:11]2[cH:12][cH:16][c:15]([CH3:24])[cH:14][cH:13]2)[c:6]1[C:7](=[O:22])[OH:23],[cH:1]1[cH:2][cH:3][cH:4][c:5]2[c:6]1[C:7](=[O:22])[O:23][C:8]2([c:9]1[cH:17][cH:18][cH:19][cH:20][cH:21]1)[NH:10][c:11]1[cH:12][cH:16][c:15]([CH3:24])[cH:14][cH:13]1,1,1
695,[cH:1]1[cH:2][cH:3][cH:4][c:5]([C:8]([c:9]2[cH:17][cH:18][cH:19][cH:20][cH:21]2)=[N:10][c:11]2[cH:12][cH:16][c:15]([I:24])[cH:14][cH:13]2)[c:6]1[C:7](=[O:22])[OH:23]>>[cH:1]1[cH:2][cH:3][cH:4][c:5]2[c:6]1[C:7](=[O:22])[O:23][C:8]2([c:9]1[cH:17][cH:18][cH:19][cH:20][cH:21]1)[NH:10][c:11]1[cH:12][cH:16][c:15]([I:24])[cH:14][cH:13]1,0.67,20,"1,4-dioxane",293,1.0,[cH:1]1[cH:2][cH:3][cH:4][c:5]([C:8]([c:9]2[cH:17][cH:18][cH:19][cH:20][cH:21]2)=[N:10][c:11]2[cH:12][cH:16][c:15]([I:24])[cH:14][cH:13]2)[c:6]1[C:7](=[O:22])[OH:23],[cH:1]1[cH:2][cH:3][cH:4][c:5]2[c:6]1[C:7](=[O:22])[O:23][C:8]2([c:9]1[cH:17][cH:18][cH:19][cH:20][cH:21]1)[NH:10][c:11]1[cH:12][cH:16][c:15]([I:24])[cH:14][cH:13]1,1,1
696,[cH:1]1[cH:2][cH:3][cH:4][c:5]([C:8]([c:9]2[cH:17][cH:18][cH:19][cH:20][cH:21]2)=[N:10][c:11]2[cH:12][cH:16][c:15]([O:24][CH3:25])[cH:14][cH:13]2)[c:6]1[C:7](=[O:22])[OH:23]>>[cH:1]1[cH:2][cH:3][cH:4][c:5]2[c:6]1[C:7](=[O:22])[O:23][C:8]2([c:9]1[cH:17][cH:18][cH:19][cH:20][cH:21]1)[NH:10][c:11]1[cH:12][cH:16][c:15]([O:24][CH3:25])[cH:14][cH:13]1,0.43,20,"1,4-dioxane",293,1.0,[cH:1]1[cH:2][cH:3][cH:4][c:5]([C:8]([c:9]2[cH:17][cH:18][cH:19][cH:20][cH:21]2)=[N:10][c:11]2[cH:12][cH:16][c:15]([O:24][CH3:25])[cH:14][cH:13]2)[c:6]1[C:7](=[O:22])[OH:23],[cH:1]1[cH:2][cH:3][cH:4][c:5]2[c:6]1[C:7](=[O:22])[O:23][C:8]2([c:9]1[cH:17][cH:18][cH:19][cH:20][cH:21]1)[NH:10][c:11]1[cH:12][cH:16][c:15]([O:24][CH3:25])[cH:14][cH:13]1,1,1
697,[cH:1]1[cH:2][cH:3][cH:4][c:5]([C:8]([c:9]2[cH:17][cH:18][cH:19][cH:20][cH:21]2)=[N:10][c:11]2[cH:12][cH:16][c:15]([C:24]([CH3:25])=[O:26])[cH:14][cH:13]2)[c:6]1[C:7](=[O:22])[OH:23]>>[cH:1]1[cH:2][cH:3][cH:4][c:5]2[c:6]1[C:7](=[O:22])[O:23][C:8]2([c:9]1[cH:17][cH:18][cH:19][cH:20][cH:21]1)[NH:10][c:11]1[cH:12][cH:16][c:15]([C:24]([CH3:25])=[O:26])[cH:14][cH:13]1,0.98,20,"1,4-dioxane",293,1.0,[cH:1]1[cH:2][cH:3][cH:4][c:5]([C:8]([c:9]2[cH:17][cH:18][cH:19][cH:20][cH:21]2)=[N:10][c:11]2[cH:12][cH:16][c:15]([C:24]([CH3:25])=[O:26])[cH:14][cH:13]2)[c:6]1[C:7](=[O:22])[OH:23],[cH:1]1[cH:2][cH:3][cH:4][c:5]2[c:6]1[C:7](=[O:22])[O:23][C:8]2([c:9]1[cH:17][cH:18][cH:19][cH:20][cH:21]1)[NH:10][c:11]1[cH:12][cH:16][c:15]([C:24]([CH3:25])=[O:26])[cH:14][cH:13]1,1,1
698,[cH:1]1[cH:2][cH:3][cH:4][c:5]([C:8]([c:9]2[cH:17][cH:18][cH:19][cH:20][cH:21]2)=[N:10][c:11]2[cH:12][cH:16][c:15]([C:24]([O:25][CH2:27][CH3:28])=[O:26])[cH:14][cH:13]2)[c:6]1[C:7](=[O:22])[OH:23]>>[cH:1]1[cH:2][cH:3][cH:4][c:5]2[c:6]1[C:7](=[O:22])[O:23][C:8]2([c:9]1[cH:17][cH:18][cH:19][cH:20][cH:21]1)[NH:10][c:11]1[cH:12][cH:16][c:15]([C:24]([O:25][CH2:27][CH3:28])=[O:26])[cH:14][cH:13]1,0.9,20,"1,4-dioxane",293,1.0,[cH:1]1[cH:2][cH:3][cH:4][c:5]([C:8]([c:9]2[cH:17][cH:18][cH:19][cH:20][cH:21]2)=[N:10][c:11]2[cH:12][cH:16][c:15]([C:24]([O:25][CH2:27][CH3:28])=[O:26])[cH:14][cH:13]2)[c:6]1[C:7](=[O:22])[OH:23],[cH:1]1[cH:2][cH:3][cH:4][c:5]2[c:6]1[C:7](=[O:22])[O:23][C:8]2([c:9]1[cH:17][cH:18][cH:19][cH:20][cH:21]1)[NH:10][c:11]1[cH:12][cH:16][c:15]([C:24]([O:25][CH2:27][CH3:28])=[O:26])[cH:14][cH:13]1,1,1
699,[c:1]1([C:11](=[O:12])[c:13]2[cH:20][cH:19][cH:18][c:17]([CH3:22])[cH:21]2)[cH:2][cH:3][cH:4][c:5]2[c:6]1[c:7]([C:14]([OH:15])=[O:16])[cH:10][cH:9][cH:8]2>>[c:1]12[cH:2][cH:3][cH:4][c:5]3[c:6]1[c:7]([cH:10][cH:9][cH:8]3)[C:14](=[O:16])[O:15][C:11]2([OH:12])[c:13]1[cH:20][cH:19][cH:18][c:17]([CH3:22])[cH:21]1,-0.08,35,"1,4-dioxane",308,1.0,[c:1]1([C:11](=[O:12])[c:13]2[cH:20][cH:19][cH:18][c:17]([CH3:22])[cH:21]2)[cH:2][cH:3][cH:4][c:5]2[c:6]1[c:7]([C:14]([OH:15])=[O:16])[cH:10][cH:9][cH:8]2,[c:1]12[cH:2][cH:3][cH:4][c:5]3[c:6]1[c:7]([cH:10][cH:9][cH:8]3)[C:14](=[O:16])[O:15][C:11]2([OH:12])[c:13]1[cH:20][cH:19][cH:18][c:17]([CH3:22])[cH:21]1,1,1
700,[c:1]1([C:11](=[O:12])[c:13]2[cH:20][cH:19][cH:18][cH:17][cH:21]2)[cH:2][cH:3][cH:4][c:5]2[c:6]1[c:7]([C:14]([OH:15])=[O:16])[cH:10][cH:9][cH:8]2>>[c:1]12[cH:2][cH:3][cH:4][c:5]3[c:6]1[c:7]([cH:10][cH:9][cH:8]3)[C:14](=[O:16])[O:15][C:11]2([OH:12])[c:13]1[cH:20][cH:19][cH:18][cH:17][cH:21]1,0.15,35,"1,4-dioxane",308,1.0,[c:1]1([C:11](=[O:12])[c:13]2[cH:20][cH:19][cH:18][cH:17][cH:21]2)[cH:2][cH:3][cH:4][c:5]2[c:6]1[c:7]([C:14]([OH:15])=[O:16])[cH:10][cH:9][cH:8]2,[c:1]12[cH:2][cH:3][cH:4][c:5]3[c:6]1[c:7]([cH:10][cH:9][cH:8]3)[C:14](=[O:16])[O:15][C:11]2([OH:12])[c:13]1[cH:20][cH:19][cH:18][cH:17][cH:21]1,1,1
701,[c:1]1([C:11](=[O:12])[c:13]2[cH:20][cH:19][c:18]([CH3:22])[cH:17][cH:21]2)[cH:2][cH:3][cH:4][c:5]2[c:6]1[c:7]([C:14]([OH:15])=[O:16])[cH:10][cH:9][cH:8]2>>[c:1]12[cH:2][cH:3][cH:4][c:5]3[c:6]1[c:7]([cH:10][cH:9][cH:8]3)[C:14](=[O:16])[O:15][C:11]2([OH:12])[c:13]1[cH:20][cH:19][c:18]([CH3:22])[cH:17][cH:21]1,-0.37,35,"1,4-dioxane",308,1.0,[c:1]1([C:11](=[O:12])[c:13]2[cH:20][cH:19][c:18]([CH3:22])[cH:17][cH:21]2)[cH:2][cH:3][cH:4][c:5]2[c:6]1[c:7]([C:14]([OH:15])=[O:16])[cH:10][cH:9][cH:8]2,[c:1]12[cH:2][cH:3][cH:4][c:5]3[c:6]1[c:7]([cH:10][cH:9][cH:8]3)[C:14](=[O:16])[O:15][C:11]2([OH:12])[c:13]1[cH:20][cH:19][c:18]([CH3:22])[cH:17][cH:21]1,1,1
702,[c:1]1([C:11](=[O:12])[c:13]2[cH:20][cH:19][cH:18][c:17]([Cl:22])[cH:21]2)[cH:2][cH:3][cH:4][c:5]2[c:6]1[c:7]([C:14]([OH:15])=[O:16])[cH:10][cH:9][cH:8]2>>[c:1]12[cH:2][cH:3][cH:4][c:5]3[c:6]1[c:7]([cH:10][cH:9][cH:8]3)[C:14](=[O:16])[O:15][C:11]2([OH:12])[c:13]1[cH:20][cH:19][cH:18][c:17]([Cl:22])[cH:21]1,0.42,35,"1,4-dioxane",308,1.0,[c:1]1([C:11](=[O:12])[c:13]2[cH:20][cH:19][cH:18][c:17]([Cl:22])[cH:21]2)[cH:2][cH:3][cH:4][c:5]2[c:6]1[c:7]([C:14]([OH:15])=[O:16])[cH:10][cH:9][cH:8]2,[c:1]12[cH:2][cH:3][cH:4][c:5]3[c:6]1[c:7]([cH:10][cH:9][cH:8]3)[C:14](=[O:16])[O:15][C:11]2([OH:12])[c:13]1[cH:20][cH:19][cH:18][c:17]([Cl:22])[cH:21]1,1,1
703,[c:1]1([C:11](=[O:12])[c:13]2[cH:20][cH:19][c:18]([Cl:22])[cH:17][cH:21]2)[cH:2][cH:3][cH:4][c:5]2[c:6]1[c:7]([C:14]([OH:15])=[O:16])[cH:10][cH:9][cH:8]2>>[c:1]12[cH:2][cH:3][cH:4][c:5]3[c:6]1[c:7]([cH:10][cH:9][cH:8]3)[C:14](=[O:16])[O:15][C:11]2([OH:12])[c:13]1[cH:20][cH:19][c:18]([Cl:22])[cH:17][cH:21]1,0.22,35,"1,4-dioxane",308,1.0,[c:1]1([C:11](=[O:12])[c:13]2[cH:20][cH:19][c:18]([Cl:22])[cH:17][cH:21]2)[cH:2][cH:3][cH:4][c:5]2[c:6]1[c:7]([C:14]([OH:15])=[O:16])[cH:10][cH:9][cH:8]2,[c:1]12[cH:2][cH:3][cH:4][c:5]3[c:6]1[c:7]([cH:10][cH:9][cH:8]3)[C:14](=[O:16])[O:15][C:11]2([OH:12])[c:13]1[cH:20][cH:19][c:18]([Cl:22])[cH:17][cH:21]1,1,1
704,[c:1]1([C:11](=[O:12])[c:13]2[cH:20][cH:19][c:18]([Br:22])[cH:17][cH:21]2)[cH:2][cH:3][cH:4][c:5]2[c:6]1[c:7]([C:14]([OH:15])=[O:16])[cH:10][cH:9][cH:8]2>>[c:1]12[cH:2][cH:3][cH:4][c:5]3[c:6]1[c:7]([cH:10][cH:9][cH:8]3)[C:14](=[O:16])[O:15][C:11]2([OH:12])[c:13]1[cH:20][cH:19][c:18]([Br:22])[cH:17][cH:21]1,0.21,35,"1,4-dioxane",308,1.0,[c:1]1([C:11](=[O:12])[c:13]2[cH:20][cH:19][c:18]([Br:22])[cH:17][cH:21]2)[cH:2][cH:3][cH:4][c:5]2[c:6]1[c:7]([C:14]([OH:15])=[O:16])[cH:10][cH:9][cH:8]2,[c:1]12[cH:2][cH:3][cH:4][c:5]3[c:6]1[c:7]([cH:10][cH:9][cH:8]3)[C:14](=[O:16])[O:15][C:11]2([OH:12])[c:13]1[cH:20][cH:19][c:18]([Br:22])[cH:17][cH:21]1,1,1
705,[c:1]1([C:11](=[O:12])[c:13]2[cH:20][cH:19][c:18]([O:22][CH3:23])[cH:17][cH:21]2)[cH:2][cH:3][cH:4][c:5]2[c:6]1[c:7]([C:14]([OH:15])=[O:16])[cH:10][cH:9][cH:8]2>>[c:1]12[cH:2][cH:3][cH:4][c:5]3[c:6]1[c:7]([cH:10][cH:9][cH:8]3)[C:14](=[O:16])[O:15][C:11]2([OH:12])[c:13]1[cH:20][cH:19][c:18]([O:22][CH3:23])[cH:17][cH:21]1,-0.85,35,"1,4-dioxane",308,1.0,[c:1]1([C:11](=[O:12])[c:13]2[cH:20][cH:19][c:18]([O:22][CH3:23])[cH:17][cH:21]2)[cH:2][cH:3][cH:4][c:5]2[c:6]1[c:7]([C:14]([OH:15])=[O:16])[cH:10][cH:9][cH:8]2,[c:1]12[cH:2][cH:3][cH:4][c:5]3[c:6]1[c:7]([cH:10][cH:9][cH:8]3)[C:14](=[O:16])[O:15][C:11]2([OH:12])[c:13]1[cH:20][cH:19][c:18]([O:22][CH3:23])[cH:17][cH:21]1,1,1
706,[c:1]1([C:11](=[O:12])[c:13]2[cH:20][cH:19][cH:18][c:17]([C:22]([F:23])([F:24])[F:25])[cH:21]2)[cH:2][cH:3][cH:4][c:5]2[c:6]1[c:7]([C:14]([OH:15])=[O:16])[cH:10][cH:9][cH:8]2>>[c:1]12[cH:2][cH:3][cH:4][c:5]3[c:6]1[c:7]([cH:10][cH:9][cH:8]3)[C:14](=[O:16])[O:15][C:11]2([OH:12])[c:13]1[cH:20][cH:19][cH:18][c:17]([C:22]([F:23])([F:24])[F:25])[cH:21]1,0.49,35,"1,4-dioxane",308,1.0,[c:1]1([C:11](=[O:12])[c:13]2[cH:20][cH:19][cH:18][c:17]([C:22]([F:23])([F:24])[F:25])[cH:21]2)[cH:2][cH:3][cH:4][c:5]2[c:6]1[c:7]([C:14]([OH:15])=[O:16])[cH:10][cH:9][cH:8]2,[c:1]12[cH:2][cH:3][cH:4][c:5]3[c:6]1[c:7]([cH:10][cH:9][cH:8]3)[C:14](=[O:16])[O:15][C:11]2([OH:12])[c:13]1[cH:20][cH:19][cH:18][c:17]([C:22]([F:23])([F:24])[F:25])[cH:21]1,1,1
707,[CH3:1][C:2](=[O:3])[CH2:4][CH2:5][CH2:6][OH:7]>>[CH3:1][C:2]1([OH:3])[CH2:4][CH2:5][CH2:6][O:7]1,-0.23,15,methanesulfinylmethane,288,1.0,[CH3:1][C:2](=[O:3])[CH2:4][CH2:5][CH2:6][OH:7],[CH3:1][C:2]1([OH:3])[CH2:4][CH2:5][CH2:6][O:7]1,1,1
708,[CH3:1][C:2](=[O:3])[CH2:4][CH2:5][CH2:6][OH:7]>>[CH3:1][C:2]1([OH:3])[CH2:4][CH2:5][CH2:6][O:7]1,-0.25,25,methanesulfinylmethane,298,1.0,[CH3:1][C:2](=[O:3])[CH2:4][CH2:5][CH2:6][OH:7],[CH3:1][C:2]1([OH:3])[CH2:4][CH2:5][CH2:6][O:7]1,1,1
709,[CH3:1][C:2](=[O:3])[CH2:4][CH2:5][CH2:6][CH2:7][OH:8]>>[CH3:1][C:2]1([OH:3])[CH2:4][CH2:5][CH2:6][CH2:7][O:8]1,-0.1,15,methanesulfinylmethane,288,1.0,[CH3:1][C:2](=[O:3])[CH2:4][CH2:5][CH2:6][CH2:7][OH:8],[CH3:1][C:2]1([OH:3])[CH2:4][CH2:5][CH2:6][CH2:7][O:8]1,1,1
710,[CH3:1][C:2](=[O:3])[CH2:4][CH2:5][CH2:6][CH2:7][OH:8]>>[CH3:1][C:2]1([OH:3])[CH2:4][CH2:5][CH2:6][CH2:7][O:8]1,-0.155,25,methanesulfinylmethane,298,1.0,[CH3:1][C:2](=[O:3])[CH2:4][CH2:5][CH2:6][CH2:7][OH:8],[CH3:1][C:2]1([OH:3])[CH2:4][CH2:5][CH2:6][CH2:7][O:8]1,1,1
711,[CH3:1][C:2](=[O:3])[CH2:4][CH2:5][CH2:6][CH2:7][OH:8]>>[CH3:1][C:2]1([OH:3])[CH2:4][CH2:5][CH2:6][CH2:7][O:8]1,-0.15,49,methanesulfinylmethane,322,1.0,[CH3:1][C:2](=[O:3])[CH2:4][CH2:5][CH2:6][CH2:7][OH:8],[CH3:1][C:2]1([OH:3])[CH2:4][CH2:5][CH2:6][CH2:7][O:8]1,1,1
712,[CH3:1][C:2](=[O:3])[CH2:4][CH2:5][CH2:6][CH2:7][OH:8]>>[CH3:1][C:2]1([OH:3])[CH2:4][CH2:5][CH2:6][CH2:7][O:8]1,-0.08,37,methanesulfinylmethane,310,1.0,[CH3:1][C:2](=[O:3])[CH2:4][CH2:5][CH2:6][CH2:7][OH:8],[CH3:1][C:2]1([OH:3])[CH2:4][CH2:5][CH2:6][CH2:7][O:8]1,1,1
713,[CH3:1][C:2](=[O:3])[CH2:4][CH2:5][CH2:6][OH:7]>>[CH3:1][C:2]1([OH:3])[CH2:4][CH2:5][CH2:6][O:7]1,-0.19,37,methanesulfinylmethane,310,1.0,[CH3:1][C:2](=[O:3])[CH2:4][CH2:5][CH2:6][OH:7],[CH3:1][C:2]1([OH:3])[CH2:4][CH2:5][CH2:6][O:7]1,1,1
714,[CH3:1][C:2](=[O:3])[C:4]([CH3:5])([CH2:6][C:8](=[O:9])[NH2:10])[CH3:7]>>[CH3:1][C:2]1([OH:3])[C:4]([CH3:5])([CH3:7])[CH2:6][C:8](=[O:9])[NH:10]1,0.52,84,methanesulfinylmethane,357,1.0,[CH3:1][C:2](=[O:3])[C:4]([CH3:5])([CH2:6][C:8](=[O:9])[NH2:10])[CH3:7],[CH3:1][C:2]1([OH:3])[C:4]([CH3:5])([CH3:7])[CH2:6][C:8](=[O:9])[NH:10]1,1,1
715,[CH3:1][C:2](=[O:3])[C:4]([CH3:5])([CH2:6][C:8](=[O:9])[NH:10][c:11]1[cH:13][cH:12][cH:16][cH:15][cH:14]1)[CH3:7]>>[CH3:1][C:2]1([OH:3])[C:4]([CH3:5])([CH3:7])[CH2:6][C:8](=[O:9])[N:10]1[c:11]1[cH:13][cH:12][cH:16][cH:15][cH:14]1,0.62,34,methanesulfinylmethane,307,1.0,[CH3:1][C:2](=[O:3])[C:4]([CH3:5])([CH2:6][C:8](=[O:9])[NH:10][c:11]1[cH:13][cH:12][cH:16][cH:15][cH:14]1)[CH3:7],[CH3:1][C:2]1([OH:3])[C:4]([CH3:5])([CH3:7])[CH2:6][C:8](=[O:9])[N:10]1[c:11]1[cH:13][cH:12][cH:16][cH:15][cH:14]1,1,1
716,[CH3:1][C:2](=[O:3])[C:4]([CH3:5])([CH2:6][C:8](=[O:9])[NH:10][c:11]1[cH:13][cH:12][cH:16][cH:15][cH:14]1)[CH3:7]>>[CH3:1][C:2]1([OH:3])[C:4]([CH3:5])([CH3:7])[CH2:6][C:8](=[O:9])[N:10]1[c:11]1[cH:13][cH:12][cH:16][cH:15][cH:14]1,0.62,34,methanesulfinylmethane,307,1.0,[CH3:1][C:2](=[O:3])[C:4]([CH3:5])([CH2:6][C:8](=[O:9])[NH:10][c:11]1[cH:13][cH:12][cH:16][cH:15][cH:14]1)[CH3:7],[CH3:1][C:2]1([OH:3])[C:4]([CH3:5])([CH3:7])[CH2:6][C:8](=[O:9])[N:10]1[c:11]1[cH:13][cH:12][cH:16][cH:15][cH:14]1,1,1
717,[CH2:1]([CH2:2][CH2:3][CH2:4][CH2:5][CH2:6][CH2:7][CH:8]=[O:9])[OH:10]>>[CH2:1]1[CH2:2][CH2:3][CH2:4][CH2:5][CH2:6][CH2:7][CH:8]([OH:9])[O:10]1,0.77,70,methanesulfinylmethane,343,1.0,[CH2:1]([CH2:2][CH2:3][CH2:4][CH2:5][CH2:6][CH2:7][CH:8]=[O:9])[OH:10],[CH2:1]1[CH2:2][CH2:3][CH2:4][CH2:5][CH2:6][CH2:7][CH:8]([OH:9])[O:10]1,1,1
718,[CH2:1]([CH2:2][CH2:3][CH2:4][CH2:5][CH2:6][CH2:7][CH:8]=[O:9])[CH2:10][OH:11]>>[CH2:1]1[CH2:2][CH2:3][CH2:4][CH2:5][CH2:6][CH2:7][CH:8]([OH:9])[O:11][CH2:10]1,0.72,70,methanesulfinylmethane,343,1.0,[CH2:1]([CH2:2][CH2:3][CH2:4][CH2:5][CH2:6][CH2:7][CH:8]=[O:9])[CH2:10][OH:11],[CH2:1]1[CH2:2][CH2:3][CH2:4][CH2:5][CH2:6][CH2:7][CH:8]([OH:9])[O:11][CH2:10]1,1,1
719,[CH2:1]([CH2:2][CH2:3][CH2:4][CH2:5][CH2:6][CH2:7][CH:8]=[O:9])[CH2:10][CH2:11][OH:12]>>[CH2:1]1[CH2:2][CH2:3][CH2:4][CH2:5][CH2:6][CH2:7][CH:8]([OH:9])[O:12][CH2:11][CH2:10]1,0.37,70,methanesulfinylmethane,343,1.0,[CH2:1]([CH2:2][CH2:3][CH2:4][CH2:5][CH2:6][CH2:7][CH:8]=[O:9])[CH2:10][CH2:11][OH:12],[CH2:1]1[CH2:2][CH2:3][CH2:4][CH2:5][CH2:6][CH2:7][CH:8]([OH:9])[O:12][CH2:11][CH2:10]1,1,1
720,[CH2:1]([CH2:2][CH2:3][CH2:4][CH2:5][CH2:6][CH2:7][CH:8]=[O:9])[CH2:10][CH2:11][CH2:12][OH:13]>>[CH2:1]1[CH2:2][CH2:3][CH2:4][CH2:5][CH2:6][CH2:7][CH:8]([OH:9])[O:13][CH2:12][CH2:11][CH2:10]1,0.72,70,methanesulfinylmethane,343,1.0,[CH2:1]([CH2:2][CH2:3][CH2:4][CH2:5][CH2:6][CH2:7][CH:8]=[O:9])[CH2:10][CH2:11][CH2:12][OH:13],[CH2:1]1[CH2:2][CH2:3][CH2:4][CH2:5][CH2:6][CH2:7][CH:8]([OH:9])[O:13][CH2:12][CH2:11][CH2:10]1,1,1
721,[CH2:1]([CH2:2][CH2:3][CH2:4][CH2:5][CH2:6][CH2:7][CH:8]=[O:9])[CH2:10][CH2:11][CH2:12][CH2:13][OH:14]>>[CH2:1]1[CH2:2][CH2:3][CH2:4][CH2:5][CH2:6][CH2:7][CH:8]([OH:9])[O:14][CH2:13][CH2:12][CH2:11][CH2:10]1,0.16,70,methanesulfinylmethane,343,1.0,[CH2:1]([CH2:2][CH2:3][CH2:4][CH2:5][CH2:6][CH2:7][CH:8]=[O:9])[CH2:10][CH2:11][CH2:12][CH2:13][OH:14],[CH2:1]1[CH2:2][CH2:3][CH2:4][CH2:5][CH2:6][CH2:7][CH:8]([OH:9])[O:14][CH2:13][CH2:12][CH2:11][CH2:10]1,1,1
722,[CH2:1]([CH2:2][CH2:3][CH2:4][CH2:5][CH2:6][CH2:7][CH:8]=[O:9])[CH2:10][CH2:11][CH2:12][CH2:13][CH2:14][OH:15]>>[CH2:1]1[CH2:2][CH2:3][CH2:4][CH2:5][CH2:6][CH2:7][CH:8]([OH:9])[O:15][CH2:14][CH2:13][CH2:12][CH2:11][CH2:10]1,0.33,70,methanesulfinylmethane,343,1.0,[CH2:1]([CH2:2][CH2:3][CH2:4][CH2:5][CH2:6][CH2:7][CH:8]=[O:9])[CH2:10][CH2:11][CH2:12][CH2:13][CH2:14][OH:15],[CH2:1]1[CH2:2][CH2:3][CH2:4][CH2:5][CH2:6][CH2:7][CH:8]([OH:9])[O:15][CH2:14][CH2:13][CH2:12][CH2:11][CH2:10]1,1,1
723,[CH2:1]([CH2:2][CH2:3][CH2:4][CH2:5][CH2:6][CH2:7][CH:8]=[O:9])[CH2:10][CH2:11][CH2:12][CH2:13][CH2:14][CH2:15][CH2:16][OH:17]>>[CH2:1]1[CH2:2][CH2:3][CH2:4][CH2:5][CH2:6][CH2:7][CH:8]([OH:9])[O:17][CH2:16][CH2:15][CH2:14][CH2:13][CH2:12][CH2:11][CH2:10]1,0.48,70,methanesulfinylmethane,343,1.0,[CH2:1]([CH2:2][CH2:3][CH2:4][CH2:5][CH2:6][CH2:7][CH:8]=[O:9])[CH2:10][CH2:11][CH2:12][CH2:13][CH2:14][CH2:15][CH2:16][OH:17],[CH2:1]1[CH2:2][CH2:3][CH2:4][CH2:5][CH2:6][CH2:7][CH:8]([OH:9])[O:17][CH2:16][CH2:15][CH2:14][CH2:13][CH2:12][CH2:11][CH2:10]1,1,1
724,[CH2:1]([CH2:2][CH2:3][CH2:4][CH2:5][CH2:6][CH2:7][CH:8]=[O:9])[CH2:10][CH2:11][CH2:12][CH2:13][CH2:14][CH2:15][CH2:16][CH2:17][CH2:18][OH:19]>>[CH2:1]1[CH2:2][CH2:3][CH2:4][CH2:5][CH2:6][CH2:7][CH:8]([OH:9])[O:19][CH2:18][CH2:17][CH2:16][CH2:15][CH2:14][CH2:13][CH2:12][CH2:11][CH2:10]1,0.27,70,methanesulfinylmethane,343,1.0,[CH2:1]([CH2:2][CH2:3][CH2:4][CH2:5][CH2:6][CH2:7][CH:8]=[O:9])[CH2:10][CH2:11][CH2:12][CH2:13][CH2:14][CH2:15][CH2:16][CH2:17][CH2:18][OH:19],[CH2:1]1[CH2:2][CH2:3][CH2:4][CH2:5][CH2:6][CH2:7][CH:8]([OH:9])[O:19][CH2:18][CH2:17][CH2:16][CH2:15][CH2:14][CH2:13][CH2:12][CH2:11][CH2:10]1,1,1
725,[CH3:1][C:2](=[O:3])[CH2:4][CH2:5][CH2:6][CH2:7][OH:8]>>[CH3:1][C:2]1([OH:3])[CH2:4][CH2:5][CH2:6][CH2:7][O:8]1,-0.09,25,trichloromethane,298,1.0,[CH3:1][C:2](=[O:3])[CH2:4][CH2:5][CH2:6][CH2:7][OH:8],[CH3:1][C:2]1([OH:3])[CH2:4][CH2:5][CH2:6][CH2:7][O:8]1,1,1
726,[CH3:1][C:2](=[O:3])[CH2:4][CH2:5][CH2:6][OH:7]>>[CH3:1][C:2]1([OH:3])[CH2:4][CH2:5][CH2:6][O:7]1,-0.13,25,trichloromethane,298,1.0,[CH3:1][C:2](=[O:3])[CH2:4][CH2:5][CH2:6][OH:7],[CH3:1][C:2]1([OH:3])[CH2:4][CH2:5][CH2:6][O:7]1,1,1
727,[CH3:1][C:2](=[O:3])[C:4]([CH3:5])([CH2:6][C:8](=[O:9])[NH:10][c:11]1[cH:13][cH:12][c:16]([N+:17]([O-:18])=[O:19])[cH:15][cH:14]1)[CH3:7]>>[CH3:1][C:2]1([OH:3])[C:4]([CH3:5])([CH3:7])[CH2:6][C:8](=[O:9])[N:10]1[c:11]1[cH:13][cH:12][c:16]([N+:17]([O-:18])=[O:19])[cH:15][cH:14]1,-0.54,34,trichloromethane,307,1.0,[CH3:1][C:2](=[O:3])[C:4]([CH3:5])([CH2:6][C:8](=[O:9])[NH:10][c:11]1[cH:13][cH:12][c:16]([N+:17]([O-:18])=[O:19])[cH:15][cH:14]1)[CH3:7],[CH3:1][C:2]1([OH:3])[C:4]([CH3:5])([CH3:7])[CH2:6][C:8](=[O:9])[N:10]1[c:11]1[cH:13][cH:12][c:16]([N+:17]([O-:18])=[O:19])[cH:15][cH:14]1,1,1
728,[CH3:1][C:2](=[O:3])[C:4]([CH3:5])([CH2:6][C:8](=[O:9])[NH:10][c:11]1[cH:13][cH:12][cH:16][cH:15][cH:14]1)[CH3:7]>>[CH3:1][C:2]1([OH:3])[C:4]([CH3:5])([CH3:7])[CH2:6][C:8](=[O:9])[N:10]1[c:11]1[cH:13][cH:12][cH:16][cH:15][cH:14]1,-0.49,34,trichloromethane,307,1.0,[CH3:1][C:2](=[O:3])[C:4]([CH3:5])([CH2:6][C:8](=[O:9])[NH:10][c:11]1[cH:13][cH:12][cH:16][cH:15][cH:14]1)[CH3:7],[CH3:1][C:2]1([OH:3])[C:4]([CH3:5])([CH3:7])[CH2:6][C:8](=[O:9])[N:10]1[c:11]1[cH:13][cH:12][cH:16][cH:15][cH:14]1,1,1
729,[CH3:1][C:2](=[O:3])[CH2:4][CH2:5][CH2:6][CH2:7][OH:8]>>[CH3:1][C:2]1([OH:3])[CH2:4][CH2:5][CH2:6][CH2:7][O:8]1,-0.07,37,trichloromethane,310,1.0,[CH3:1][C:2](=[O:3])[CH2:4][CH2:5][CH2:6][CH2:7][OH:8],[CH3:1][C:2]1([OH:3])[CH2:4][CH2:5][CH2:6][CH2:7][O:8]1,1,1
730,[CH3:1][C:2](=[O:3])[CH2:4][CH2:5][CH2:6][OH:7]>>[CH3:1][C:2]1([OH:3])[CH2:4][CH2:5][CH2:6][O:7]1,-0.09,37,trichloromethane,310,1.0,[CH3:1][C:2](=[O:3])[CH2:4][CH2:5][CH2:6][OH:7],[CH3:1][C:2]1([OH:3])[CH2:4][CH2:5][CH2:6][O:7]1,1,1
731,[cH:1]1[cH:2][cH:3][cH:4][c:5](/[CH:8]=[N:9]/[CH2:10][c:11]2[cH:12][cH:16][cH:15][cH:14][cH:13]2)[c:6]1[OH:7]>>[cH:1]1[cH:2][cH:3][cH:4][c:5]2[c:6]1[O:7][CH:10]([c:11]1[cH:12][cH:16][cH:15][cH:14][cH:13]1)[NH:9][CH2:8]2,-0.72,35,trichloromethane,308,1.0,[cH:1]1[cH:2][cH:3][cH:4][c:5](/[CH:8]=[N:9]/[CH2:10][c:11]2[cH:12][cH:16][cH:15][cH:14][cH:13]2)[c:6]1[OH:7],[cH:1]1[cH:2][cH:3][cH:4][c:5]2[c:6]1[O:7][CH:10]([c:11]1[cH:12][cH:16][cH:15][cH:14][cH:13]1)[NH:9][CH2:8]2,1,1
732,[cH:1]1[cH:2][cH:3][cH:4][c:5](/[CH:8]=[N:9]/[CH2:10][c:11]2[cH:12][cH:16][c:15]([CH:17]([CH3:18])[CH3:19])[cH:14][cH:13]2)[c:6]1[OH:7]>>[cH:1]1[cH:2][cH:3][cH:4][c:5]2[c:6]1[O:7][CH:10]([c:11]1[cH:12][cH:16][c:15]([CH:17]([CH3:18])[CH3:19])[cH:14][cH:13]1)[NH:9][CH2:8]2,-0.95,35,trichloromethane,308,1.0,[cH:1]1[cH:2][cH:3][cH:4][c:5](/[CH:8]=[N:9]/[CH2:10][c:11]2[cH:12][cH:16][c:15]([CH:17]([CH3:18])[CH3:19])[cH:14][cH:13]2)[c:6]1[OH:7],[cH:1]1[cH:2][cH:3][cH:4][c:5]2[c:6]1[O:7][CH:10]([c:11]1[cH:12][cH:16][c:15]([CH:17]([CH3:18])[CH3:19])[cH:14][cH:13]1)[NH:9][CH2:8]2,1,1
733,[cH:1]1[cH:2][cH:3][cH:4][c:5](/[CH:8]=[N:9]/[CH2:10][c:11]2[cH:12][cH:16][c:15]([Br:17])[cH:14][cH:13]2)[c:6]1[OH:7]>>[cH:1]1[cH:2][cH:3][cH:4][c:5]2[c:6]1[O:7][CH:10]([c:11]1[cH:12][cH:16][c:15]([Br:17])[cH:14][cH:13]1)[NH:9][CH2:8]2,-0.6,35,trichloromethane,308,1.0,[cH:1]1[cH:2][cH:3][cH:4][c:5](/[CH:8]=[N:9]/[CH2:10][c:11]2[cH:12][cH:16][c:15]([Br:17])[cH:14][cH:13]2)[c:6]1[OH:7],[cH:1]1[cH:2][cH:3][cH:4][c:5]2[c:6]1[O:7][CH:10]([c:11]1[cH:12][cH:16][c:15]([Br:17])[cH:14][cH:13]1)[NH:9][CH2:8]2,1,1
734,[cH:1]1[cH:2][cH:3][cH:4][c:5](/[CH:8]=[N:9]/[CH2:10][c:11]2[cH:12][cH:16][c:15]([N+:17]([O-:18])=[O:19])[cH:14][cH:13]2)[c:6]1[OH:7]>>[cH:1]1[cH:2][cH:3][cH:4][c:5]2[c:6]1[O:7][CH:10]([c:11]1[cH:12][cH:16][c:15]([N+:17]([O-:18])=[O:19])[cH:14][cH:13]1)[NH:9][CH2:8]2,0.02,35,trichloromethane,308,1.0,[cH:1]1[cH:2][cH:3][cH:4][c:5](/[CH:8]=[N:9]/[CH2:10][c:11]2[cH:12][cH:16][c:15]([N+:17]([O-:18])=[O:19])[cH:14][cH:13]2)[c:6]1[OH:7],[cH:1]1[cH:2][cH:3][cH:4][c:5]2[c:6]1[O:7][CH:10]([c:11]1[cH:12][cH:16][c:15]([N+:17]([O-:18])=[O:19])[cH:14][cH:13]1)[NH:9][CH2:8]2,1,1
735,[cH:1]1[cH:2][cH:3][cH:4][c:5](/[CH:8]=[N:9]/[CH2:10][c:11]2[cH:12][c:16]([N+:17](=[O:18])[O-:19])[cH:15][cH:14][cH:13]2)[c:6]1[OH:7]>>[cH:1]1[cH:2][cH:3][cH:4][c:5]2[c:6]1[O:7][CH:10]([c:11]1[cH:12][c:16]([N+:17](=[O:18])[O-:19])[cH:15][cH:14][cH:13]1)[NH:9][CH2:8]2,-0.02,35,trichloromethane,308,1.0,[cH:1]1[cH:2][cH:3][cH:4][c:5](/[CH:8]=[N:9]/[CH2:10][c:11]2[cH:12][c:16]([N+:17](=[O:18])[O-:19])[cH:15][cH:14][cH:13]2)[c:6]1[OH:7],[cH:1]1[cH:2][cH:3][cH:4][c:5]2[c:6]1[O:7][CH:10]([c:11]1[cH:12][c:16]([N+:17](=[O:18])[O-:19])[cH:15][cH:14][cH:13]1)[NH:9][CH2:8]2,1,1
736,[CH3:1][C:2](=[O:3])[CH2:4][CH2:5][CH2:6][OH:7]>>[CH3:1][C:2]1([OH:3])[CH2:4][CH2:5][CH2:6][O:7]1,-0.13,37,tetrachloromethane,310,1.0,[CH3:1][C:2](=[O:3])[CH2:4][CH2:5][CH2:6][OH:7],[CH3:1][C:2]1([OH:3])[CH2:4][CH2:5][CH2:6][O:7]1,1,1
737,[CH3:1][C:2](=[O:3])[CH2:4][CH2:5][CH2:6][CH2:7][OH:8]>>[CH3:1][C:2]1([OH:3])[CH2:4][CH2:5][CH2:6][CH2:7][O:8]1,-0.02,25,tetrachloromethane,298,1.0,[CH3:1][C:2](=[O:3])[CH2:4][CH2:5][CH2:6][CH2:7][OH:8],[CH3:1][C:2]1([OH:3])[CH2:4][CH2:5][CH2:6][CH2:7][O:8]1,1,1
738,[cH:1]1[cH:2][cH:3][cH:4][c:5](/[CH:8]=[N:9]/[CH2:10][c:11]2[cH:12][c:16]([CH:17]([CH3:18])[CH3:19])[cH:15][cH:14][cH:13]2)[c:6]1[OH:7]>>[cH:1]1[cH:2][cH:3][cH:4][c:5]2[c:6]1[O:7][CH:10]([c:11]1[cH:12][c:16]([CH:17]([CH3:18])[CH3:19])[cH:15][cH:14][cH:13]1)[NH:9][CH2:8]2,-0.82,35,tetrachloromethane,308,1.0,[cH:1]1[cH:2][cH:3][cH:4][c:5](/[CH:8]=[N:9]/[CH2:10][c:11]2[cH:12][c:16]([CH:17]([CH3:18])[CH3:19])[cH:15][cH:14][cH:13]2)[c:6]1[OH:7],[cH:1]1[cH:2][cH:3][cH:4][c:5]2[c:6]1[O:7][CH:10]([c:11]1[cH:12][c:16]([CH:17]([CH3:18])[CH3:19])[cH:15][cH:14][cH:13]1)[NH:9][CH2:8]2,1,1
